rank,gene,family,article_count,mention_count,categories,category_count
1,TRP,Other,418,1096,Acid-sensing ion channels; Chloride and anion channels; Gap junction mechanosensitivity; Integrin mechanotransduction; Inward rectifier potassium channels; Lipid-mediated mechanotransduction; Mechanosensitive ion channels; Mechanotransduction signaling; Natriuretic peptide signaling; TRP channels; Two-pore potassium channels (K2P); Ultrasound neuromodulation mechanisms; Voltage-gated calcium channels; Voltage-gated sodium channels,14
2,TRPV1,TRP,403,2344,Acid-sensing ion channels; Chloride and anion channels; Gap junction mechanosensitivity; Integrin mechanotransduction; Inward rectifier potassium channels; Lipid-mediated mechanotransduction; Mechanosensitive ion channels; Mechanotransduction signaling; Natriuretic peptide signaling; TRP channels; Two-pore potassium channels (K2P); Ultrasound neuromodulation mechanisms; Voltage-gated calcium channels; Voltage-gated sodium channels,14
3,DRG,Other,330,1335,Acid-sensing ion channels; Chloride and anion channels; Gap junction mechanosensitivity; Integrin mechanotransduction; Inward rectifier potassium channels; Lipid-mediated mechanotransduction; Mechanosensitive ion channels; Mechanotransduction signaling; Natriuretic peptide signaling; TRP channels; Two-pore potassium channels (K2P); Ultrasound neuromodulation mechanisms; Voltage-gated calcium channels; Voltage-gated sodium channels,14
4,PIEZO1,Piezo,325,2162,Acid-sensing ion channels; Chloride and anion channels; Gap junction mechanosensitivity; Integrin mechanotransduction; Lipid-mediated mechanotransduction; Mechanosensitive ion channels; Mechanotransduction signaling; TRP channels; Two-pore potassium channels (K2P); Ultrasound neuromodulation mechanisms; Voltage-gated sodium channels,11
5,BNP,Other,291,1374,Gap junction mechanosensitivity; Integrin mechanotransduction; Lipid-mediated mechanotransduction; Natriuretic peptide signaling; TRP channels; Voltage-gated calcium channels; Voltage-gated sodium channels,7
6,TRPV4,TRP,272,1916,Acid-sensing ion channels; Chloride and anion channels; Gap junction mechanosensitivity; Integrin mechanotransduction; Inward rectifier potassium channels; Lipid-mediated mechanotransduction; Mechanosensitive ion channels; Mechanotransduction signaling; Natriuretic peptide signaling; TRP channels; Two-pore potassium channels (K2P); Ultrasound neuromodulation mechanisms; Voltage-gated sodium channels,13
7,ASIC,Other,259,746,Acid-sensing ion channels; Integrin mechanotransduction; Mechanosensitive ion channels; Mechanotransduction signaling; Natriuretic peptide signaling; TRP channels; Two-pore potassium channels (K2P); Ultrasound neuromodulation mechanisms,8
8,CAV1,Caveolin,251,401,Chloride and anion channels; Integrin mechanotransduction; Lipid-mediated mechanotransduction; Mechanosensitive ion channels; Mechanotransduction signaling; TRP channels; Voltage-gated calcium channels; Voltage-gated sodium channels,8
9,CX43,Connexin,248,530,Chloride and anion channels; Gap junction mechanosensitivity; Inward rectifier potassium channels; Mechanotransduction signaling; Natriuretic peptide signaling; TRP channels; Two-pore potassium channels (K2P); Ultrasound neuromodulation mechanisms; Voltage-gated calcium channels; Voltage-gated sodium channels,10
10,TREK,Other,243,2505,Chloride and anion channels; Gap junction mechanosensitivity; Integrin mechanotransduction; Inward rectifier potassium channels; Lipid-mediated mechanotransduction; Mechanosensitive ion channels; Mechanotransduction signaling; TRP channels; Two-pore potassium channels (K2P); Ultrasound neuromodulation mechanisms; Voltage-gated calcium channels; Voltage-gated sodium channels,12
11,ANP,Other,233,1117,Integrin mechanotransduction; Lipid-mediated mechanotransduction; Mechanosensitive ion channels; Natriuretic peptide signaling; Voltage-gated calcium channels; Voltage-gated sodium channels,6
12,KCNK2,K2P,225,634,Acid-sensing ion channels; Chloride and anion channels; Gap junction mechanosensitivity; Integrin mechanotransduction; Inward rectifier potassium channels; Lipid-mediated mechanotransduction; Mechanosensitive ion channels; Mechanotransduction signaling; TRP channels; Two-pore potassium channels (K2P); Ultrasound neuromodulation mechanisms; Voltage-gated calcium channels; Voltage-gated sodium channels,13
13,NPR,Other,218,1233,Lipid-mediated mechanotransduction; Natriuretic peptide signaling; Voltage-gated calcium channels,3
14,TRPA1,TRP,202,1098,Acid-sensing ion channels; Chloride and anion channels; Gap junction mechanosensitivity; Lipid-mediated mechanotransduction; Mechanosensitive ion channels; Mechanotransduction signaling; Natriuretic peptide signaling; TRP channels; Two-pore potassium channels (K2P); Ultrasound neuromodulation mechanisms; Voltage-gated calcium channels; Voltage-gated sodium channels,12
15,GJA1,Connexin,198,736,Chloride and anion channels; Gap junction mechanosensitivity; Integrin mechanotransduction; Inward rectifier potassium channels; Lipid-mediated mechanotransduction; Mechanosensitive ion channels; Mechanotransduction signaling; TRP channels; Ultrasound neuromodulation mechanisms; Voltage-gated calcium channels; Voltage-gated sodium channels,11
16,PKD,Other,180,493,Inward rectifier potassium channels; Lipid-mediated mechanotransduction; Mechanotransduction signaling; Natriuretic peptide signaling; TRP channels,5
17,PLD,Other,178,850,Lipid-mediated mechanotransduction; TRP channels; Two-pore potassium channels (K2P),3
18,ADPKD,Other,178,568,Gap junction mechanosensitivity; Mechanosensitive ion channels; Mechanotransduction signaling; TRP channels,4
19,KCNJ10,Kir,175,607,Chloride and anion channels; Gap junction mechanosensitivity; Inward rectifier potassium channels; TRP channels; Two-pore potassium channels (K2P),5
20,CAV3,Caveolin,168,277,Inward rectifier potassium channels; Lipid-mediated mechanotransduction; Mechanosensitive ion channels; Mechanotransduction signaling; TRP channels; Voltage-gated calcium channels; Voltage-gated sodium channels,7
21,KIR4.1,Other,168,255,Chloride and anion channels; Gap junction mechanosensitivity; Inward rectifier potassium channels; TRP channels; Two-pore potassium channels (K2P),5
22,ASIC1A,ASIC,162,235,Acid-sensing ion channels; Mechanotransduction signaling; TRP channels; Two-pore potassium channels (K2P); Voltage-gated sodium channels,5
23,ECM,Other,158,516,Acid-sensing ion channels; Chloride and anion channels; Gap junction mechanosensitivity; Integrin mechanotransduction; Inward rectifier potassium channels; Lipid-mediated mechanotransduction; Mechanosensitive ion channels; Mechanotransduction signaling; Natriuretic peptide signaling; TRP channels; Two-pore potassium channels (K2P); Ultrasound neuromodulation mechanisms; Voltage-gated calcium channels; Voltage-gated sodium channels,14
24,PKD1,TRP,155,529,Gap junction mechanosensitivity; Lipid-mediated mechanotransduction; Mechanotransduction signaling; TRP channels,4
25,PANX1,Connexin,155,438,Chloride and anion channels; Gap junction mechanosensitivity; Mechanosensitive ion channels; Mechanotransduction signaling; TRP channels; Ultrasound neuromodulation mechanisms; Voltage-gated calcium channels,7
26,TNF,Other,148,327,Acid-sensing ion channels; Chloride and anion channels; Gap junction mechanosensitivity; Integrin mechanotransduction; Inward rectifier potassium channels; Lipid-mediated mechanotransduction; Mechanosensitive ion channels; Mechanotransduction signaling; Natriuretic peptide signaling; TRP channels; Two-pore potassium channels (K2P); Ultrasound neuromodulation mechanisms; Voltage-gated calcium channels; Voltage-gated sodium channels,14
27,GFAP,Other,147,626,Acid-sensing ion channels; Chloride and anion channels; Gap junction mechanosensitivity; Integrin mechanotransduction; Inward rectifier potassium channels; Lipid-mediated mechanotransduction; Mechanosensitive ion channels; Mechanotransduction signaling; Natriuretic peptide signaling; TRP channels; Two-pore potassium channels (K2P); Ultrasound neuromodulation mechanisms; Voltage-gated calcium channels; Voltage-gated sodium channels,14
28,BEST1,Chloride,147,611,Chloride and anion channels; Gap junction mechanosensitivity; Inward rectifier potassium channels; Two-pore potassium channels (K2P),4
29,TASK,Other,140,1418,Acid-sensing ion channels; Gap junction mechanosensitivity; Inward rectifier potassium channels; Lipid-mediated mechanotransduction; Mechanosensitive ion channels; Natriuretic peptide signaling; Two-pore potassium channels (K2P),7
30,TWIK,Other,140,666,Chloride and anion channels; Inward rectifier potassium channels; Lipid-mediated mechanotransduction; Mechanosensitive ion channels; Mechanotransduction signaling; TRP channels; Two-pore potassium channels (K2P); Ultrasound neuromodulation mechanisms; Voltage-gated calcium channels,9
31,CNP,Other,137,843,Gap junction mechanosensitivity; Integrin mechanotransduction; Natriuretic peptide signaling; Voltage-gated calcium channels,4
32,CA1,Other,134,369,Acid-sensing ion channels; Chloride and anion channels; Gap junction mechanosensitivity; Integrin mechanotransduction; Inward rectifier potassium channels; Lipid-mediated mechanotransduction; Mechanosensitive ion channels; Mechanotransduction signaling; Natriuretic peptide signaling; TRP channels; Two-pore potassium channels (K2P); Ultrasound neuromodulation mechanisms; Voltage-gated calcium channels; Voltage-gated sodium channels,14
33,PIEZO2,Piezo,132,971,Acid-sensing ion channels; Integrin mechanotransduction; Lipid-mediated mechanotransduction; Mechanosensitive ion channels; Mechanotransduction signaling; TRP channels; Two-pore potassium channels (K2P); Ultrasound neuromodulation mechanisms; Voltage-gated sodium channels,9
34,GBM,Other,129,768,Acid-sensing ion channels; Chloride and anion channels; Gap junction mechanosensitivity; Integrin mechanotransduction; Inward rectifier potassium channels; Lipid-mediated mechanotransduction; Mechanosensitive ion channels; Mechanotransduction signaling; Natriuretic peptide signaling; TRP channels; Ultrasound neuromodulation mechanisms; Voltage-gated calcium channels; Voltage-gated sodium channels,13
35,PKD2,TRP,121,342,Lipid-mediated mechanotransduction; Mechanotransduction signaling; TRP channels; Two-pore potassium channels (K2P); Voltage-gated sodium channels,5
36,ASIC3,ASIC,113,613,Acid-sensing ion channels; Gap junction mechanosensitivity; Lipid-mediated mechanotransduction; Mechanosensitive ion channels; Mechanotransduction signaling; TRP channels; Two-pore potassium channels (K2P); Voltage-gated sodium channels,8
37,III,Other,111,218,Acid-sensing ion channels; Chloride and anion channels; Gap junction mechanosensitivity; Integrin mechanotransduction; Inward rectifier potassium channels; Lipid-mediated mechanotransduction; Mechanosensitive ion channels; Natriuretic peptide signaling; TRP channels; Two-pore potassium channels (K2P); Ultrasound neuromodulation mechanisms; Voltage-gated calcium channels; Voltage-gated sodium channels,13
38,KCNK3,K2P,106,256,Acid-sensing ion channels; Chloride and anion channels; Gap junction mechanosensitivity; Inward rectifier potassium channels; Natriuretic peptide signaling; TRP channels; Two-pore potassium channels (K2P),7
39,VRAC,Other,100,995,Chloride and anion channels; Gap junction mechanosensitivity; Inward rectifier potassium channels; Lipid-mediated mechanotransduction; Mechanosensitive ion channels; Mechanotransduction signaling; TRP channels; Two-pore potassium channels (K2P),8
40,ERK,Other,99,251,Acid-sensing ion channels; Chloride and anion channels; Gap junction mechanosensitivity; Integrin mechanotransduction; Inward rectifier potassium channels; Lipid-mediated mechanotransduction; Mechanosensitive ion channels; Mechanotransduction signaling; Natriuretic peptide signaling; TRP channels; Ultrasound neuromodulation mechanisms; Voltage-gated calcium channels; Voltage-gated sodium channels,13
41,MAPK,Other,95,226,Acid-sensing ion channels; Chloride and anion channels; Gap junction mechanosensitivity; Integrin mechanotransduction; Inward rectifier potassium channels; Lipid-mediated mechanotransduction; Mechanosensitive ion channels; Mechanotransduction signaling; Natriuretic peptide signaling; TRP channels; Two-pore potassium channels (K2P); Ultrasound neuromodulation mechanisms; Voltage-gated calcium channels; Voltage-gated sodium channels,14
42,ROS,Other,93,241,Acid-sensing ion channels; Chloride and anion channels; Gap junction mechanosensitivity; Integrin mechanotransduction; Inward rectifier potassium channels; Lipid-mediated mechanotransduction; Mechanosensitive ion channels; Mechanotransduction signaling; Natriuretic peptide signaling; TRP channels; Two-pore potassium channels (K2P); Ultrasound neuromodulation mechanisms; Voltage-gated calcium channels; Voltage-gated sodium channels,14
43,PI3K,Other,90,349,Acid-sensing ion channels; Chloride and anion channels; Gap junction mechanosensitivity; Integrin mechanotransduction; Inward rectifier potassium channels; Lipid-mediated mechanotransduction; Mechanosensitive ion channels; Mechanotransduction signaling; Natriuretic peptide signaling; TRP channels; Two-pore potassium channels (K2P); Ultrasound neuromodulation mechanisms; Voltage-gated calcium channels,13
44,PKC,Other,90,325,Acid-sensing ion channels; Chloride and anion channels; Gap junction mechanosensitivity; Integrin mechanotransduction; Inward rectifier potassium channels; Lipid-mediated mechanotransduction; Mechanosensitive ion channels; Mechanotransduction signaling; Natriuretic peptide signaling; TRP channels; Two-pore potassium channels (K2P); Voltage-gated calcium channels; Voltage-gated sodium channels,13
45,LPS,Other,89,370,Acid-sensing ion channels; Chloride and anion channels; Gap junction mechanosensitivity; Integrin mechanotransduction; Inward rectifier potassium channels; Lipid-mediated mechanotransduction; Mechanosensitive ion channels; Mechanotransduction signaling; Natriuretic peptide signaling; TRP channels; Two-pore potassium channels (K2P); Ultrasound neuromodulation mechanisms; Voltage-gated calcium channels; Voltage-gated sodium channels,14
46,CACNA1H,Cav,89,305,Lipid-mediated mechanotransduction; TRP channels; Two-pore potassium channels (K2P); Voltage-gated calcium channels; Voltage-gated sodium channels,5
47,BDNF,Other,86,529,Acid-sensing ion channels; Gap junction mechanosensitivity; Integrin mechanotransduction; Inward rectifier potassium channels; Lipid-mediated mechanotransduction; Mechanosensitive ion channels; Mechanotransduction signaling; Natriuretic peptide signaling; TRP channels; Two-pore potassium channels (K2P); Ultrasound neuromodulation mechanisms; Voltage-gated calcium channels; Voltage-gated sodium channels,13
48,KCNK9,K2P,86,190,Acid-sensing ion channels; Chloride and anion channels; Inward rectifier potassium channels; Two-pore potassium channels (K2P),4
49,AQP4,Other,82,475,Chloride and anion channels; Gap junction mechanosensitivity; Integrin mechanotransduction; Inward rectifier potassium channels; Lipid-mediated mechanotransduction; Mechanosensitive ion channels; Mechanotransduction signaling; TRP channels; Two-pore potassium channels (K2P); Ultrasound neuromodulation mechanisms; Voltage-gated sodium channels,11
50,KCNK10,K2P,82,241,Acid-sensing ion channels; Chloride and anion channels; Inward rectifier potassium channels; Lipid-mediated mechanotransduction; Mechanosensitive ion channels; Mechanotransduction signaling; TRP channels; Two-pore potassium channels (K2P); Ultrasound neuromodulation mechanisms; Voltage-gated sodium channels,10
51,TTX,Other,82,199,Acid-sensing ion channels; Chloride and anion channels; Gap junction mechanosensitivity; Inward rectifier potassium channels; Mechanosensitive ion channels; Mechanotransduction signaling; Natriuretic peptide signaling; TRP channels; Two-pore potassium channels (K2P); Voltage-gated calcium channels; Voltage-gated sodium channels,11
52,RPE,Other,81,437,Chloride and anion channels; Integrin mechanotransduction; Lipid-mediated mechanotransduction; Natriuretic peptide signaling; Ultrasound neuromodulation mechanisms,5
53,CGRP,Other,81,302,Acid-sensing ion channels; Chloride and anion channels; Gap junction mechanosensitivity; Integrin mechanotransduction; Lipid-mediated mechanotransduction; Mechanosensitive ion channels; Mechanotransduction signaling; Natriuretic peptide signaling; TRP channels; Two-pore potassium channels (K2P); Ultrasound neuromodulation mechanisms; Voltage-gated calcium channels; Voltage-gated sodium channels,13
54,TRPM8,TRP,79,332,Acid-sensing ion channels; Chloride and anion channels; Gap junction mechanosensitivity; Lipid-mediated mechanotransduction; Mechanosensitive ion channels; Mechanotransduction signaling; Natriuretic peptide signaling; TRP channels; Two-pore potassium channels (K2P); Voltage-gated calcium channels; Voltage-gated sodium channels,11
55,NAV1.7,Other,78,98,Acid-sensing ion channels; Mechanosensitive ion channels; TRP channels; Voltage-gated calcium channels; Voltage-gated sodium channels,5
56,KCNK4,K2P,76,407,Acid-sensing ion channels; Chloride and anion channels; Lipid-mediated mechanotransduction; Mechanosensitive ion channels; Mechanotransduction signaling; TRP channels; Two-pore potassium channels (K2P); Ultrasound neuromodulation mechanisms; Voltage-gated sodium channels,9
57,CAV3.2,Caveolin,76,121,Lipid-mediated mechanotransduction; TRP channels; Voltage-gated calcium channels; Voltage-gated sodium channels,4
58,TRAAK,Other,75,613,Acid-sensing ion channels; Chloride and anion channels; Lipid-mediated mechanotransduction; Mechanosensitive ion channels; Mechanotransduction signaling; TRP channels; Two-pore potassium channels (K2P); Ultrasound neuromodulation mechanisms; Voltage-gated sodium channels,9
59,TGF,Other,72,202,Acid-sensing ion channels; Chloride and anion channels; Gap junction mechanosensitivity; Integrin mechanotransduction; Inward rectifier potassium channels; Lipid-mediated mechanotransduction; Mechanosensitive ion channels; Mechanotransduction signaling; Natriuretic peptide signaling; TRP channels; Two-pore potassium channels (K2P); Ultrasound neuromodulation mechanisms; Voltage-gated calcium channels; Voltage-gated sodium channels,14
60,LVA,Other,71,231,Inward rectifier potassium channels; Voltage-gated calcium channels; Voltage-gated sodium channels,3
61,ASIC1,ASIC,67,299,Acid-sensing ion channels; Mechanosensitive ion channels; TRP channels,3
62,PKA,Other,67,228,Acid-sensing ion channels; Chloride and anion channels; Gap junction mechanosensitivity; Integrin mechanotransduction; Inward rectifier potassium channels; Lipid-mediated mechanotransduction; Mechanosensitive ion channels; Mechanotransduction signaling; Natriuretic peptide signaling; TRP channels; Two-pore potassium channels (K2P); Ultrasound neuromodulation mechanisms; Voltage-gated calcium channels; Voltage-gated sodium channels,14
63,NAV1.8,Other,65,82,Acid-sensing ion channels; Gap junction mechanosensitivity; Lipid-mediated mechanotransduction; Mechanosensitive ion channels; Mechanotransduction signaling; TRP channels; Two-pore potassium channels (K2P); Voltage-gated sodium channels,8
64,AKT,Other,62,170,Acid-sensing ion channels; Chloride and anion channels; Gap junction mechanosensitivity; Integrin mechanotransduction; Inward rectifier potassium channels; Lipid-mediated mechanotransduction; Mechanosensitive ion channels; Mechanotransduction signaling; Natriuretic peptide signaling; TRP channels; Two-pore potassium channels (K2P); Ultrasound neuromodulation mechanisms; Voltage-gated calcium channels; Voltage-gated sodium channels,14
65,KCNJ2,Kir,61,202,Inward rectifier potassium channels; Lipid-mediated mechanotransduction; TRP channels; Two-pore potassium channels (K2P),4
66,HEK,Other,61,101,Acid-sensing ion channels; Chloride and anion channels; Gap junction mechanosensitivity; Lipid-mediated mechanotransduction; Mechanosensitive ion channels; Mechanotransduction signaling; Natriuretic peptide signaling; TRP channels; Two-pore potassium channels (K2P); Voltage-gated calcium channels; Voltage-gated sodium channels,11
67,SCN1A,Nav,60,202,Acid-sensing ion channels; Two-pore potassium channels (K2P); Voltage-gated calcium channels; Voltage-gated sodium channels,4
68,KIR2.1,Other,58,88,Inward rectifier potassium channels; Lipid-mediated mechanotransduction; TRP channels; Two-pore potassium channels (K2P),4
69,TREK1,Other,57,660,Acid-sensing ion channels; Chloride and anion channels; Inward rectifier potassium channels; Lipid-mediated mechanotransduction; Mechanosensitive ion channels; Mechanotransduction signaling; Two-pore potassium channels (K2P),7
70,PLC,Other,57,233,Acid-sensing ion channels; Chloride and anion channels; Gap junction mechanosensitivity; Integrin mechanotransduction; Inward rectifier potassium channels; Lipid-mediated mechanotransduction; Mechanosensitive ion channels; Mechanotransduction signaling; Natriuretic peptide signaling; TRP channels; Two-pore potassium channels (K2P); Voltage-gated calcium channels,12
71,TRPV,Other,57,119,Chloride and anion channels; Gap junction mechanosensitivity; Inward rectifier potassium channels; Lipid-mediated mechanotransduction; Mechanosensitive ion channels; Mechanotransduction signaling; Natriuretic peptide signaling; TRP channels; Two-pore potassium channels (K2P),9
72,PLD1,Phospholipase,56,333,Lipid-mediated mechanotransduction; Two-pore potassium channels (K2P),2
73,SCI,Other,55,329,Acid-sensing ion channels; Gap junction mechanosensitivity; Integrin mechanotransduction; Inward rectifier potassium channels; Lipid-mediated mechanotransduction; Mechanosensitive ion channels; Mechanotransduction signaling; Natriuretic peptide signaling; TRP channels; Two-pore potassium channels (K2P); Ultrasound neuromodulation mechanisms; Voltage-gated calcium channels; Voltage-gated sodium channels,13
74,TBI,Other,55,303,Chloride and anion channels; Gap junction mechanosensitivity; Integrin mechanotransduction; Inward rectifier potassium channels; Lipid-mediated mechanotransduction; Mechanosensitive ion channels; Mechanotransduction signaling; Natriuretic peptide signaling; TRP channels; Two-pore potassium channels (K2P); Ultrasound neuromodulation mechanisms; Voltage-gated calcium channels; Voltage-gated sodium channels,13
75,NAPE,Other,55,240,Lipid-mediated mechanotransduction; TRP channels,2
76,CACNA1G,Cav,55,195,Lipid-mediated mechanotransduction; Voltage-gated calcium channels; Voltage-gated sodium channels,3
77,YAP,Other,54,213,Gap junction mechanosensitivity; Integrin mechanotransduction; Lipid-mediated mechanotransduction; Mechanosensitive ion channels; Mechanotransduction signaling; TRP channels; Ultrasound neuromodulation mechanisms,7
78,ASIC2,ASIC,53,331,Acid-sensing ion channels; Lipid-mediated mechanotransduction; Mechanosensitive ion channels; Mechanotransduction signaling; TRP channels,5
79,ERK1,Other,53,138,Chloride and anion channels; Gap junction mechanosensitivity; Integrin mechanotransduction; Inward rectifier potassium channels; Lipid-mediated mechanotransduction; Mechanotransduction signaling; Natriuretic peptide signaling; TRP channels; Two-pore potassium channels (K2P); Ultrasound neuromodulation mechanisms; Voltage-gated calcium channels; Voltage-gated sodium channels,12
80,FOS,Other,53,86,Acid-sensing ion channels; Chloride and anion channels; Gap junction mechanosensitivity; Integrin mechanotransduction; Inward rectifier potassium channels; Lipid-mediated mechanotransduction; Mechanosensitive ion channels; Mechanotransduction signaling; Natriuretic peptide signaling; TRP channels; Two-pore potassium channels (K2P); Ultrasound neuromodulation mechanisms; Voltage-gated calcium channels; Voltage-gated sodium channels,14
81,TMEM16A,Other,52,214,Chloride and anion channels; Integrin mechanotransduction; Inward rectifier potassium channels; Mechanosensitive ion channels; Mechanotransduction signaling,5
82,ASD,Other,51,174,Acid-sensing ion channels; Integrin mechanotransduction; Inward rectifier potassium channels; Natriuretic peptide signaling; TRP channels; Two-pore potassium channels (K2P); Ultrasound neuromodulation mechanisms; Voltage-gated calcium channels; Voltage-gated sodium channels,9
83,NOS,Other,50,176,Acid-sensing ion channels; Gap junction mechanosensitivity; Inward rectifier potassium channels; Lipid-mediated mechanotransduction; Mechanosensitive ion channels; Mechanotransduction signaling; Natriuretic peptide signaling; TRP channels; Voltage-gated calcium channels,9
84,NMDAR,Other,50,172,Acid-sensing ion channels; Chloride and anion channels; Gap junction mechanosensitivity; Integrin mechanotransduction; Inward rectifier potassium channels; Lipid-mediated mechanotransduction; Natriuretic peptide signaling; TRP channels; Two-pore potassium channels (K2P); Ultrasound neuromodulation mechanisms; Voltage-gated calcium channels; Voltage-gated sodium channels,12
85,LVEF,Other,50,126,Natriuretic peptide signaling; Voltage-gated calcium channels,2
86,CRISPR,Other,50,84,Acid-sensing ion channels; Chloride and anion channels; Gap junction mechanosensitivity; Integrin mechanotransduction; Lipid-mediated mechanotransduction; Mechanosensitive ion channels; Mechanotransduction signaling; Natriuretic peptide signaling; TRP channels; Two-pore potassium channels (K2P); Ultrasound neuromodulation mechanisms; Voltage-gated calcium channels; Voltage-gated sodium channels,13
87,OGD,Other,49,205,Acid-sensing ion channels; Chloride and anion channels; Gap junction mechanosensitivity; Integrin mechanotransduction; Inward rectifier potassium channels; Lipid-mediated mechanotransduction; Natriuretic peptide signaling; TRP channels; Two-pore potassium channels (K2P); Ultrasound neuromodulation mechanisms,10
88,LRRC8A,Chloride,48,613,Chloride and anion channels; Gap junction mechanosensitivity; Lipid-mediated mechanotransduction; Mechanosensitive ion channels; Mechanotransduction signaling,5
89,RGD,Other,48,197,Chloride and anion channels; Integrin mechanotransduction; Natriuretic peptide signaling,3
90,CAV3.1,Caveolin,48,74,Lipid-mediated mechanotransduction; Voltage-gated calcium channels; Voltage-gated sodium channels,3
91,SCN2A,Nav,47,191,Two-pore potassium channels (K2P); Voltage-gated calcium channels; Voltage-gated sodium channels,3
92,FAK,Other,47,128,Gap junction mechanosensitivity; Integrin mechanotransduction; Lipid-mediated mechanotransduction; Mechanosensitive ion channels; Mechanotransduction signaling; TRP channels,6
93,APP,Other,46,158,Chloride and anion channels; Gap junction mechanosensitivity; Integrin mechanotransduction; Inward rectifier potassium channels; Lipid-mediated mechanotransduction; Mechanotransduction signaling; Natriuretic peptide signaling; TRP channels; Two-pore potassium channels (K2P); Ultrasound neuromodulation mechanisms; Voltage-gated sodium channels,11
94,MCAO,Other,46,153,Acid-sensing ion channels; Chloride and anion channels; Gap junction mechanosensitivity; Integrin mechanotransduction; Inward rectifier potassium channels; Lipid-mediated mechanotransduction; Natriuretic peptide signaling; TRP channels; Two-pore potassium channels (K2P); Ultrasound neuromodulation mechanisms; Voltage-gated calcium channels; Voltage-gated sodium channels,12
95,HVA,Other,46,139,Inward rectifier potassium channels; Lipid-mediated mechanotransduction; Voltage-gated calcium channels,3
96,ASIC2A,ASIC,46,68,Acid-sensing ion channels; Mechanosensitive ion channels; Mechanotransduction signaling; Two-pore potassium channels (K2P),4
97,PC2,Other,45,195,Acid-sensing ion channels; Mechanosensitive ion channels; Mechanotransduction signaling; TRP channels; Ultrasound neuromodulation mechanisms,5
98,PC1,Other,45,169,Mechanosensitive ion channels; Mechanotransduction signaling; TRP channels; Ultrasound neuromodulation mechanisms,4
99,VEGF,Other,45,139,Chloride and anion channels; Gap junction mechanosensitivity; Integrin mechanotransduction; Inward rectifier potassium channels; Lipid-mediated mechanotransduction; Mechanosensitive ion channels; Mechanotransduction signaling; Natriuretic peptide signaling; TRP channels; Two-pore potassium channels (K2P); Ultrasound neuromodulation mechanisms; Voltage-gated calcium channels,12
100,IC50,Other,45,74,Acid-sensing ion channels; Chloride and anion channels; Gap junction mechanosensitivity; Inward rectifier potassium channels; Lipid-mediated mechanotransduction; Mechanosensitive ion channels; Mechanotransduction signaling; Natriuretic peptide signaling; TRP channels; Two-pore potassium channels (K2P); Voltage-gated calcium channels; Voltage-gated sodium channels,12
101,CAV2,Caveolin,45,59,Inward rectifier potassium channels; Lipid-mediated mechanotransduction; Natriuretic peptide signaling; Voltage-gated calcium channels; Voltage-gated sodium channels,5
102,SHH,Other,44,152,Chloride and anion channels; Integrin mechanotransduction; Lipid-mediated mechanotransduction; Natriuretic peptide signaling; Ultrasound neuromodulation mechanisms,5
103,ARB,Other,44,142,Chloride and anion channels; Natriuretic peptide signaling; Voltage-gated sodium channels,3
104,GPCR,Other,44,106,Chloride and anion channels; Gap junction mechanosensitivity; Integrin mechanotransduction; Inward rectifier potassium channels; Lipid-mediated mechanotransduction; Mechanosensitive ion channels; Mechanotransduction signaling; Natriuretic peptide signaling; TRP channels; Two-pore potassium channels (K2P); Voltage-gated sodium channels,11
105,CA3,Other,44,102,Acid-sensing ion channels; Chloride and anion channels; Gap junction mechanosensitivity; Integrin mechanotransduction; Inward rectifier potassium channels; Lipid-mediated mechanotransduction; Natriuretic peptide signaling; Two-pore potassium channels (K2P); Ultrasound neuromodulation mechanisms; Voltage-gated calcium channels,10
106,SCN5A,Nav,43,175,Gap junction mechanosensitivity; Inward rectifier potassium channels; Lipid-mediated mechanotransduction; Natriuretic peptide signaling; Two-pore potassium channels (K2P); Ultrasound neuromodulation mechanisms; Voltage-gated calcium channels; Voltage-gated sodium channels,8
107,RGC,Other,43,160,Gap junction mechanosensitivity; Integrin mechanotransduction; Inward rectifier potassium channels; Lipid-mediated mechanotransduction; Mechanosensitive ion channels; Mechanotransduction signaling; Natriuretic peptide signaling; TRP channels; Two-pore potassium channels (K2P); Ultrasound neuromodulation mechanisms; Voltage-gated calcium channels; Voltage-gated sodium channels,12
108,MDD,Other,42,205,Gap junction mechanosensitivity; Inward rectifier potassium channels; Lipid-mediated mechanotransduction; Two-pore potassium channels (K2P); Ultrasound neuromodulation mechanisms; Voltage-gated sodium channels,6
109,TRPV2,TRP,41,257,Acid-sensing ion channels; Gap junction mechanosensitivity; Lipid-mediated mechanotransduction; Mechanosensitive ion channels; Mechanotransduction signaling; Natriuretic peptide signaling; TRP channels; Two-pore potassium channels (K2P); Ultrasound neuromodulation mechanisms; Voltage-gated sodium channels,10
110,NPRA,Other,41,212,Natriuretic peptide signaling,1
111,NLRP3,Other,41,160,Acid-sensing ion channels; Gap junction mechanosensitivity; Integrin mechanotransduction; Inward rectifier potassium channels; Lipid-mediated mechanotransduction; Mechanotransduction signaling; Natriuretic peptide signaling; TRP channels; Two-pore potassium channels (K2P); Ultrasound neuromodulation mechanisms,10
112,PKG,Other,41,120,Acid-sensing ion channels; Integrin mechanotransduction; Inward rectifier potassium channels; Mechanosensitive ion channels; Mechanotransduction signaling; Natriuretic peptide signaling; TRP channels; Two-pore potassium channels (K2P),8
113,TRPC,Other,41,107,Chloride and anion channels; Gap junction mechanosensitivity; Inward rectifier potassium channels; Lipid-mediated mechanotransduction; Mechanosensitive ion channels; Mechanotransduction signaling; Natriuretic peptide signaling; TRP channels; Two-pore potassium channels (K2P); Voltage-gated calcium channels,10
114,NAV1.6,Other,41,50,Inward rectifier potassium channels; TRP channels; Voltage-gated calcium channels; Voltage-gated sodium channels,4
115,HCN,Other,40,81,Acid-sensing ion channels; Chloride and anion channels; Gap junction mechanosensitivity; Inward rectifier potassium channels; Lipid-mediated mechanotransduction; Mechanosensitive ion channels; Mechanotransduction signaling; Natriuretic peptide signaling; TRP channels; Two-pore potassium channels (K2P); Voltage-gated calcium channels; Voltage-gated sodium channels,12
116,SNP,Other,40,78,Chloride and anion channels; Integrin mechanotransduction; Inward rectifier potassium channels; Lipid-mediated mechanotransduction; Mechanotransduction signaling; Natriuretic peptide signaling; TRP channels; Two-pore potassium channels (K2P); Ultrasound neuromodulation mechanisms; Voltage-gated sodium channels,10
117,CHO,Other,40,72,Acid-sensing ion channels; Chloride and anion channels; Integrin mechanotransduction; Inward rectifier potassium channels; Lipid-mediated mechanotransduction; Natriuretic peptide signaling; TRP channels; Two-pore potassium channels (K2P); Voltage-gated sodium channels,9
118,NGF,Other,39,152,Acid-sensing ion channels; Gap junction mechanosensitivity; Integrin mechanotransduction; Lipid-mediated mechanotransduction; Mechanosensitive ion channels; Mechanotransduction signaling; Natriuretic peptide signaling; TRP channels; Two-pore potassium channels (K2P); Ultrasound neuromodulation mechanisms; Voltage-gated calcium channels; Voltage-gated sodium channels,12
119,GMP,Other,39,72,Chloride and anion channels; Gap junction mechanosensitivity; Integrin mechanotransduction; Inward rectifier potassium channels; Mechanotransduction signaling; Natriuretic peptide signaling; TRP channels,7
120,GIRK,Other,38,190,Chloride and anion channels; Gap junction mechanosensitivity; Inward rectifier potassium channels; Lipid-mediated mechanotransduction; Two-pore potassium channels (K2P),5
121,KCNK18,K2P,38,158,Chloride and anion channels; Inward rectifier potassium channels; Two-pore potassium channels (K2P),3
122,JNK,Other,38,110,Acid-sensing ion channels; Chloride and anion channels; Gap junction mechanosensitivity; Integrin mechanotransduction; Inward rectifier potassium channels; Lipid-mediated mechanotransduction; Natriuretic peptide signaling; TRP channels; Two-pore potassium channels (K2P); Ultrasound neuromodulation mechanisms; Voltage-gated calcium channels; Voltage-gated sodium channels,12
123,CB1,Other,38,97,Acid-sensing ion channels; Inward rectifier potassium channels; Lipid-mediated mechanotransduction; Mechanosensitive ion channels; Mechanotransduction signaling; Natriuretic peptide signaling; TRP channels; Voltage-gated calcium channels; Voltage-gated sodium channels,9
124,ALS,Other,37,155,Chloride and anion channels; Gap junction mechanosensitivity; Integrin mechanotransduction; Inward rectifier potassium channels; Lipid-mediated mechanotransduction; Mechanotransduction signaling; TRP channels; Two-pore potassium channels (K2P); Ultrasound neuromodulation mechanisms; Voltage-gated sodium channels,10
125,CCI,Other,37,141,Acid-sensing ion channels; Chloride and anion channels; Gap junction mechanosensitivity; Integrin mechanotransduction; Inward rectifier potassium channels; Lipid-mediated mechanotransduction; Natriuretic peptide signaling; TRP channels; Two-pore potassium channels (K2P); Voltage-gated calcium channels; Voltage-gated sodium channels,11
126,GABAA,Other,37,89,Chloride and anion channels; Inward rectifier potassium channels; Lipid-mediated mechanotransduction; Mechanosensitive ion channels; Mechanotransduction signaling; Natriuretic peptide signaling; TRP channels; Two-pore potassium channels (K2P); Voltage-gated calcium channels; Voltage-gated sodium channels,10
127,TRESK,Other,36,326,Chloride and anion channels; Inward rectifier potassium channels; Two-pore potassium channels (K2P),3
128,CREB,Other,35,133,Acid-sensing ion channels; Gap junction mechanosensitivity; Integrin mechanotransduction; Inward rectifier potassium channels; Lipid-mediated mechanotransduction; Mechanosensitive ion channels; Mechanotransduction signaling; Natriuretic peptide signaling; TRP channels; Two-pore potassium channels (K2P); Ultrasound neuromodulation mechanisms; Voltage-gated calcium channels; Voltage-gated sodium channels,13
129,PFC,Other,34,139,Acid-sensing ion channels; Gap junction mechanosensitivity; Integrin mechanotransduction; Inward rectifier potassium channels; Lipid-mediated mechanotransduction; Mechanosensitive ion channels; Natriuretic peptide signaling; TRP channels; Two-pore potassium channels (K2P); Ultrasound neuromodulation mechanisms; Voltage-gated calcium channels; Voltage-gated sodium channels,12
130,EAE,Other,34,105,Acid-sensing ion channels; Chloride and anion channels; Gap junction mechanosensitivity; Integrin mechanotransduction; Inward rectifier potassium channels; Lipid-mediated mechanotransduction; Mechanotransduction signaling; Two-pore potassium channels (K2P); Voltage-gated sodium channels,9
131,MMP,Other,34,104,Chloride and anion channels; Gap junction mechanosensitivity; Integrin mechanotransduction; Inward rectifier potassium channels; Lipid-mediated mechanotransduction; Mechanosensitive ion channels; Natriuretic peptide signaling; Ultrasound neuromodulation mechanisms; Voltage-gated calcium channels; Voltage-gated sodium channels,10
132,MAP,Other,34,85,Chloride and anion channels; Gap junction mechanosensitivity; Integrin mechanotransduction; Inward rectifier potassium channels; Lipid-mediated mechanotransduction; Mechanosensitive ion channels; Mechanotransduction signaling; Natriuretic peptide signaling; TRP channels; Two-pore potassium channels (K2P); Ultrasound neuromodulation mechanisms; Voltage-gated calcium channels,12
133,VGSC,Other,34,79,Inward rectifier potassium channels; Mechanosensitive ion channels; Voltage-gated sodium channels,3
134,TRPC6,TRP,33,200,Chloride and anion channels; Lipid-mediated mechanotransduction; Mechanosensitive ion channels; Mechanotransduction signaling; Natriuretic peptide signaling; TRP channels; Two-pore potassium channels (K2P); Ultrasound neuromodulation mechanisms,8
135,LTS,Other,33,117,Chloride and anion channels; Lipid-mediated mechanotransduction; Natriuretic peptide signaling; Voltage-gated calcium channels,4
136,PC12,Other,33,98,Acid-sensing ion channels; Chloride and anion channels; Gap junction mechanosensitivity; Integrin mechanotransduction; Inward rectifier potassium channels; Lipid-mediated mechanotransduction; Natriuretic peptide signaling; TRP channels; Two-pore potassium channels (K2P); Ultrasound neuromodulation mechanisms; Voltage-gated sodium channels,11
137,OCT,Other,33,96,Acid-sensing ion channels; Chloride and anion channels; Gap junction mechanosensitivity; Ultrasound neuromodulation mechanisms; Voltage-gated sodium channels,5
138,PIP,Other,33,82,Chloride and anion channels; Inward rectifier potassium channels; Lipid-mediated mechanotransduction; Mechanosensitive ion channels; Mechanotransduction signaling; Natriuretic peptide signaling; TRP channels; Two-pore potassium channels (K2P); Voltage-gated sodium channels,9
139,PLD2,Phospholipase,32,205,Inward rectifier potassium channels; Lipid-mediated mechanotransduction; Mechanosensitive ion channels; Mechanotransduction signaling; Two-pore potassium channels (K2P),5
140,SCN8A,Nav,32,117,Inward rectifier potassium channels; TRP channels; Voltage-gated calcium channels; Voltage-gated sodium channels,4
141,STAT3,Other,32,103,Gap junction mechanosensitivity; Integrin mechanotransduction; Lipid-mediated mechanotransduction; Mechanosensitive ion channels; Mechanotransduction signaling; Natriuretic peptide signaling; TRP channels; Two-pore potassium channels (K2P); Ultrasound neuromodulation mechanisms; Voltage-gated calcium channels; Voltage-gated sodium channels,11
142,CD4,Other,32,64,Gap junction mechanosensitivity; Integrin mechanotransduction; Inward rectifier potassium channels; Lipid-mediated mechanotransduction; Mechanotransduction signaling; Natriuretic peptide signaling; TRP channels; Two-pore potassium channels (K2P); Ultrasound neuromodulation mechanisms; Voltage-gated calcium channels,10
143,TRPM3,TRP,31,182,Chloride and anion channels; Inward rectifier potassium channels; Lipid-mediated mechanotransduction; Mechanosensitive ion channels; Mechanotransduction signaling; TRP channels; Two-pore potassium channels (K2P); Voltage-gated calcium channels,8
144,ISO,Other,31,168,Mechanosensitive ion channels; Mechanotransduction signaling; Natriuretic peptide signaling; TRP channels; Two-pore potassium channels (K2P); Ultrasound neuromodulation mechanisms; Voltage-gated calcium channels; Voltage-gated sodium channels,8
145,PIEZO,Other,31,116,Acid-sensing ion channels; Gap junction mechanosensitivity; Integrin mechanotransduction; Lipid-mediated mechanotransduction; Mechanosensitive ion channels; Mechanotransduction signaling; TRP channels; Two-pore potassium channels (K2P); Ultrasound neuromodulation mechanisms,9
146,SCN11A,Nav,31,85,Acid-sensing ion channels; Voltage-gated calcium channels; Voltage-gated sodium channels,3
147,TASK3,Other,30,191,Acid-sensing ion channels; Chloride and anion channels; Two-pore potassium channels (K2P),3
148,TASK1,Other,30,186,Acid-sensing ion channels; Chloride and anion channels; TRP channels; Two-pore potassium channels (K2P),4
149,TRPC1,TRP,30,119,Chloride and anion channels; Lipid-mediated mechanotransduction; Mechanosensitive ion channels; Mechanotransduction signaling; TRP channels; Two-pore potassium channels (K2P); Ultrasound neuromodulation mechanisms; Voltage-gated calcium channels; Voltage-gated sodium channels,9
150,KCNK1,K2P,30,92,Chloride and anion channels; Inward rectifier potassium channels; Mechanosensitive ion channels; TRP channels; Two-pore potassium channels (K2P),5
151,SY5Y,Other,30,74,Acid-sensing ion channels; Gap junction mechanosensitivity; Integrin mechanotransduction; Lipid-mediated mechanotransduction; Mechanotransduction signaling; Natriuretic peptide signaling; TRP channels; Two-pore potassium channels (K2P); Ultrasound neuromodulation mechanisms; Voltage-gated sodium channels,10
152,MDA,Other,30,63,Acid-sensing ion channels; Gap junction mechanosensitivity; Integrin mechanotransduction; Lipid-mediated mechanotransduction; Mechanotransduction signaling; Natriuretic peptide signaling; TRP channels; Two-pore potassium channels (K2P),8
153,ANO1,Chloride,29,172,Chloride and anion channels; Integrin mechanotransduction; Mechanosensitive ion channels; Mechanotransduction signaling; TRP channels; Voltage-gated calcium channels,6
154,AEA,Other,29,114,Gap junction mechanosensitivity; Lipid-mediated mechanotransduction; Mechanosensitive ion channels; Natriuretic peptide signaling; TRP channels; Two-pore potassium channels (K2P); Voltage-gated sodium channels,7
155,IOP,Other,29,113,Chloride and anion channels; Gap junction mechanosensitivity; Lipid-mediated mechanotransduction; Mechanosensitive ion channels; Mechanotransduction signaling; TRP channels; Two-pore potassium channels (K2P),7
156,NADPH,Other,29,59,Chloride and anion channels; Gap junction mechanosensitivity; Integrin mechanotransduction; Inward rectifier potassium channels; Lipid-mediated mechanotransduction; Mechanosensitive ion channels; Mechanotransduction signaling; Natriuretic peptide signaling; TRP channels; Two-pore potassium channels (K2P); Voltage-gated calcium channels; Voltage-gated sodium channels,12
157,NAV1.9,Other,29,34,Acid-sensing ion channels; Voltage-gated calcium channels; Voltage-gated sodium channels,3
158,MET,Other,28,149,Integrin mechanotransduction; Inward rectifier potassium channels; Lipid-mediated mechanotransduction; Mechanosensitive ion channels; Mechanotransduction signaling; TRP channels,6
159,PTZ,Other,28,94,Gap junction mechanosensitivity; Inward rectifier potassium channels; Lipid-mediated mechanotransduction; Natriuretic peptide signaling; TRP channels; Voltage-gated calcium channels; Voltage-gated sodium channels,7
160,CFA,Other,28,85,Acid-sensing ion channels; Gap junction mechanosensitivity; Inward rectifier potassium channels; Lipid-mediated mechanotransduction; Natriuretic peptide signaling; TRP channels; Two-pore potassium channels (K2P); Voltage-gated calcium channels; Voltage-gated sodium channels,9
161,CD8,Other,28,69,Acid-sensing ion channels; Gap junction mechanosensitivity; Integrin mechanotransduction; Lipid-mediated mechanotransduction; TRP channels; Two-pore potassium channels (K2P); Ultrasound neuromodulation mechanisms; Voltage-gated calcium channels,8
162,BV2,Other,28,62,Chloride and anion channels; Gap junction mechanosensitivity; Integrin mechanotransduction; Inward rectifier potassium channels; Lipid-mediated mechanotransduction; Mechanosensitive ion channels; Mechanotransduction signaling; Natriuretic peptide signaling; Ultrasound neuromodulation mechanisms,9
163,LRRC8,Chloride,27,145,Chloride and anion channels; Inward rectifier potassium channels; Lipid-mediated mechanotransduction,3
164,CACNA1I,Cav,27,110,Voltage-gated calcium channels,1
165,KCNK5,K2P,27,98,Inward rectifier potassium channels; Mechanosensitive ion channels; Two-pore potassium channels (K2P),3
166,BVMD,Other,27,84,Chloride and anion channels,1
167,EGFR,Other,26,93,Acid-sensing ion channels; Chloride and anion channels; Gap junction mechanosensitivity; Integrin mechanotransduction; Inward rectifier potassium channels; Lipid-mediated mechanotransduction; Natriuretic peptide signaling; TRP channels; Ultrasound neuromodulation mechanisms,9
168,ROCK,Other,26,53,Acid-sensing ion channels; Chloride and anion channels; Gap junction mechanosensitivity; Integrin mechanotransduction; Lipid-mediated mechanotransduction; Mechanosensitive ion channels; Mechanotransduction signaling; Natriuretic peptide signaling; TRP channels; Two-pore potassium channels (K2P),10
169,BAPTA,Other,26,51,Chloride and anion channels; Gap junction mechanosensitivity; Integrin mechanotransduction; Inward rectifier potassium channels; Lipid-mediated mechanotransduction; Mechanosensitive ion channels; Mechanotransduction signaling; Natriuretic peptide signaling; Two-pore potassium channels (K2P); Voltage-gated calcium channels; Voltage-gated sodium channels,11
170,ERG,Other,26,41,Chloride and anion channels; Gap junction mechanosensitivity; Inward rectifier potassium channels; Lipid-mediated mechanotransduction; Ultrasound neuromodulation mechanisms,5
171,NAV1.5,Other,26,38,Gap junction mechanosensitivity; Inward rectifier potassium channels; Lipid-mediated mechanotransduction; Two-pore potassium channels (K2P); Ultrasound neuromodulation mechanisms; Voltage-gated calcium channels; Voltage-gated sodium channels,7
172,MTT,Other,26,36,Chloride and anion channels; Gap junction mechanosensitivity; Integrin mechanotransduction; Inward rectifier potassium channels; Lipid-mediated mechanotransduction; Natriuretic peptide signaling; TRP channels; Two-pore potassium channels (K2P); Ultrasound neuromodulation mechanisms; Voltage-gated calcium channels,10
173,ICH,Other,25,202,Gap junction mechanosensitivity; Integrin mechanotransduction; Lipid-mediated mechanotransduction; Mechanosensitive ion channels; Mechanotransduction signaling; Natriuretic peptide signaling; TRP channels; Two-pore potassium channels (K2P); Ultrasound neuromodulation mechanisms,9
174,TRPM4,TRP,25,115,Chloride and anion channels; Inward rectifier potassium channels; Mechanosensitive ion channels; Mechanotransduction signaling; TRP channels; Voltage-gated sodium channels,6
175,SNI,Other,25,90,Gap junction mechanosensitivity; Integrin mechanotransduction; Inward rectifier potassium channels; Mechanosensitive ion channels; Mechanotransduction signaling; Natriuretic peptide signaling; TRP channels; Two-pore potassium channels (K2P); Voltage-gated calcium channels; Voltage-gated sodium channels,10
176,TLR4,Other,25,84,Acid-sensing ion channels; Gap junction mechanosensitivity; Integrin mechanotransduction; Lipid-mediated mechanotransduction; Mechanotransduction signaling; Natriuretic peptide signaling; TRP channels; Voltage-gated sodium channels,8
177,ITGB1,Integrin,25,73,Gap junction mechanosensitivity; Integrin mechanotransduction; Mechanosensitive ion channels; Mechanotransduction signaling,4
178,NPPB,Other,25,60,Acid-sensing ion channels; Chloride and anion channels; Natriuretic peptide signaling,3
179,TEA,Other,25,51,Chloride and anion channels; Inward rectifier potassium channels; Lipid-mediated mechanotransduction; Natriuretic peptide signaling; Two-pore potassium channels (K2P); Voltage-gated calcium channels,6
180,BCI,Other,25,51,Acid-sensing ion channels; Two-pore potassium channels (K2P),2
181,CX30,Connexin,25,43,Gap junction mechanosensitivity; Inward rectifier potassium channels; Two-pore potassium channels (K2P),3
182,ICAM,Other,25,41,Chloride and anion channels; Gap junction mechanosensitivity; Integrin mechanotransduction; Lipid-mediated mechanotransduction; Mechanotransduction signaling; Natriuretic peptide signaling; TRP channels,7
183,HPLC,Other,25,39,Chloride and anion channels; Gap junction mechanosensitivity; Inward rectifier potassium channels; Lipid-mediated mechanotransduction; Mechanosensitive ion channels; Mechanotransduction signaling; Natriuretic peptide signaling; TRP channels; Two-pore potassium channels (K2P),9
184,TUNEL,Other,25,35,Gap junction mechanosensitivity; Integrin mechanotransduction; Inward rectifier potassium channels; Lipid-mediated mechanotransduction; Mechanosensitive ion channels; Natriuretic peptide signaling; TRP channels; Two-pore potassium channels (K2P); Ultrasound neuromodulation mechanisms; Voltage-gated calcium channels; Voltage-gated sodium channels,11
185,TREK2,Other,24,206,Acid-sensing ion channels; Chloride and anion channels; Inward rectifier potassium channels; Lipid-mediated mechanotransduction; Mechanotransduction signaling; TRP channels; Two-pore potassium channels (K2P),7
186,ARNI,Other,24,92,Natriuretic peptide signaling,1
187,TAZ,Other,24,88,Integrin mechanotransduction; Lipid-mediated mechanotransduction; Mechanosensitive ion channels; Mechanotransduction signaling; TRP channels; Ultrasound neuromodulation mechanisms,6
188,TMS,Other,24,78,Mechanosensitive ion channels; TRP channels; Two-pore potassium channels (K2P); Ultrasound neuromodulation mechanisms; Voltage-gated calcium channels; Voltage-gated sodium channels,6
189,HIF,Other,24,72,Gap junction mechanosensitivity; Integrin mechanotransduction; Inward rectifier potassium channels; Lipid-mediated mechanotransduction; Mechanotransduction signaling; Natriuretic peptide signaling; TRP channels; Two-pore potassium channels (K2P); Ultrasound neuromodulation mechanisms; Voltage-gated calcium channels,10
190,COX,Other,24,54,Acid-sensing ion channels; Gap junction mechanosensitivity; Integrin mechanotransduction; Inward rectifier potassium channels; Lipid-mediated mechanotransduction; Mechanotransduction signaling; Natriuretic peptide signaling; TRP channels; Ultrasound neuromodulation mechanisms; Voltage-gated calcium channels; Voltage-gated sodium channels,11
191,EC50,Other,24,51,Acid-sensing ion channels; Chloride and anion channels; Inward rectifier potassium channels; Lipid-mediated mechanotransduction; Mechanosensitive ion channels; Mechanotransduction signaling; Natriuretic peptide signaling; TRP channels; Two-pore potassium channels (K2P); Voltage-gated calcium channels,10
192,CAV3.3,Caveolin,24,33,Voltage-gated calcium channels,1
193,NAV1.1,Other,24,30,Mechanosensitive ion channels; Voltage-gated calcium channels; Voltage-gated sodium channels,3
194,LIPUS,Other,23,168,Gap junction mechanosensitivity; Lipid-mediated mechanotransduction; TRP channels; Ultrasound neuromodulation mechanisms,4
195,TRPV3,TRP,23,90,Chloride and anion channels; TRP channels,2
196,EGF,Other,23,74,Acid-sensing ion channels; Integrin mechanotransduction; Inward rectifier potassium channels; Lipid-mediated mechanotransduction; TRP channels; Voltage-gated calcium channels; Voltage-gated sodium channels,7
197,IFN,Other,23,63,Acid-sensing ion channels; Chloride and anion channels; Gap junction mechanosensitivity; Integrin mechanotransduction; Inward rectifier potassium channels; Lipid-mediated mechanotransduction; Mechanosensitive ion channels; Mechanotransduction signaling; Natriuretic peptide signaling; TRP channels; Two-pore potassium channels (K2P); Ultrasound neuromodulation mechanisms,12
198,ODQ,Other,23,49,Natriuretic peptide signaling; Two-pore potassium channels (K2P),2
199,NAME,Other,23,48,Acid-sensing ion channels; Integrin mechanotransduction; Inward rectifier potassium channels; Mechanosensitive ion channels; Mechanotransduction signaling; Natriuretic peptide signaling; TRP channels; Two-pore potassium channels (K2P),8
200,MEK,Other,23,44,Gap junction mechanosensitivity; Integrin mechanotransduction; Inward rectifier potassium channels; Lipid-mediated mechanotransduction; Mechanotransduction signaling; Natriuretic peptide signaling; TRP channels; Voltage-gated calcium channels; Voltage-gated sodium channels,9
201,NAV1.2,Other,23,26,Voltage-gated calcium channels; Voltage-gated sodium channels,2
202,WORDS,Other,23,23,Acid-sensing ion channels; Chloride and anion channels; Integrin mechanotransduction; Lipid-mediated mechanotransduction; Natriuretic peptide signaling; Voltage-gated calcium channels,6
203,AIS,Other,22,111,Acid-sensing ion channels; Chloride and anion channels; Integrin mechanotransduction; Lipid-mediated mechanotransduction; Mechanosensitive ion channels; TRP channels; Two-pore potassium channels (K2P); Voltage-gated calcium channels; Voltage-gated sodium channels,9
204,TRPC5,TRP,22,102,Inward rectifier potassium channels; Lipid-mediated mechanotransduction; Mechanosensitive ion channels; TRP channels; Voltage-gated sodium channels,5
205,TRPM2,TRP,22,92,Acid-sensing ion channels; Integrin mechanotransduction; Mechanosensitive ion channels; Mechanotransduction signaling; Natriuretic peptide signaling; TRP channels; Two-pore potassium channels (K2P); Ultrasound neuromodulation mechanisms,8
206,PS1,Other,22,73,Chloride and anion channels; Gap junction mechanosensitivity; Integrin mechanotransduction; Inward rectifier potassium channels; Lipid-mediated mechanotransduction; Natriuretic peptide signaling; Two-pore potassium channels (K2P); Ultrasound neuromodulation mechanisms; Voltage-gated sodium channels,9
207,ASIC4,ASIC,22,73,Acid-sensing ion channels; TRP channels,2
208,SMA,Other,22,63,Acid-sensing ion channels; Gap junction mechanosensitivity; Integrin mechanotransduction; Inward rectifier potassium channels; Lipid-mediated mechanotransduction; Natriuretic peptide signaling; TRP channels; Ultrasound neuromodulation mechanisms; Voltage-gated calcium channels; Voltage-gated sodium channels,10
209,FAAH,Other,22,54,Lipid-mediated mechanotransduction; Voltage-gated sodium channels,2
210,TMEM16B,Other,22,50,Chloride and anion channels; Inward rectifier potassium channels,2
211,NYHA,Other,22,47,Natriuretic peptide signaling,1
212,HIV,Other,21,110,Gap junction mechanosensitivity; Integrin mechanotransduction; Inward rectifier potassium channels; Lipid-mediated mechanotransduction; TRP channels; Two-pore potassium channels (K2P); Ultrasound neuromodulation mechanisms; Voltage-gated calcium channels; Voltage-gated sodium channels,9
213,ANF,Other,21,99,Inward rectifier potassium channels; Natriuretic peptide signaling,2
214,TRPP2,TRP,21,98,Inward rectifier potassium channels; Mechanosensitive ion channels; TRP channels,3
215,AMPK,Other,21,62,Gap junction mechanosensitivity; Integrin mechanotransduction; Inward rectifier potassium channels; Lipid-mediated mechanotransduction; Natriuretic peptide signaling; TRP channels; Two-pore potassium channels (K2P),7
216,VGCC,Other,21,52,Inward rectifier potassium channels; Lipid-mediated mechanotransduction; Voltage-gated calcium channels; Voltage-gated sodium channels,4
217,DAF,Other,21,41,Mechanosensitive ion channels; Mechanotransduction signaling; Natriuretic peptide signaling; TRP channels,4
218,TRPM,Other,21,41,Chloride and anion channels; Gap junction mechanosensitivity; Inward rectifier potassium channels; Mechanosensitive ion channels; Mechanotransduction signaling; Natriuretic peptide signaling; TRP channels,7
219,ASIC1B,ASIC,21,28,Acid-sensing ion channels; Mechanotransduction signaling; Two-pore potassium channels (K2P),3
220,TMC1,Other,20,180,Integrin mechanotransduction; Lipid-mediated mechanotransduction; Mechanosensitive ion channels; Mechanotransduction signaling; Two-pore potassium channels (K2P),5
221,PSD,Other,20,106,Gap junction mechanosensitivity; Integrin mechanotransduction; Inward rectifier potassium channels; Lipid-mediated mechanotransduction; Natriuretic peptide signaling; TRP channels; Two-pore potassium channels (K2P),7
222,GLT,Other,20,104,Chloride and anion channels; Gap junction mechanosensitivity; Inward rectifier potassium channels; Two-pore potassium channels (K2P); Voltage-gated sodium channels,5
223,IBS,Other,20,93,Acid-sensing ion channels; Chloride and anion channels; Lipid-mediated mechanotransduction; Mechanosensitive ion channels; Mechanotransduction signaling; Natriuretic peptide signaling; TRP channels; Two-pore potassium channels (K2P); Voltage-gated calcium channels; Voltage-gated sodium channels,10
224,CBD,Other,20,91,Gap junction mechanosensitivity; Lipid-mediated mechanotransduction; Natriuretic peptide signaling; TRP channels; Two-pore potassium channels (K2P); Ultrasound neuromodulation mechanisms; Voltage-gated calcium channels; Voltage-gated sodium channels,8
225,CCK,Other,20,71,Acid-sensing ion channels; Chloride and anion channels; Gap junction mechanosensitivity; Integrin mechanotransduction; Inward rectifier potassium channels; Lipid-mediated mechanotransduction; Mechanosensitive ion channels; Mechanotransduction signaling; Natriuretic peptide signaling; TRP channels; Two-pore potassium channels (K2P),11
226,COS,Other,20,50,Acid-sensing ion channels; Chloride and anion channels; Gap junction mechanosensitivity; Inward rectifier potassium channels; Lipid-mediated mechanotransduction; Mechanotransduction signaling; Two-pore potassium channels (K2P),7
227,MHC,Other,20,44,Integrin mechanotransduction; Inward rectifier potassium channels; Lipid-mediated mechanotransduction; Mechanosensitive ion channels; Mechanotransduction signaling; Natriuretic peptide signaling; Two-pore potassium channels (K2P); Voltage-gated calcium channels,8
228,IQR,Other,20,41,Acid-sensing ion channels; Chloride and anion channels; Mechanotransduction signaling; Natriuretic peptide signaling; TRP channels; Two-pore potassium channels (K2P); Ultrasound neuromodulation mechanisms; Voltage-gated calcium channels; Voltage-gated sodium channels,9
229,PIP2,Other,19,176,Gap junction mechanosensitivity; Inward rectifier potassium channels; Lipid-mediated mechanotransduction; Natriuretic peptide signaling; TRP channels; Two-pore potassium channels (K2P),6
230,MEC,Other,19,97,Acid-sensing ion channels; Inward rectifier potassium channels; Lipid-mediated mechanotransduction; Mechanosensitive ion channels; Mechanotransduction signaling; TRP channels; Two-pore potassium channels (K2P); Ultrasound neuromodulation mechanisms; Voltage-gated calcium channels,9
231,TLE,Other,19,95,Acid-sensing ion channels; Chloride and anion channels; Gap junction mechanosensitivity; Integrin mechanotransduction; Inward rectifier potassium channels; Natriuretic peptide signaling; TRP channels; Two-pore potassium channels (K2P); Voltage-gated calcium channels; Voltage-gated sodium channels,10
232,ARF,Other,19,86,Integrin mechanotransduction; Lipid-mediated mechanotransduction; TRP channels,3
233,CHF,Other,19,80,Chloride and anion channels; Natriuretic peptide signaling; Ultrasound neuromodulation mechanisms,3
234,PTX,Other,19,64,Chloride and anion channels; Gap junction mechanosensitivity; Integrin mechanotransduction; Inward rectifier potassium channels; Natriuretic peptide signaling; TRP channels; Ultrasound neuromodulation mechanisms; Voltage-gated calcium channels; Voltage-gated sodium channels,9
235,CB1R,Other,19,62,Gap junction mechanosensitivity; Lipid-mediated mechanotransduction; Natriuretic peptide signaling; TRP channels; Ultrasound neuromodulation mechanisms; Voltage-gated calcium channels,6
236,PDZ,Other,19,45,Acid-sensing ion channels; Integrin mechanotransduction; Inward rectifier potassium channels; Lipid-mediated mechanotransduction; Mechanosensitive ion channels; Mechanotransduction signaling; TRP channels; Two-pore potassium channels (K2P); Voltage-gated sodium channels,9
237,SUR1,Other,19,44,Inward rectifier potassium channels; TRP channels; Two-pore potassium channels (K2P),3
238,LDH,Other,19,42,Gap junction mechanosensitivity; Inward rectifier potassium channels; Lipid-mediated mechanotransduction; Mechanosensitive ion channels; Natriuretic peptide signaling; TRP channels; Two-pore potassium channels (K2P); Ultrasound neuromodulation mechanisms; Voltage-gated sodium channels,9
239,SNAP,Other,19,37,Acid-sensing ion channels; Gap junction mechanosensitivity; Lipid-mediated mechanotransduction; Mechanosensitive ion channels; Mechanotransduction signaling; Natriuretic peptide signaling; TRP channels; Two-pore potassium channels (K2P); Ultrasound neuromodulation mechanisms; Voltage-gated calcium channels,10
240,GSH,Other,19,36,Acid-sensing ion channels; Gap junction mechanosensitivity; Integrin mechanotransduction; Inward rectifier potassium channels; Lipid-mediated mechanotransduction; Natriuretic peptide signaling; TRP channels; Ultrasound neuromodulation mechanisms; Voltage-gated calcium channels,9
241,EGTA,Other,19,27,Chloride and anion channels; Gap junction mechanosensitivity; Inward rectifier potassium channels; Lipid-mediated mechanotransduction; Mechanosensitive ion channels; TRP channels; Two-pore potassium channels (K2P); Voltage-gated calcium channels,8
242,CAV2.2,Caveolin,19,26,Lipid-mediated mechanotransduction; Voltage-gated calcium channels; Voltage-gated sodium channels,3
243,MLC,Other,18,157,Chloride and anion channels; Gap junction mechanosensitivity; Integrin mechanotransduction; Inward rectifier potassium channels; Mechanosensitive ion channels,5
244,CFTR,Other,18,134,Acid-sensing ion channels; Chloride and anion channels; Gap junction mechanosensitivity; Mechanosensitive ion channels; Mechanotransduction signaling; Natriuretic peptide signaling; TRP channels; Two-pore potassium channels (K2P); Ultrasound neuromodulation mechanisms,9
245,RVD,Other,18,84,Chloride and anion channels; Inward rectifier potassium channels; Lipid-mediated mechanotransduction; Mechanosensitive ion channels; Mechanotransduction signaling; Natriuretic peptide signaling; TRP channels; Two-pore potassium channels (K2P),8
246,STZ,Other,18,65,Acid-sensing ion channels; Gap junction mechanosensitivity; Inward rectifier potassium channels; Lipid-mediated mechanotransduction; Natriuretic peptide signaling; TRP channels; Voltage-gated calcium channels; Voltage-gated sodium channels,8
247,KATP,Other,18,61,Gap junction mechanosensitivity; Inward rectifier potassium channels; Lipid-mediated mechanotransduction; Natriuretic peptide signaling; Two-pore potassium channels (K2P); Voltage-gated calcium channels,6
248,AITC,Other,18,54,Lipid-mediated mechanotransduction; Mechanotransduction signaling; TRP channels; Voltage-gated calcium channels,4
249,EGFP,Other,18,54,Chloride and anion channels; Integrin mechanotransduction; Inward rectifier potassium channels; Lipid-mediated mechanotransduction; Mechanotransduction signaling; Natriuretic peptide signaling; Two-pore potassium channels (K2P),7
250,REM,Other,18,47,Acid-sensing ion channels; Chloride and anion channels; Inward rectifier potassium channels; Two-pore potassium channels (K2P); Ultrasound neuromodulation mechanisms; Voltage-gated calcium channels,6
251,EOG,Other,18,47,Chloride and anion channels,1
252,HT22,Other,18,32,Acid-sensing ion channels; Gap junction mechanosensitivity; Lipid-mediated mechanotransduction; Mechanosensitive ion channels; Mechanotransduction signaling; Natriuretic peptide signaling; TRP channels; Two-pore potassium channels (K2P); Ultrasound neuromodulation mechanisms,9
253,VCAM,Other,18,32,Gap junction mechanosensitivity; Integrin mechanotransduction; Lipid-mediated mechanotransduction; Natriuretic peptide signaling,4
254,GVIA,Other,18,28,Inward rectifier potassium channels; Lipid-mediated mechanotransduction; Mechanosensitive ion channels; Voltage-gated calcium channels,4
255,KEY,Other,18,27,Acid-sensing ion channels; Chloride and anion channels; Gap junction mechanosensitivity; Integrin mechanotransduction; Inward rectifier potassium channels; Lipid-mediated mechanotransduction; Mechanosensitive ion channels; Mechanotransduction signaling; Natriuretic peptide signaling; TRP channels; Voltage-gated calcium channels; Voltage-gated sodium channels,12
256,AMPAR,Other,18,24,Acid-sensing ion channels; Gap junction mechanosensitivity; Integrin mechanotransduction; Lipid-mediated mechanotransduction; Natriuretic peptide signaling; TRP channels; Ultrasound neuromodulation mechanisms; Voltage-gated calcium channels; Voltage-gated sodium channels,9
257,MLC1,Other,17,228,Chloride and anion channels; Gap junction mechanosensitivity; Inward rectifier potassium channels; Mechanosensitive ion channels,4
258,TMZ,Other,17,113,Chloride and anion channels; Gap junction mechanosensitivity; Integrin mechanotransduction; Lipid-mediated mechanotransduction; Voltage-gated calcium channels,5
259,CBF,Other,17,77,Chloride and anion channels; Gap junction mechanosensitivity; Integrin mechanotransduction; Inward rectifier potassium channels; Mechanosensitive ion channels; Mechanotransduction signaling; Natriuretic peptide signaling; TRP channels; Two-pore potassium channels (K2P); Ultrasound neuromodulation mechanisms,10
260,NPR1,Other,17,75,Natriuretic peptide signaling,1
261,ACC,Other,17,67,Acid-sensing ion channels; Gap junction mechanosensitivity; Integrin mechanotransduction; Inward rectifier potassium channels; Lipid-mediated mechanotransduction; Mechanotransduction signaling; Natriuretic peptide signaling; TRP channels; Two-pore potassium channels (K2P); Ultrasound neuromodulation mechanisms; Voltage-gated sodium channels,11
262,PAH,Other,17,62,Lipid-mediated mechanotransduction; Mechanotransduction signaling; Natriuretic peptide signaling; Two-pore potassium channels (K2P); Voltage-gated calcium channels,5
263,NVU,Other,17,56,Gap junction mechanosensitivity; Integrin mechanotransduction; Inward rectifier potassium channels; Lipid-mediated mechanotransduction; Natriuretic peptide signaling; Two-pore potassium channels (K2P); Ultrasound neuromodulation mechanisms,7
264,COVID,Other,17,51,Gap junction mechanosensitivity; Integrin mechanotransduction; Lipid-mediated mechanotransduction; Mechanotransduction signaling; Natriuretic peptide signaling; TRP channels; Ultrasound neuromodulation mechanisms; Voltage-gated sodium channels,8
265,CD44,Other,17,49,Gap junction mechanosensitivity; Integrin mechanotransduction; Lipid-mediated mechanotransduction; Mechanotransduction signaling; Natriuretic peptide signaling,5
266,FLP,Other,17,42,Mechanotransduction signaling; Natriuretic peptide signaling; TRP channels,3
267,LOV,Other,17,34,TRP channels,1
268,DCPIB,Other,16,296,Chloride and anion channels; Gap junction mechanosensitivity; Inward rectifier potassium channels; Mechanotransduction signaling; Two-pore potassium channels (K2P),5
269,PVN,Other,16,97,Acid-sensing ion channels; Chloride and anion channels; Gap junction mechanosensitivity; Lipid-mediated mechanotransduction; Mechanosensitive ion channels; Mechanotransduction signaling; Natriuretic peptide signaling; TRP channels; Two-pore potassium channels (K2P); Ultrasound neuromodulation mechanisms; Voltage-gated calcium channels,11
270,CAV,Other,16,83,Integrin mechanotransduction; Lipid-mediated mechanotransduction; Voltage-gated calcium channels,3
271,DBS,Other,16,81,Acid-sensing ion channels; Mechanosensitive ion channels; Mechanotransduction signaling; TRP channels; Two-pore potassium channels (K2P); Ultrasound neuromodulation mechanisms; Voltage-gated calcium channels; Voltage-gated sodium channels,8
272,TRPC3,TRP,16,81,Gap junction mechanosensitivity; Lipid-mediated mechanotransduction; Mechanosensitive ion channels; TRP channels; Two-pore potassium channels (K2P),5
273,GAERS,Other,16,76,Gap junction mechanosensitivity; Two-pore potassium channels (K2P); Voltage-gated calcium channels,3
274,GABAB,Other,16,64,Inward rectifier potassium channels; Lipid-mediated mechanotransduction; Mechanosensitive ion channels; TRP channels; Two-pore potassium channels (K2P); Voltage-gated calcium channels,6
275,HFD,Other,16,59,Acid-sensing ion channels; Integrin mechanotransduction; Lipid-mediated mechanotransduction; Mechanotransduction signaling; Natriuretic peptide signaling; TRP channels; Voltage-gated calcium channels,7
276,BAR,Other,16,56,Gap junction mechanosensitivity; Lipid-mediated mechanotransduction; TRP channels,3
277,ITGB3,Integrin,16,56,Integrin mechanotransduction,1
278,MPTP,Other,16,39,Gap junction mechanosensitivity; Integrin mechanotransduction; Inward rectifier potassium channels; Natriuretic peptide signaling; TRP channels; Voltage-gated calcium channels,6
279,BMI,Other,16,36,Acid-sensing ion channels; Lipid-mediated mechanotransduction; Natriuretic peptide signaling; Two-pore potassium channels (K2P); Ultrasound neuromodulation mechanisms,5
280,IP3,Other,16,34,Chloride and anion channels; Gap junction mechanosensitivity; Inward rectifier potassium channels; Lipid-mediated mechanotransduction; Mechanotransduction signaling; Natriuretic peptide signaling; TRP channels; Two-pore potassium channels (K2P),8
281,OFF,Other,16,32,Gap junction mechanosensitivity; Lipid-mediated mechanotransduction; Natriuretic peptide signaling; Two-pore potassium channels (K2P); Ultrasound neuromodulation mechanisms; Voltage-gated calcium channels,6
282,CRP,Other,16,32,Lipid-mediated mechanotransduction; Natriuretic peptide signaling; TRP channels; Ultrasound neuromodulation mechanisms,4
283,TEM,Other,16,29,Gap junction mechanosensitivity; Integrin mechanotransduction; Inward rectifier potassium channels; Lipid-mediated mechanotransduction; Mechanotransduction signaling; TRP channels; Ultrasound neuromodulation mechanisms,7
284,TRPP,Other,16,28,Mechanosensitive ion channels; TRP channels,2
285,TRPA,Other,16,23,Gap junction mechanosensitivity; Inward rectifier potassium channels; Mechanosensitive ion channels; Mechanotransduction signaling; TRP channels; Voltage-gated calcium channels,6
286,ASIC2B,ASIC,16,21,Acid-sensing ion channels; Two-pore potassium channels (K2P),2
287,CMOS,Other,16,19,Acid-sensing ion channels; TRP channels; Two-pore potassium channels (K2P),3
288,THIK,Other,15,99,Two-pore potassium channels (K2P),1
289,VTA,Other,15,96,Chloride and anion channels; Gap junction mechanosensitivity; Inward rectifier potassium channels; Lipid-mediated mechanotransduction; Natriuretic peptide signaling; TRP channels; Two-pore potassium channels (K2P); Voltage-gated calcium channels; Voltage-gated sodium channels,9
290,STN,Other,15,80,Inward rectifier potassium channels; Natriuretic peptide signaling; Two-pore potassium channels (K2P); Ultrasound neuromodulation mechanisms; Voltage-gated calcium channels,5
291,CCL2,Other,15,71,Gap junction mechanosensitivity; Integrin mechanotransduction; Inward rectifier potassium channels; Lipid-mediated mechanotransduction; Mechanosensitive ion channels; Mechanotransduction signaling; TRP channels; Voltage-gated calcium channels; Voltage-gated sodium channels,9
292,NPY,Other,15,64,Gap junction mechanosensitivity; Integrin mechanotransduction; Inward rectifier potassium channels; Natriuretic peptide signaling; TRP channels; Two-pore potassium channels (K2P); Voltage-gated calcium channels; Voltage-gated sodium channels,8
293,GIRK2,Other,15,63,Inward rectifier potassium channels; Two-pore potassium channels (K2P),2
294,ITGB8,Integrin,15,60,Integrin mechanotransduction,1
295,TSPO,Other,15,58,Gap junction mechanosensitivity; Integrin mechanotransduction; Natriuretic peptide signaling; Ultrasound neuromodulation mechanisms,4
296,OHDA,Other,15,56,Gap junction mechanosensitivity; Inward rectifier potassium channels; Lipid-mediated mechanotransduction; Natriuretic peptide signaling; TRP channels; Voltage-gated calcium channels; Voltage-gated sodium channels,7
297,VSMC,Other,15,55,Acid-sensing ion channels; Chloride and anion channels; Integrin mechanotransduction; Inward rectifier potassium channels; Lipid-mediated mechanotransduction; Mechanosensitive ion channels; Mechanotransduction signaling; Natriuretic peptide signaling; Ultrasound neuromodulation mechanisms,9
298,ECS,Other,15,55,Chloride and anion channels; Gap junction mechanosensitivity; Inward rectifier potassium channels; Lipid-mediated mechanotransduction; Natriuretic peptide signaling; TRP channels; Voltage-gated calcium channels,7
299,CB2,Other,15,52,Acid-sensing ion channels; Inward rectifier potassium channels; Lipid-mediated mechanotransduction; Mechanosensitive ion channels; Mechanotransduction signaling; Natriuretic peptide signaling; TRP channels; Voltage-gated calcium channels,8
300,TMC,Other,15,37,Lipid-mediated mechanotransduction; Mechanosensitive ion channels; Mechanotransduction signaling; TRP channels; Two-pore potassium channels (K2P),5
301,NPC,Other,15,37,Chloride and anion channels; Gap junction mechanosensitivity; Integrin mechanotransduction; Inward rectifier potassium channels; Lipid-mediated mechanotransduction; Mechanotransduction signaling; Two-pore potassium channels (K2P); Ultrasound neuromodulation mechanisms; Voltage-gated calcium channels,9
302,CACNA1C,Cav,15,31,Integrin mechanotransduction; Lipid-mediated mechanotransduction; TRP channels; Voltage-gated calcium channels; Voltage-gated sodium channels,5
303,FGF,Other,15,30,Gap junction mechanosensitivity; Integrin mechanotransduction; Inward rectifier potassium channels; Lipid-mediated mechanotransduction; Mechanosensitive ion channels; Natriuretic peptide signaling; Ultrasound neuromodulation mechanisms; Voltage-gated sodium channels,8
304,MOG,Other,15,29,Gap junction mechanosensitivity; Integrin mechanotransduction; Inward rectifier potassium channels; Two-pore potassium channels (K2P); Ultrasound neuromodulation mechanisms,5
305,TTC,Other,15,22,Chloride and anion channels; Gap junction mechanosensitivity; Integrin mechanotransduction; Lipid-mediated mechanotransduction; Natriuretic peptide signaling; TRP channels; Two-pore potassium channels (K2P); Ultrasound neuromodulation mechanisms; Voltage-gated sodium channels,9
306,KIR6.2,Other,15,19,Inward rectifier potassium channels; TRP channels,2
307,PLD3,Phospholipase,14,108,Lipid-mediated mechanotransduction,1
308,CSD,Other,14,103,Gap junction mechanosensitivity; Inward rectifier potassium channels; Lipid-mediated mechanotransduction; Natriuretic peptide signaling; Two-pore potassium channels (K2P); Ultrasound neuromodulation mechanisms,6
309,VPA,Other,14,101,Gap junction mechanosensitivity; Inward rectifier potassium channels; TRP channels; Voltage-gated calcium channels; Voltage-gated sodium channels,5
310,RTN,Other,14,93,Acid-sensing ion channels; Gap junction mechanosensitivity; Inward rectifier potassium channels; Two-pore potassium channels (K2P); Voltage-gated calcium channels,5
311,LPA,Other,14,89,Acid-sensing ion channels; Gap junction mechanosensitivity; Lipid-mediated mechanotransduction; Mechanosensitive ion channels; Natriuretic peptide signaling; Voltage-gated sodium channels,6
312,TRPM7,TRP,14,85,Lipid-mediated mechanotransduction; Mechanosensitive ion channels; Mechanotransduction signaling; TRP channels; Ultrasound neuromodulation mechanisms,5
313,HMGB1,Other,14,73,Acid-sensing ion channels; Gap junction mechanosensitivity; Integrin mechanotransduction; Lipid-mediated mechanotransduction; Natriuretic peptide signaling; TRP channels; Ultrasound neuromodulation mechanisms,7
314,DAG,Other,14,72,Chloride and anion channels; Lipid-mediated mechanotransduction; TRP channels; Two-pore potassium channels (K2P); Voltage-gated calcium channels,5
315,OVX,Other,14,67,Gap junction mechanosensitivity; Inward rectifier potassium channels; Lipid-mediated mechanotransduction; Mechanosensitive ion channels; Natriuretic peptide signaling; TRP channels; Two-pore potassium channels (K2P); Voltage-gated calcium channels,8
316,PGE2,Other,14,67,Acid-sensing ion channels; Gap junction mechanosensitivity; Integrin mechanotransduction; Inward rectifier potassium channels; Lipid-mediated mechanotransduction; Mechanotransduction signaling; TRP channels; Ultrasound neuromodulation mechanisms; Voltage-gated sodium channels,9
317,NPR3,Other,14,63,Natriuretic peptide signaling,1
318,NOMPC,Other,14,55,Acid-sensing ion channels; Lipid-mediated mechanotransduction; Mechanosensitive ion channels; Mechanotransduction signaling; TRP channels; Two-pore potassium channels (K2P),6
319,GSC,Other,14,49,Acid-sensing ion channels; Gap junction mechanosensitivity; Integrin mechanotransduction; Inward rectifier potassium channels; Lipid-mediated mechanotransduction; Voltage-gated calcium channels,6
320,IFT,Other,14,34,TRP channels; Ultrasound neuromodulation mechanisms,2
321,DLPFC,Other,14,30,Inward rectifier potassium channels; Two-pore potassium channels (K2P); Ultrasound neuromodulation mechanisms,3
322,ARPKD,Other,14,28,TRP channels,1
323,IB4,Other,14,25,Acid-sensing ion channels; Lipid-mediated mechanotransduction; Mechanotransduction signaling; Natriuretic peptide signaling; TRP channels; Two-pore potassium channels (K2P); Voltage-gated sodium channels,7
324,GWAS,Other,14,24,Chloride and anion channels; Gap junction mechanosensitivity; Integrin mechanotransduction; Inward rectifier potassium channels; Lipid-mediated mechanotransduction; TRP channels; Two-pore potassium channels (K2P); Ultrasound neuromodulation mechanisms; Voltage-gated calcium channels; Voltage-gated sodium channels,10
325,ABC,Other,14,24,Acid-sensing ion channels; Chloride and anion channels; Gap junction mechanosensitivity; Integrin mechanotransduction; Inward rectifier potassium channels; Lipid-mediated mechanotransduction; Natriuretic peptide signaling; Voltage-gated calcium channels; Voltage-gated sodium channels,9
326,POINTS,Other,14,23,Acid-sensing ion channels; Chloride and anion channels; Gap junction mechanosensitivity; Lipid-mediated mechanotransduction; Mechanosensitive ion channels; Mechanotransduction signaling; TRP channels; Voltage-gated calcium channels; Voltage-gated sodium channels,9
327,IVA,Other,14,23,Inward rectifier potassium channels; Lipid-mediated mechanotransduction; Natriuretic peptide signaling; Two-pore potassium channels (K2P); Voltage-gated calcium channels,5
328,NOD,Other,14,20,Gap junction mechanosensitivity; Integrin mechanotransduction; Lipid-mediated mechanotransduction; Natriuretic peptide signaling; TRP channels; Two-pore potassium channels (K2P),6
329,NAD,Other,14,19,Gap junction mechanosensitivity; Integrin mechanotransduction; Inward rectifier potassium channels; Lipid-mediated mechanotransduction; Natriuretic peptide signaling; TRP channels; Ultrasound neuromodulation mechanisms; Voltage-gated sodium channels,8
330,RPE65,Other,14,19,Chloride and anion channels,1
331,CRMP2,Other,13,92,Voltage-gated calcium channels; Voltage-gated sodium channels,2
332,TRN,Other,13,77,Chloride and anion channels; Gap junction mechanosensitivity; Mechanotransduction signaling; Voltage-gated calcium channels,4
333,CAR,Other,13,70,Gap junction mechanosensitivity; Integrin mechanotransduction; Lipid-mediated mechanotransduction; Mechanotransduction signaling; Ultrasound neuromodulation mechanisms; Voltage-gated sodium channels,6
334,PDMS,Other,13,50,Acid-sensing ion channels; Chloride and anion channels; Integrin mechanotransduction; Mechanosensitive ion channels; Mechanotransduction signaling; TRP channels; Ultrasound neuromodulation mechanisms,7
335,MEA,Other,13,49,Acid-sensing ion channels; Chloride and anion channels; Gap junction mechanosensitivity; Mechanosensitive ion channels; Mechanotransduction signaling; TRP channels; Voltage-gated sodium channels,7
336,CIPN,Other,13,48,Gap junction mechanosensitivity; Integrin mechanotransduction; Inward rectifier potassium channels; Lipid-mediated mechanotransduction; TRP channels; Ultrasound neuromodulation mechanisms; Voltage-gated sodium channels,7
337,GJB6,Connexin,13,46,Gap junction mechanosensitivity; Inward rectifier potassium channels,2
338,DIDS,Other,13,42,Chloride and anion channels; TRP channels; Two-pore potassium channels (K2P),3
339,KCNQ2,Kv,13,41,Gap junction mechanosensitivity; Inward rectifier potassium channels; Lipid-mediated mechanotransduction; TRP channels; Voltage-gated sodium channels,5
340,NMJ,Other,13,40,Acid-sensing ion channels; Integrin mechanotransduction; Inward rectifier potassium channels; Lipid-mediated mechanotransduction; Mechanotransduction signaling; Natriuretic peptide signaling; Voltage-gated sodium channels,7
341,EMT,Other,13,36,Gap junction mechanosensitivity; Integrin mechanotransduction; Lipid-mediated mechanotransduction; Mechanosensitive ion channels; TRP channels,5
342,SOD,Other,13,35,Gap junction mechanosensitivity; Lipid-mediated mechanotransduction; Natriuretic peptide signaling; TRP channels; Voltage-gated sodium channels,5
343,BMP,Other,13,34,Integrin mechanotransduction; Lipid-mediated mechanotransduction; Mechanosensitive ion channels; Mechanotransduction signaling; Natriuretic peptide signaling; TRP channels; Ultrasound neuromodulation mechanisms; Voltage-gated sodium channels,8
344,MMP9,Other,13,34,Gap junction mechanosensitivity; Integrin mechanotransduction; Inward rectifier potassium channels; Lipid-mediated mechanotransduction; Natriuretic peptide signaling; TRP channels,6
345,HT1A,Other,13,27,Chloride and anion channels; Gap junction mechanosensitivity; Inward rectifier potassium channels; Lipid-mediated mechanotransduction; Mechanosensitive ion channels; Mechanotransduction signaling; Natriuretic peptide signaling; Two-pore potassium channels (K2P); Voltage-gated calcium channels,9
346,LC3,Other,13,22,Acid-sensing ion channels; Gap junction mechanosensitivity; Integrin mechanotransduction; Inward rectifier potassium channels; Lipid-mediated mechanotransduction; Natriuretic peptide signaling; TRP channels,7
347,MBP,Other,13,21,Gap junction mechanosensitivity; Integrin mechanotransduction; Lipid-mediated mechanotransduction; Mechanosensitive ion channels; Mechanotransduction signaling; TRP channels; Ultrasound neuromodulation mechanisms; Voltage-gated calcium channels; Voltage-gated sodium channels,9
348,CX32,Connexin,13,19,Gap junction mechanosensitivity; Inward rectifier potassium channels,2
349,NAV1.3,Other,13,17,Voltage-gated calcium channels; Voltage-gated sodium channels,2
350,PKHD1,Other,13,17,TRP channels,1
351,TMEM16,Other,13,16,Chloride and anion channels; Mechanosensitive ion channels; Mechanotransduction signaling,3
352,FITC,Other,13,16,Gap junction mechanosensitivity; Integrin mechanotransduction; Inward rectifier potassium channels; Lipid-mediated mechanotransduction; Mechanosensitive ion channels; Natriuretic peptide signaling; TRP channels; Ultrasound neuromodulation mechanisms,8
353,CAV2.1,Caveolin,13,16,Inward rectifier potassium channels; Lipid-mediated mechanotransduction; Natriuretic peptide signaling; Voltage-gated calcium channels,4
354,KIR6.1,Other,13,15,Inward rectifier potassium channels; Lipid-mediated mechanotransduction; Two-pore potassium channels (K2P),3
355,CAV1.2,Caveolin,13,13,Lipid-mediated mechanotransduction; TRP channels; Voltage-gated calcium channels; Voltage-gated sodium channels,4
356,EAA,Other,12,149,Chloride and anion channels; Mechanosensitive ion channels; Voltage-gated sodium channels,3
357,CUMS,Other,12,88,Gap junction mechanosensitivity; Lipid-mediated mechanotransduction; Mechanosensitive ion channels; Natriuretic peptide signaling; Two-pore potassium channels (K2P); Ultrasound neuromodulation mechanisms,6
358,SCN,Other,12,75,Acid-sensing ion channels; Chloride and anion channels; Gap junction mechanosensitivity; Inward rectifier potassium channels; TRP channels; Two-pore potassium channels (K2P); Ultrasound neuromodulation mechanisms; Voltage-gated calcium channels; Voltage-gated sodium channels,9
359,AMI,Other,12,61,Integrin mechanotransduction; Lipid-mediated mechanotransduction; Mechanosensitive ion channels; Natriuretic peptide signaling; TRP channels,5
360,SWELL1,Other,12,60,Chloride and anion channels; Lipid-mediated mechanotransduction; Mechanosensitive ion channels,3
361,SVZ,Other,12,60,Gap junction mechanosensitivity; Integrin mechanotransduction; Natriuretic peptide signaling; Two-pore potassium channels (K2P); Ultrasound neuromodulation mechanisms,5
362,SKF,Other,12,57,Gap junction mechanosensitivity; Inward rectifier potassium channels; Lipid-mediated mechanotransduction; Mechanosensitive ion channels; Mechanotransduction signaling; Natriuretic peptide signaling; TRP channels; Voltage-gated calcium channels; Voltage-gated sodium channels,9
363,TRPC4,TRP,12,56,Integrin mechanotransduction; Inward rectifier potassium channels; Lipid-mediated mechanotransduction; TRP channels; Voltage-gated calcium channels; Voltage-gated sodium channels,6
364,SGC,Other,12,54,Acid-sensing ion channels; Gap junction mechanosensitivity; Inward rectifier potassium channels; Mechanosensitive ion channels; Mechanotransduction signaling; TRP channels; Voltage-gated sodium channels,7
365,MPP,Other,12,53,Acid-sensing ion channels; Gap junction mechanosensitivity; Inward rectifier potassium channels; Mechanosensitive ion channels; Natriuretic peptide signaling; TRP channels,6
366,CO2,Other,12,47,Chloride and anion channels; Gap junction mechanosensitivity; Integrin mechanotransduction; Inward rectifier potassium channels; Lipid-mediated mechanotransduction; Natriuretic peptide signaling; TRP channels; Two-pore potassium channels (K2P); Voltage-gated calcium channels,9
367,TMEM63,Other,12,45,Mechanosensitive ion channels; Mechanotransduction signaling; Two-pore potassium channels (K2P),3
368,FM1,Other,12,41,Acid-sensing ion channels; Chloride and anion channels; Gap junction mechanosensitivity; Lipid-mediated mechanotransduction; Mechanosensitive ion channels; Mechanotransduction signaling; TRP channels; Voltage-gated sodium channels,8
369,APB,Other,12,40,Chloride and anion channels; Lipid-mediated mechanotransduction; Mechanosensitive ion channels; Mechanotransduction signaling; Natriuretic peptide signaling; TRP channels; Two-pore potassium channels (K2P); Ultrasound neuromodulation mechanisms; Voltage-gated calcium channels,9
370,GDNF,Other,12,40,Integrin mechanotransduction; Inward rectifier potassium channels; Lipid-mediated mechanotransduction; Natriuretic peptide signaling; TRP channels; Voltage-gated calcium channels; Voltage-gated sodium channels,7
371,DCM,Other,12,38,Lipid-mediated mechanotransduction; Natriuretic peptide signaling; TRP channels; Ultrasound neuromodulation mechanisms; Voltage-gated sodium channels,5
372,NOX2,Other,12,37,Acid-sensing ion channels; Chloride and anion channels; Integrin mechanotransduction; Inward rectifier potassium channels; Lipid-mediated mechanotransduction; Mechanosensitive ion channels; Mechanotransduction signaling; TRP channels,8
373,GAP,Other,12,37,Chloride and anion channels; Gap junction mechanosensitivity; Integrin mechanotransduction; Lipid-mediated mechanotransduction; Two-pore potassium channels (K2P),5
374,SCN9A,Nav,12,35,TRP channels; Voltage-gated sodium channels,2
375,TEER,Other,12,34,Chloride and anion channels; Gap junction mechanosensitivity; Integrin mechanotransduction; Lipid-mediated mechanotransduction; Mechanotransduction signaling; Natriuretic peptide signaling; TRP channels; Ultrasound neuromodulation mechanisms,8
376,CKD,Other,12,34,Gap junction mechanosensitivity; Natriuretic peptide signaling; TRP channels,3
377,GAD,Other,12,32,Chloride and anion channels; Mechanosensitive ion channels; Mechanotransduction signaling; Natriuretic peptide signaling; Two-pore potassium channels (K2P); Voltage-gated calcium channels,6
378,MES,Other,12,32,Acid-sensing ion channels; Integrin mechanotransduction; TRP channels; Voltage-gated sodium channels,4
379,OPC,Other,12,30,Gap junction mechanosensitivity; Integrin mechanotransduction; Inward rectifier potassium channels; Lipid-mediated mechanotransduction; Mechanosensitive ion channels; Mechanotransduction signaling; Natriuretic peptide signaling; Voltage-gated calcium channels,8
380,LDL,Other,12,30,Integrin mechanotransduction; Lipid-mediated mechanotransduction; Mechanotransduction signaling; Natriuretic peptide signaling; TRP channels,5
381,SSRI,Other,12,29,Chloride and anion channels; Integrin mechanotransduction; Inward rectifier potassium channels; Lipid-mediated mechanotransduction; Two-pore potassium channels (K2P); Voltage-gated sodium channels,6
382,PPI,Other,12,28,Acid-sensing ion channels; Integrin mechanotransduction; Lipid-mediated mechanotransduction; Mechanosensitive ion channels; Mechanotransduction signaling; TRP channels; Voltage-gated calcium channels; Voltage-gated sodium channels,8
383,FRET,Other,12,28,Acid-sensing ion channels; Chloride and anion channels; Gap junction mechanosensitivity; Integrin mechanotransduction; Lipid-mediated mechanotransduction; Mechanotransduction signaling; Natriuretic peptide signaling; Ultrasound neuromodulation mechanisms,8
384,OSM,Other,12,26,Gap junction mechanosensitivity; Integrin mechanotransduction; Natriuretic peptide signaling; TRP channels,4
385,KCNK,Other,12,25,Mechanosensitive ion channels; Two-pore potassium channels (K2P),2
386,MWM,Other,12,23,Acid-sensing ion channels; Gap junction mechanosensitivity; Integrin mechanotransduction; TRP channels; Two-pore potassium channels (K2P); Ultrasound neuromodulation mechanisms; Voltage-gated calcium channels; Voltage-gated sodium channels,8
387,TCGA,Other,12,17,Acid-sensing ion channels; Integrin mechanotransduction; Mechanosensitive ion channels; Mechanotransduction signaling; TRP channels; Ultrasound neuromodulation mechanisms; Voltage-gated sodium channels,7
388,CBX,Other,11,83,Chloride and anion channels; Gap junction mechanosensitivity,2
389,AVP,Other,11,61,Acid-sensing ion channels; Gap junction mechanosensitivity; Inward rectifier potassium channels; Lipid-mediated mechanotransduction; Natriuretic peptide signaling; Two-pore potassium channels (K2P); Voltage-gated calcium channels,7
390,KCC2,Other,11,58,Chloride and anion channels; Gap junction mechanosensitivity; Inward rectifier potassium channels; TRP channels; Two-pore potassium channels (K2P); Ultrasound neuromodulation mechanisms; Voltage-gated calcium channels,7
391,ADHD,Other,11,56,Integrin mechanotransduction; Natriuretic peptide signaling; Two-pore potassium channels (K2P); Ultrasound neuromodulation mechanisms; Voltage-gated sodium channels,5
392,SARS,Other,11,54,Acid-sensing ion channels; Gap junction mechanosensitivity; Integrin mechanotransduction; Lipid-mediated mechanotransduction; TRP channels; Ultrasound neuromodulation mechanisms; Voltage-gated sodium channels,7
393,STING,Other,11,49,Chloride and anion channels; Gap junction mechanosensitivity; Integrin mechanotransduction; Lipid-mediated mechanotransduction; Mechanotransduction signaling; TRP channels,6
394,TAT,Other,11,47,Gap junction mechanosensitivity; TRP channels; Two-pore potassium channels (K2P); Ultrasound neuromodulation mechanisms; Voltage-gated sodium channels,5
395,PLA2,Phospholipase,11,47,Acid-sensing ion channels; Lipid-mediated mechanotransduction; Natriuretic peptide signaling; TRP channels,4
396,GUCY2C,Other,11,47,Natriuretic peptide signaling,1
397,CXCR4,Other,11,45,Gap junction mechanosensitivity; Integrin mechanotransduction; Inward rectifier potassium channels; TRP channels; Ultrasound neuromodulation mechanisms; Voltage-gated sodium channels,6
398,PCI,Other,11,43,Lipid-mediated mechanotransduction; Natriuretic peptide signaling; TRP channels; Ultrasound neuromodulation mechanisms,4
399,NR2B,Other,11,39,Acid-sensing ion channels; Chloride and anion channels; Gap junction mechanosensitivity; Integrin mechanotransduction; Inward rectifier potassium channels; Mechanotransduction signaling; Natriuretic peptide signaling; TRP channels; Voltage-gated calcium channels; Voltage-gated sodium channels,10
400,CPP,Other,11,37,Acid-sensing ion channels; Gap junction mechanosensitivity; Lipid-mediated mechanotransduction; Mechanotransduction signaling; Natriuretic peptide signaling; TRP channels; Two-pore potassium channels (K2P); Voltage-gated sodium channels,8
401,UNC,Other,11,36,Acid-sensing ion channels; Gap junction mechanosensitivity; Integrin mechanotransduction; Lipid-mediated mechanotransduction; Mechanosensitive ion channels; Natriuretic peptide signaling; TRP channels; Two-pore potassium channels (K2P),8
402,ASM,Other,11,36,Gap junction mechanosensitivity; Inward rectifier potassium channels; Natriuretic peptide signaling; Voltage-gated sodium channels,4
403,NAE,Other,11,36,Lipid-mediated mechanotransduction,1
404,VIP,Other,11,35,Acid-sensing ion channels; Gap junction mechanosensitivity; Integrin mechanotransduction; Natriuretic peptide signaling; TRP channels; Voltage-gated calcium channels,6
405,PRRT2,Other,11,34,Inward rectifier potassium channels; TRP channels; Voltage-gated sodium channels,3
406,ANO2,Chloride,11,32,Chloride and anion channels; Two-pore potassium channels (K2P),2
407,DMN,Other,11,32,Gap junction mechanosensitivity; Two-pore potassium channels (K2P); Ultrasound neuromodulation mechanisms,3
408,TME,Other,11,31,Integrin mechanotransduction; Lipid-mediated mechanotransduction; Mechanosensitive ion channels; Mechanotransduction signaling; TRP channels; Ultrasound neuromodulation mechanisms,6
409,POMC,Other,11,31,Gap junction mechanosensitivity; Inward rectifier potassium channels; Mechanosensitive ion channels; TRP channels; Voltage-gated calcium channels,5
410,TTA,Other,11,30,Voltage-gated calcium channels,1
411,GSK,Other,11,30,Gap junction mechanosensitivity; Lipid-mediated mechanotransduction; Natriuretic peptide signaling; TRP channels; Ultrasound neuromodulation mechanisms,5
412,IBD,Other,11,29,Chloride and anion channels; Integrin mechanotransduction; Mechanosensitive ion channels; Mechanotransduction signaling; TRP channels; Ultrasound neuromodulation mechanisms; Voltage-gated sodium channels,7
413,VEGFR2,Other,11,29,Integrin mechanotransduction; Lipid-mediated mechanotransduction; Mechanotransduction signaling; TRP channels; Two-pore potassium channels (K2P); Voltage-gated sodium channels,6
414,UTP,Other,11,29,Acid-sensing ion channels; Chloride and anion channels; Mechanotransduction signaling; Natriuretic peptide signaling; TRP channels; Voltage-gated sodium channels,6
415,SUDEP,Other,11,29,Inward rectifier potassium channels; Voltage-gated sodium channels,2
416,SOD1,Other,11,26,Chloride and anion channels; Integrin mechanotransduction; Inward rectifier potassium channels; Lipid-mediated mechanotransduction; Ultrasound neuromodulation mechanisms,5
417,PDGF,Other,11,26,Acid-sensing ion channels; Integrin mechanotransduction; Lipid-mediated mechanotransduction; Natriuretic peptide signaling; Ultrasound neuromodulation mechanisms; Voltage-gated calcium channels; Voltage-gated sodium channels,7
418,CLCA,Other,11,26,Chloride and anion channels,1
419,MCA,Other,11,25,Acid-sensing ion channels; Chloride and anion channels; Gap junction mechanosensitivity; Inward rectifier potassium channels; Mechanotransduction signaling; Natriuretic peptide signaling; TRP channels; Two-pore potassium channels (K2P),8
420,NLP,Other,11,25,Natriuretic peptide signaling,1
421,PBS,Other,11,23,Acid-sensing ion channels; Chloride and anion channels; Integrin mechanotransduction; Inward rectifier potassium channels; Mechanotransduction signaling; Natriuretic peptide signaling; TRP channels; Voltage-gated calcium channels; Voltage-gated sodium channels,9
422,MCI,Other,11,22,Lipid-mediated mechanotransduction; Mechanosensitive ion channels; Natriuretic peptide signaling; Two-pore potassium channels (K2P); Ultrasound neuromodulation mechanisms,5
423,PMA,Other,11,22,Acid-sensing ion channels; Chloride and anion channels; Lipid-mediated mechanotransduction; TRP channels; Voltage-gated calcium channels; Voltage-gated sodium channels,6
424,NPRC,Other,11,21,Natriuretic peptide signaling,1
425,AP5,Other,11,20,Gap junction mechanosensitivity; Inward rectifier potassium channels; Mechanosensitive ion channels; Mechanotransduction signaling; Natriuretic peptide signaling; TRP channels; Voltage-gated calcium channels,7
426,NG2,Other,11,20,Acid-sensing ion channels; Gap junction mechanosensitivity; Integrin mechanotransduction; Inward rectifier potassium channels; Two-pore potassium channels (K2P); Voltage-gated sodium channels,6
427,WNT,Other,11,19,Gap junction mechanosensitivity; Integrin mechanotransduction; Lipid-mediated mechanotransduction; Mechanotransduction signaling; Natriuretic peptide signaling; Ultrasound neuromodulation mechanisms,6
428,RAAS,Other,11,17,Mechanotransduction signaling; Natriuretic peptide signaling,2
429,CNN,Other,11,17,Acid-sensing ion channels; TRP channels; Two-pore potassium channels (K2P); Ultrasound neuromodulation mechanisms,4
430,METHODS,Other,11,15,Inward rectifier potassium channels; Mechanosensitive ion channels; Natriuretic peptide signaling; TRP channels; Two-pore potassium channels (K2P); Voltage-gated calcium channels,6
431,URL,Other,11,15,Natriuretic peptide signaling,1
432,RESULTS,Other,11,14,Inward rectifier potassium channels; Mechanosensitive ion channels; Natriuretic peptide signaling; Two-pore potassium channels (K2P),4
433,STAT,Other,11,11,Gap junction mechanosensitivity; Integrin mechanotransduction; Lipid-mediated mechanotransduction; Natriuretic peptide signaling; Ultrasound neuromodulation mechanisms,5
434,ITGB2,Integrin,10,88,Integrin mechanotransduction,1
435,PACAP,Other,10,87,Acid-sensing ion channels; Chloride and anion channels; Integrin mechanotransduction; Mechanotransduction signaling; TRP channels; Two-pore potassium channels (K2P); Voltage-gated calcium channels; Voltage-gated sodium channels,8
436,GRP,Other,10,70,Inward rectifier potassium channels; Mechanosensitive ion channels; Mechanotransduction signaling; Natriuretic peptide signaling,4
437,SAH,Other,10,69,Gap junction mechanosensitivity; Integrin mechanotransduction; Inward rectifier potassium channels; Mechanosensitive ion channels; Natriuretic peptide signaling; TRP channels,6
438,PANX2,Connexin,10,57,Chloride and anion channels; Gap junction mechanosensitivity; Mechanosensitive ion channels,3
439,GJIC,Other,10,56,Gap junction mechanosensitivity,1
440,GPI,Other,10,53,Gap junction mechanosensitivity; Integrin mechanotransduction; Lipid-mediated mechanotransduction,3
441,TMC2,Other,10,50,Integrin mechanotransduction; Lipid-mediated mechanotransduction; Mechanosensitive ion channels; Mechanotransduction signaling; Two-pore potassium channels (K2P),5
442,SHR,Other,10,50,Integrin mechanotransduction; Lipid-mediated mechanotransduction; Mechanosensitive ion channels; Natriuretic peptide signaling; Ultrasound neuromodulation mechanisms,5
443,IGF,Other,10,47,Acid-sensing ion channels; Integrin mechanotransduction; Mechanotransduction signaling; Natriuretic peptide signaling; TRP channels; Two-pore potassium channels (K2P); Voltage-gated calcium channels,7
444,ION,Other,10,45,Gap junction mechanosensitivity; Inward rectifier potassium channels; Natriuretic peptide signaling; TRP channels; Ultrasound neuromodulation mechanisms; Voltage-gated sodium channels,6
445,TPA,Other,10,44,Lipid-mediated mechanotransduction; Natriuretic peptide signaling; Two-pore potassium channels (K2P); Ultrasound neuromodulation mechanisms,4
446,NCAM,Other,10,44,Gap junction mechanosensitivity; Integrin mechanotransduction; Lipid-mediated mechanotransduction; Voltage-gated calcium channels,4
447,NPR2,Other,10,43,Natriuretic peptide signaling,1
448,GM1,Other,10,42,Inward rectifier potassium channels; Lipid-mediated mechanotransduction; Mechanosensitive ion channels; Mechanotransduction signaling; Two-pore potassium channels (K2P),5
449,NVC,Other,10,41,Inward rectifier potassium channels; Natriuretic peptide signaling; TRP channels; Two-pore potassium channels (K2P),4
450,RBC,Other,10,36,Gap junction mechanosensitivity; Integrin mechanotransduction; Mechanosensitive ion channels; Mechanotransduction signaling; Ultrasound neuromodulation mechanisms,5
451,VDAC,Other,10,32,Chloride and anion channels; Lipid-mediated mechanotransduction; Mechanotransduction signaling; Voltage-gated calcium channels; Voltage-gated sodium channels,5
452,SIRT1,Other,10,32,Natriuretic peptide signaling; TRP channels; Ultrasound neuromodulation mechanisms; Voltage-gated sodium channels,4
453,SK3,Other,10,29,Chloride and anion channels; Gap junction mechanosensitivity; Inward rectifier potassium channels; Lipid-mediated mechanotransduction; Mechanosensitive ion channels; Mechanotransduction signaling; TRP channels; Two-pore potassium channels (K2P),8
454,RAGE,Other,10,28,Gap junction mechanosensitivity; Integrin mechanotransduction; Lipid-mediated mechanotransduction; Natriuretic peptide signaling; TRP channels; Voltage-gated sodium channels,6
455,THP,Other,10,27,Acid-sensing ion channels; Gap junction mechanosensitivity; Integrin mechanotransduction; Lipid-mediated mechanotransduction; Natriuretic peptide signaling; Two-pore potassium channels (K2P); Voltage-gated calcium channels,7
456,AQP,Other,10,27,Acid-sensing ion channels; Gap junction mechanosensitivity; Inward rectifier potassium channels; Ultrasound neuromodulation mechanisms,4
457,CAP,Other,10,26,Acid-sensing ion channels; Integrin mechanotransduction; Inward rectifier potassium channels; Lipid-mediated mechanotransduction; Mechanosensitive ion channels; TRP channels; Voltage-gated calcium channels; Voltage-gated sodium channels,8
458,HPA,Other,10,26,Gap junction mechanosensitivity; Lipid-mediated mechanotransduction; Natriuretic peptide signaling; Ultrasound neuromodulation mechanisms; Voltage-gated calcium channels,5
459,STAT1,Other,10,25,Chloride and anion channels; Gap junction mechanosensitivity; Integrin mechanotransduction; Inward rectifier potassium channels; Mechanosensitive ion channels; Mechanotransduction signaling; TRP channels; Ultrasound neuromodulation mechanisms,8
460,PECAM,Other,10,24,Integrin mechanotransduction; Lipid-mediated mechanotransduction; Mechanotransduction signaling,3
461,BALB,Other,10,24,Acid-sensing ion channels; Gap junction mechanosensitivity; Inward rectifier potassium channels; Mechanotransduction signaling; TRP channels; Two-pore potassium channels (K2P); Voltage-gated sodium channels,7
462,ST2,Other,10,24,Natriuretic peptide signaling; TRP channels; Voltage-gated sodium channels,3
463,TCM,Other,10,24,Gap junction mechanosensitivity; Lipid-mediated mechanotransduction; Natriuretic peptide signaling; TRP channels; Ultrasound neuromodulation mechanisms; Voltage-gated sodium channels,6
464,ACTH,Other,10,23,Natriuretic peptide signaling; Two-pore potassium channels (K2P),2
465,CNG,Other,10,22,Chloride and anion channels; Gap junction mechanosensitivity; Inward rectifier potassium channels; Lipid-mediated mechanotransduction; Natriuretic peptide signaling; TRP channels,6
466,DEE,Other,10,22,Voltage-gated calcium channels; Voltage-gated sodium channels,2
467,NMR,Other,10,21,Acid-sensing ion channels; Integrin mechanotransduction; Inward rectifier potassium channels; Lipid-mediated mechanotransduction; Natriuretic peptide signaling; TRP channels; Voltage-gated sodium channels,7
468,NPRB,Other,10,20,Natriuretic peptide signaling,1
469,EGL,Other,10,19,Inward rectifier potassium channels; Lipid-mediated mechanotransduction; Mechanotransduction signaling; Natriuretic peptide signaling; TRP channels; Ultrasound neuromodulation mechanisms; Voltage-gated calcium channels,7
470,PI3,Other,10,19,Acid-sensing ion channels; Integrin mechanotransduction; Lipid-mediated mechanotransduction; Natriuretic peptide signaling; TRP channels; Voltage-gated calcium channels,6
471,BAY,Other,10,19,Acid-sensing ion channels; Gap junction mechanosensitivity; Natriuretic peptide signaling; TRP channels; Voltage-gated calcium channels,5
472,ARC,Other,10,18,Gap junction mechanosensitivity; Inward rectifier potassium channels; Lipid-mediated mechanotransduction; Mechanosensitive ion channels; Mechanotransduction signaling; TRP channels; Voltage-gated calcium channels,7
473,SOX2,Other,10,17,Integrin mechanotransduction; Mechanotransduction signaling; TRP channels; Ultrasound neuromodulation mechanisms,4
474,MDCK,Other,10,16,Chloride and anion channels; Lipid-mediated mechanotransduction; Mechanosensitive ion channels; TRP channels,4
475,GEO,Other,10,15,Gap junction mechanosensitivity; Integrin mechanotransduction; Lipid-mediated mechanotransduction; Natriuretic peptide signaling; TRP channels; Ultrasound neuromodulation mechanisms,6
476,S1P,Other,10,14,Chloride and anion channels; Integrin mechanotransduction; Lipid-mediated mechanotransduction; Mechanotransduction signaling; Natriuretic peptide signaling; TRP channels; Two-pore potassium channels (K2P),7
477,SMC,Other,10,14,Inward rectifier potassium channels; Lipid-mediated mechanotransduction; Mechanotransduction signaling; Natriuretic peptide signaling; Ultrasound neuromodulation mechanisms; Voltage-gated sodium channels,6
478,CD68,Other,10,13,Integrin mechanotransduction; Inward rectifier potassium channels; Lipid-mediated mechanotransduction; Natriuretic peptide signaling; TRP channels; Ultrasound neuromodulation mechanisms,6
479,FACS,Other,10,12,Chloride and anion channels; Integrin mechanotransduction; Inward rectifier potassium channels; Mechanotransduction signaling; Two-pore potassium channels (K2P); Ultrasound neuromodulation mechanisms; Voltage-gated sodium channels,7
480,JCI,Other,10,11,Gap junction mechanosensitivity; Integrin mechanotransduction; Inward rectifier potassium channels; Lipid-mediated mechanotransduction; Mechanotransduction signaling; Natriuretic peptide signaling; TRP channels; Voltage-gated sodium channels,8
481,SAK3,Other,9,83,Voltage-gated calcium channels,1
482,SFN,Other,9,74,TRP channels; Ultrasound neuromodulation mechanisms; Voltage-gated sodium channels,3
483,CIB2,Other,9,70,Integrin mechanotransduction; Mechanosensitive ion channels; Mechanotransduction signaling,3
484,ITGA2,Integrin,9,69,Integrin mechanotransduction,1
485,SON,Other,9,66,Chloride and anion channels; Lipid-mediated mechanotransduction; Natriuretic peptide signaling; Voltage-gated calcium channels,4
486,ITGAV,Other,9,48,Gap junction mechanosensitivity; Integrin mechanotransduction,2
487,TASK2,Other,9,47,Two-pore potassium channels (K2P),1
488,SAE,Other,9,46,Gap junction mechanosensitivity; Integrin mechanotransduction; Lipid-mediated mechanotransduction; TRP channels; Ultrasound neuromodulation mechanisms; Voltage-gated sodium channels,6
489,CRD,Other,9,43,Acid-sensing ion channels; Chloride and anion channels; Lipid-mediated mechanotransduction; Mechanosensitive ion channels; Mechanotransduction signaling; Natriuretic peptide signaling; TRP channels,7
490,BLA,Other,9,43,Acid-sensing ion channels; Gap junction mechanosensitivity; Integrin mechanotransduction; Inward rectifier potassium channels; Ultrasound neuromodulation mechanisms; Voltage-gated sodium channels,6
491,SNS,Other,9,41,Acid-sensing ion channels; Gap junction mechanosensitivity; Inward rectifier potassium channels; Mechanotransduction signaling; Natriuretic peptide signaling; TRP channels,6
492,RTX,Other,9,41,Acid-sensing ion channels; Lipid-mediated mechanotransduction; TRP channels; Voltage-gated sodium channels,4
493,PAR,Other,9,40,Acid-sensing ion channels; Chloride and anion channels; Gap junction mechanosensitivity; Natriuretic peptide signaling; TRP channels,5
494,PNI,Other,9,39,Integrin mechanotransduction; Lipid-mediated mechanotransduction; Mechanosensitive ion channels; Mechanotransduction signaling; TRP channels; Ultrasound neuromodulation mechanisms; Voltage-gated calcium channels,7
495,AKI,Other,9,38,Acid-sensing ion channels; Gap junction mechanosensitivity; Natriuretic peptide signaling; TRP channels; Ultrasound neuromodulation mechanisms,5
496,AUD,Other,9,37,Acid-sensing ion channels; Gap junction mechanosensitivity; Lipid-mediated mechanotransduction; Natriuretic peptide signaling; TRP channels; Ultrasound neuromodulation mechanisms; Voltage-gated calcium channels,7
497,DOX,Other,9,37,Integrin mechanotransduction; Natriuretic peptide signaling,2
498,ST36,Other,9,36,Acid-sensing ion channels; Mechanosensitive ion channels; TRP channels; Ultrasound neuromodulation mechanisms; Voltage-gated sodium channels,5
499,CLP,Other,9,35,Gap junction mechanosensitivity; Integrin mechanotransduction; Lipid-mediated mechanotransduction; Mechanotransduction signaling; Natriuretic peptide signaling; TRP channels; Ultrasound neuromodulation mechanisms; Voltage-gated sodium channels,8
500,PEG,Other,9,32,Integrin mechanotransduction; Lipid-mediated mechanotransduction,2
501,PLA,Other,9,30,Acid-sensing ion channels; Gap junction mechanosensitivity; Integrin mechanotransduction; Lipid-mediated mechanotransduction; Two-pore potassium channels (K2P),5
502,JAK2,Other,9,30,Gap junction mechanosensitivity; Integrin mechanotransduction; Natriuretic peptide signaling; TRP channels; Voltage-gated calcium channels,5
503,ALFF,Other,9,27,Integrin mechanotransduction; Ultrasound neuromodulation mechanisms,2
504,NEP,Other,9,26,Natriuretic peptide signaling; Ultrasound neuromodulation mechanisms,2
505,STIM1,Other,9,25,Acid-sensing ion channels; Gap junction mechanosensitivity; Integrin mechanotransduction; Inward rectifier potassium channels; Lipid-mediated mechanotransduction; TRP channels,6
506,CCR2,Other,9,25,Integrin mechanotransduction; Lipid-mediated mechanotransduction; Natriuretic peptide signaling; TRP channels; Voltage-gated sodium channels,5
507,GLAST,Other,9,24,Chloride and anion channels; Gap junction mechanosensitivity; Inward rectifier potassium channels; Two-pore potassium channels (K2P),4
508,ACE,Other,9,24,Gap junction mechanosensitivity; Natriuretic peptide signaling; TRP channels,3
509,RMP,Other,9,23,Inward rectifier potassium channels; Two-pore potassium channels (K2P); Voltage-gated calcium channels; Voltage-gated sodium channels,4
510,FST,Other,9,23,Gap junction mechanosensitivity; Integrin mechanotransduction; Natriuretic peptide signaling; TRP channels; Two-pore potassium channels (K2P); Ultrasound neuromodulation mechanisms,6
511,GH3,Other,9,23,Acid-sensing ion channels; Chloride and anion channels; Lipid-mediated mechanotransduction; Natriuretic peptide signaling; Voltage-gated calcium channels,5
512,CAT,Other,9,22,Gap junction mechanosensitivity; Integrin mechanotransduction; Lipid-mediated mechanotransduction; Mechanosensitive ion channels; Natriuretic peptide signaling,5
513,WKY,Other,9,21,Acid-sensing ion channels; Integrin mechanotransduction; Lipid-mediated mechanotransduction; Mechanosensitive ion channels; Natriuretic peptide signaling; Ultrasound neuromodulation mechanisms,6
514,DHPG,Other,9,21,Acid-sensing ion channels; Inward rectifier potassium channels; Lipid-mediated mechanotransduction; Mechanosensitive ion channels; Voltage-gated calcium channels,5
515,VCAM1,Other,9,21,Integrin mechanotransduction; Inward rectifier potassium channels; Lipid-mediated mechanotransduction; Natriuretic peptide signaling; TRP channels; Two-pore potassium channels (K2P),6
516,ASH,Other,9,21,Natriuretic peptide signaling; TRP channels,2
517,CAM,Other,9,19,Integrin mechanotransduction; Lipid-mediated mechanotransduction; Ultrasound neuromodulation mechanisms; Voltage-gated sodium channels,4
518,PDE,Other,9,19,Natriuretic peptide signaling; TRP channels; Voltage-gated sodium channels,3
519,MMP2,Other,9,17,Acid-sensing ion channels; Integrin mechanotransduction; Lipid-mediated mechanotransduction; Natriuretic peptide signaling; Ultrasound neuromodulation mechanisms,5
520,GAD67,Other,9,16,Chloride and anion channels; Inward rectifier potassium channels; Ultrasound neuromodulation mechanisms; Voltage-gated calcium channels; Voltage-gated sodium channels,5
521,MAGL,Other,9,16,Lipid-mediated mechanotransduction; Voltage-gated sodium channels,2
522,AST,Other,9,15,Gap junction mechanosensitivity; Inward rectifier potassium channels; Natriuretic peptide signaling; Two-pore potassium channels (K2P); Ultrasound neuromodulation mechanisms,5
523,GAP43,Other,9,15,Gap junction mechanosensitivity; Integrin mechanotransduction; Inward rectifier potassium channels; Lipid-mediated mechanotransduction; Ultrasound neuromodulation mechanisms; Voltage-gated sodium channels,6
524,BSA,Other,9,12,Integrin mechanotransduction; Inward rectifier potassium channels; Lipid-mediated mechanotransduction; Natriuretic peptide signaling; TRP channels; Voltage-gated calcium channels,6
525,NGS,Other,9,12,Chloride and anion channels; TRP channels; Voltage-gated sodium channels,3
526,TRPN,Other,9,11,Mechanosensitive ion channels; TRP channels; Two-pore potassium channels (K2P),3
527,JAK,Other,9,11,Integrin mechanotransduction; Lipid-mediated mechanotransduction; Mechanotransduction signaling; Natriuretic peptide signaling; Ultrasound neuromodulation mechanisms,5
528,KIR3.1,Other,9,11,Inward rectifier potassium channels; Lipid-mediated mechanotransduction,2
529,CX26,Connexin,9,11,Gap junction mechanosensitivity; TRP channels,2
530,CAV2.3,Caveolin,9,10,Inward rectifier potassium channels; Voltage-gated calcium channels,2
531,SAN,Other,8,65,Gap junction mechanosensitivity; Lipid-mediated mechanotransduction; Natriuretic peptide signaling; Ultrasound neuromodulation mechanisms,4
532,CXCL10,Other,8,59,Acid-sensing ion channels; Gap junction mechanosensitivity; Integrin mechanotransduction; Lipid-mediated mechanotransduction; Natriuretic peptide signaling; TRP channels,6
533,CUS,Other,8,51,Gap junction mechanosensitivity; Lipid-mediated mechanotransduction,2
534,NMB,Other,8,50,Acid-sensing ion channels; Inward rectifier potassium channels; Mechanosensitive ion channels; Mechanotransduction signaling; Natriuretic peptide signaling; Voltage-gated calcium channels; Voltage-gated sodium channels,7
535,CRS,Other,8,48,Gap junction mechanosensitivity; Natriuretic peptide signaling,2
536,PND,Other,8,46,Gap junction mechanosensitivity; Integrin mechanotransduction; Lipid-mediated mechanotransduction; Voltage-gated sodium channels,4
537,KCNQ1,Kv,8,44,Inward rectifier potassium channels; Lipid-mediated mechanotransduction; Mechanotransduction signaling; Natriuretic peptide signaling; TRP channels; Two-pore potassium channels (K2P),6
538,PAR1,Other,8,44,Acid-sensing ion channels; Chloride and anion channels; Inward rectifier potassium channels; Lipid-mediated mechanotransduction; Two-pore potassium channels (K2P),5
539,NTS,Other,8,40,Acid-sensing ion channels; Inward rectifier potassium channels; Mechanotransduction signaling; Natriuretic peptide signaling; Two-pore potassium channels (K2P); Voltage-gated calcium channels,6
540,GMV,Other,8,40,Ultrasound neuromodulation mechanisms; Voltage-gated sodium channels,2
541,HCM,Other,8,40,Natriuretic peptide signaling; Ultrasound neuromodulation mechanisms,2
542,YAP1,Other,8,38,Chloride and anion channels; Integrin mechanotransduction; Lipid-mediated mechanotransduction; Mechanotransduction signaling; Ultrasound neuromodulation mechanisms,5
543,DNP,Other,8,34,Natriuretic peptide signaling,1
544,MIA,Other,8,32,Gap junction mechanosensitivity; Mechanosensitive ion channels; TRP channels; Ultrasound neuromodulation mechanisms; Voltage-gated calcium channels; Voltage-gated sodium channels,6
545,CPZ,Other,8,32,Acid-sensing ion channels; Mechanosensitive ion channels; Natriuretic peptide signaling; TRP channels; Voltage-gated calcium channels,5
546,GC1,Other,8,32,Lipid-mediated mechanotransduction; Natriuretic peptide signaling,2
547,SNL,Other,8,30,TRP channels; Voltage-gated calcium channels; Voltage-gated sodium channels,3
548,LTCC,Other,8,28,Lipid-mediated mechanotransduction; Mechanosensitive ion channels; Voltage-gated calcium channels,3
549,TRPP1,TRP,8,28,Mechanosensitive ion channels; Mechanotransduction signaling; TRP channels,3
550,SGN,Other,8,27,Chloride and anion channels; Integrin mechanotransduction; Mechanosensitive ion channels; Mechanotransduction signaling; Natriuretic peptide signaling; Two-pore potassium channels (K2P); Ultrasound neuromodulation mechanisms; Voltage-gated sodium channels,8
551,TRPML1,Other,8,27,TRP channels; Ultrasound neuromodulation mechanisms,2
552,LGN,Other,8,25,Gap junction mechanosensitivity; Mechanosensitive ion channels; TRP channels; Voltage-gated calcium channels,4
553,SK2,Other,8,25,Integrin mechanotransduction; Inward rectifier potassium channels; Mechanosensitive ion channels; Mechanotransduction signaling; Voltage-gated calcium channels,5
554,HDL,Other,8,25,Lipid-mediated mechanotransduction; Natriuretic peptide signaling; Ultrasound neuromodulation mechanisms,3
555,SAC,Other,8,24,Integrin mechanotransduction; Lipid-mediated mechanotransduction; Mechanosensitive ion channels; Natriuretic peptide signaling; TRP channels; Two-pore potassium channels (K2P); Ultrasound neuromodulation mechanisms,7
556,WES,Other,8,24,Chloride and anion channels; TRP channels; Two-pore potassium channels (K2P); Voltage-gated sodium channels,4
557,HL60,Other,8,24,Lipid-mediated mechanotransduction; TRP channels,2
558,PDGFR,Other,8,24,Integrin mechanotransduction; Lipid-mediated mechanotransduction; Natriuretic peptide signaling,3
559,TSC,Other,8,23,Inward rectifier potassium channels; TRP channels; Voltage-gated sodium channels,3
560,CD36,Other,8,22,Integrin mechanotransduction; Inward rectifier potassium channels; Natriuretic peptide signaling; TRP channels,4
561,DHA,Other,8,22,Chloride and anion channels; Gap junction mechanosensitivity; Lipid-mediated mechanotransduction; Natriuretic peptide signaling; TRP channels,5
562,CCM,Other,8,22,Gap junction mechanosensitivity; Integrin mechanotransduction; Lipid-mediated mechanotransduction; Natriuretic peptide signaling,4
563,GSDMD,Other,8,20,Lipid-mediated mechanotransduction; Mechanotransduction signaling; Natriuretic peptide signaling; TRP channels; Ultrasound neuromodulation mechanisms; Voltage-gated sodium channels,6
564,UTR,Other,8,20,Acid-sensing ion channels; Integrin mechanotransduction; Lipid-mediated mechanotransduction; TRP channels; Two-pore potassium channels (K2P),5
565,SNARE,Other,8,19,Chloride and anion channels; Integrin mechanotransduction; Inward rectifier potassium channels; Lipid-mediated mechanotransduction; TRP channels; Two-pore potassium channels (K2P); Voltage-gated calcium channels,7
566,MFG,Other,8,19,Integrin mechanotransduction; Two-pore potassium channels (K2P); Ultrasound neuromodulation mechanisms; Voltage-gated sodium channels,4
567,MCP,Other,8,19,Integrin mechanotransduction; Lipid-mediated mechanotransduction; Natriuretic peptide signaling; TRP channels; Ultrasound neuromodulation mechanisms,5
568,SMO,Other,8,19,TRP channels; Ultrasound neuromodulation mechanisms,2
569,SDS,Other,8,18,Gap junction mechanosensitivity; Integrin mechanotransduction; Lipid-mediated mechanotransduction; Natriuretic peptide signaling; Ultrasound neuromodulation mechanisms; Voltage-gated calcium channels; Voltage-gated sodium channels,7
570,DCX,Other,8,17,Acid-sensing ion channels; Gap junction mechanosensitivity; Integrin mechanotransduction; Inward rectifier potassium channels; Lipid-mediated mechanotransduction; Mechanotransduction signaling; TRP channels; Ultrasound neuromodulation mechanisms,8
571,PPAR,Other,8,17,Acid-sensing ion channels; Lipid-mediated mechanotransduction; Mechanotransduction signaling; Natriuretic peptide signaling; Voltage-gated sodium channels,5
572,ASC,Other,8,17,Gap junction mechanosensitivity; Lipid-mediated mechanotransduction; Natriuretic peptide signaling; Two-pore potassium channels (K2P),4
573,PANX3,Connexin,8,16,Gap junction mechanosensitivity; Mechanosensitive ion channels; Mechanotransduction signaling,3
574,AHP,Other,8,16,Chloride and anion channels; Inward rectifier potassium channels; Two-pore potassium channels (K2P); Voltage-gated calcium channels,4
575,SBP,Other,8,16,Acid-sensing ion channels; Natriuretic peptide signaling,2
576,CD34,Other,8,16,Chloride and anion channels; Gap junction mechanosensitivity; Integrin mechanotransduction; Lipid-mediated mechanotransduction; Natriuretic peptide signaling; TRP channels,6
577,PP2,Other,8,16,Chloride and anion channels; Gap junction mechanosensitivity; Integrin mechanotransduction; Lipid-mediated mechanotransduction; Natriuretic peptide signaling,5
578,AMD,Other,8,15,Chloride and anion channels; Inward rectifier potassium channels; Mechanotransduction signaling,3
579,NNC,Other,8,15,Voltage-gated calcium channels,1
580,MCD,Other,8,15,Lipid-mediated mechanotransduction; Voltage-gated sodium channels,2
581,NREM,Other,8,12,Acid-sensing ion channels; Gap junction mechanosensitivity; Two-pore potassium channels (K2P); Ultrasound neuromodulation mechanisms; Voltage-gated calcium channels,5
582,DTI,Other,8,12,Gap junction mechanosensitivity; Ultrasound neuromodulation mechanisms,2
583,VAS,Other,8,11,Mechanotransduction signaling; Natriuretic peptide signaling; TRP channels; Two-pore potassium channels (K2P); Ultrasound neuromodulation mechanisms,5
584,MWT,Other,8,11,Gap junction mechanosensitivity; Integrin mechanotransduction; Lipid-mediated mechanotransduction; TRP channels; Two-pore potassium channels (K2P); Voltage-gated sodium channels,6
585,PRISMA,Other,8,11,Inward rectifier potassium channels; Natriuretic peptide signaling; TRP channels; Two-pore potassium channels (K2P); Ultrasound neuromodulation mechanisms; Voltage-gated sodium channels,6
586,CD31,Other,8,11,Gap junction mechanosensitivity; Integrin mechanotransduction; Lipid-mediated mechanotransduction; Ultrasound neuromodulation mechanisms,4
587,PGC,Other,8,10,Lipid-mediated mechanotransduction; Natriuretic peptide signaling; Ultrasound neuromodulation mechanisms,3
588,FOXO,Other,8,9,Lipid-mediated mechanotransduction; Mechanotransduction signaling; Natriuretic peptide signaling,3
589,CAV1.3,Caveolin,8,8,Chloride and anion channels; Lipid-mediated mechanotransduction; Voltage-gated calcium channels; Voltage-gated sodium channels,4
590,CRF,Other,7,56,Gap junction mechanosensitivity; Inward rectifier potassium channels; Natriuretic peptide signaling; TRP channels; Voltage-gated calcium channels,5
591,TNC,Other,7,55,Integrin mechanotransduction; Lipid-mediated mechanotransduction; TRP channels,3
592,DRN,Other,7,52,Inward rectifier potassium channels; Mechanosensitive ion channels; Natriuretic peptide signaling; TRP channels; Two-pore potassium channels (K2P); Voltage-gated calcium channels,6
593,CAA,Other,7,52,Integrin mechanotransduction; Inward rectifier potassium channels; Lipid-mediated mechanotransduction; Ultrasound neuromodulation mechanisms,4
594,TRPV5,TRP,7,52,Lipid-mediated mechanotransduction; TRP channels; Ultrasound neuromodulation mechanisms,3
595,FGF13,Other,7,51,Lipid-mediated mechanotransduction; TRP channels; Voltage-gated sodium channels,3
596,LPC,Other,7,49,Acid-sensing ion channels; Integrin mechanotransduction; Lipid-mediated mechanotransduction; Mechanosensitive ion channels; Mechanotransduction signaling; TRP channels; Two-pore potassium channels (K2P); Voltage-gated calcium channels,8
597,PRL,Other,7,44,Integrin mechanotransduction; Inward rectifier potassium channels; Natriuretic peptide signaling; TRP channels; Ultrasound neuromodulation mechanisms,5
598,LIFUS,Other,7,41,Ultrasound neuromodulation mechanisms,1
599,POS,Other,7,39,Chloride and anion channels; Integrin mechanotransduction,2
600,VMH,Other,7,38,Acid-sensing ion channels; Gap junction mechanosensitivity; Inward rectifier potassium channels; Mechanotransduction signaling; Natriuretic peptide signaling; Voltage-gated calcium channels,6
601,MPS,Other,7,37,Integrin mechanotransduction; Lipid-mediated mechanotransduction; Voltage-gated calcium channels,3
602,POCD,Other,7,35,Gap junction mechanosensitivity; Integrin mechanotransduction; Lipid-mediated mechanotransduction; Mechanosensitive ion channels; Mechanotransduction signaling; Two-pore potassium channels (K2P),6
603,PCL,Other,7,35,Gap junction mechanosensitivity; Integrin mechanotransduction; Natriuretic peptide signaling; Two-pore potassium channels (K2P),4
604,PVR,Other,7,34,Chloride and anion channels; Inward rectifier potassium channels; Natriuretic peptide signaling,3
605,OCD,Other,7,34,Ultrasound neuromodulation mechanisms,1
606,FSS,Other,7,33,Gap junction mechanosensitivity; Lipid-mediated mechanotransduction; Mechanosensitive ion channels; Mechanotransduction signaling; TRP channels; Ultrasound neuromodulation mechanisms,6
607,ARPE,Other,7,33,Chloride and anion channels; Integrin mechanotransduction; Mechanotransduction signaling; Natriuretic peptide signaling,4
608,GJB1,Connexin,7,33,Gap junction mechanosensitivity; Inward rectifier potassium channels,2
609,GRPR,Other,7,33,Integrin mechanotransduction; Natriuretic peptide signaling; TRP channels,3
610,IBA,Other,7,32,Gap junction mechanosensitivity; Inward rectifier potassium channels; Mechanosensitive ion channels; TRP channels; Two-pore potassium channels (K2P); Ultrasound neuromodulation mechanisms,6
611,AFM,Other,7,31,Gap junction mechanosensitivity; Integrin mechanotransduction; Mechanotransduction signaling; Voltage-gated sodium channels,4
612,IK1,Other,7,30,Inward rectifier potassium channels; TRP channels,2
613,TGN,Other,7,30,Chloride and anion channels; Lipid-mediated mechanotransduction; TRP channels; Ultrasound neuromodulation mechanisms,4
614,VLA,Other,7,29,Gap junction mechanosensitivity; Integrin mechanotransduction,2
615,OXTR,Other,7,26,Gap junction mechanosensitivity; Integrin mechanotransduction; Inward rectifier potassium channels; Natriuretic peptide signaling; TRP channels; Voltage-gated sodium channels,6
616,CCD,Other,7,25,Lipid-mediated mechanotransduction; Mechanotransduction signaling; TRP channels; Two-pore potassium channels (K2P); Voltage-gated sodium channels,5
617,HBMEC,Other,7,25,Gap junction mechanosensitivity; Integrin mechanotransduction; Lipid-mediated mechanotransduction,3
618,MOR,Other,7,24,Mechanosensitive ion channels; TRP channels; Two-pore potassium channels (K2P); Voltage-gated sodium channels,4
619,TDP,Other,7,24,Lipid-mediated mechanotransduction; Mechanosensitive ion channels; Ultrasound neuromodulation mechanisms; Voltage-gated sodium channels,4
620,DCN,Other,7,24,Inward rectifier potassium channels; Natriuretic peptide signaling; Voltage-gated calcium channels; Voltage-gated sodium channels,4
621,LTMR,Other,7,22,Mechanosensitive ion channels; Mechanotransduction signaling; Voltage-gated calcium channels; Voltage-gated sodium channels,4
622,GLP,Other,7,22,Chloride and anion channels; Lipid-mediated mechanotransduction; Natriuretic peptide signaling; TRP channels,4
623,BPS,Other,7,21,Acid-sensing ion channels; Mechanosensitive ion channels; Mechanotransduction signaling; Natriuretic peptide signaling; TRP channels; Voltage-gated sodium channels,6
624,PAC,Other,7,21,Acid-sensing ion channels; Integrin mechanotransduction; TRP channels; Two-pore potassium channels (K2P); Ultrasound neuromodulation mechanisms; Voltage-gated calcium channels,6
625,TSC2,Other,7,20,Integrin mechanotransduction; Lipid-mediated mechanotransduction; TRP channels; Voltage-gated sodium channels,4
626,SERT,Other,7,20,Integrin mechanotransduction; TRP channels; Ultrasound neuromodulation mechanisms,3
627,PCA,Other,7,19,Acid-sensing ion channels; Mechanosensitive ion channels; Mechanotransduction signaling; Natriuretic peptide signaling; TRP channels; Ultrasound neuromodulation mechanisms; Voltage-gated sodium channels,7
628,TMEM63B,Other,7,19,Mechanosensitive ion channels; Mechanotransduction signaling,2
629,LIF,Other,7,19,Acid-sensing ion channels; Integrin mechanotransduction; Lipid-mediated mechanotransduction; Natriuretic peptide signaling; TRP channels; Two-pore potassium channels (K2P),6
630,PDL,Other,7,18,Chloride and anion channels; Integrin mechanotransduction; TRP channels; Two-pore potassium channels (K2P),4
631,CD45,Other,7,18,Gap junction mechanosensitivity; Integrin mechanotransduction; Inward rectifier potassium channels; Natriuretic peptide signaling; TRP channels,5
632,CB2R,Other,7,18,Lipid-mediated mechanotransduction; Natriuretic peptide signaling; TRP channels,3
633,DMD,Other,7,17,Gap junction mechanosensitivity; Inward rectifier potassium channels; Lipid-mediated mechanotransduction; Mechanosensitive ion channels; Natriuretic peptide signaling; TRP channels,6
634,ICAM1,Other,7,17,Gap junction mechanosensitivity; Integrin mechanotransduction; Inward rectifier potassium channels; Lipid-mediated mechanotransduction; Two-pore potassium channels (K2P),5
635,NKCC1,Other,7,17,Chloride and anion channels; Gap junction mechanosensitivity; Inward rectifier potassium channels; TRP channels,4
636,IDH,Other,7,16,Acid-sensing ion channels; Integrin mechanotransduction; Mechanotransduction signaling,3
637,CACNA1A,Cav,7,16,Lipid-mediated mechanotransduction; Natriuretic peptide signaling; Two-pore potassium channels (K2P); Voltage-gated calcium channels; Voltage-gated sodium channels,5
638,PTSD,Other,7,16,Acid-sensing ion channels; Inward rectifier potassium channels; Lipid-mediated mechanotransduction; Two-pore potassium channels (K2P); Ultrasound neuromodulation mechanisms,5
639,HLA,Other,7,16,Chloride and anion channels; Integrin mechanotransduction; Inward rectifier potassium channels; Natriuretic peptide signaling; TRP channels,5
640,VMD2,Other,7,16,Chloride and anion channels,1
641,TCA,Other,7,15,Gap junction mechanosensitivity; Integrin mechanotransduction; Inward rectifier potassium channels; TRP channels; Voltage-gated sodium channels,5
642,SUMO,Other,7,14,Two-pore potassium channels (K2P); Voltage-gated sodium channels,2
643,FGF14,Other,7,14,Two-pore potassium channels (K2P); Voltage-gated sodium channels,2
644,RIP,Other,7,14,Gap junction mechanosensitivity; Integrin mechanotransduction; Natriuretic peptide signaling; Ultrasound neuromodulation mechanisms; Voltage-gated calcium channels,5
645,FABP,Other,7,14,Natriuretic peptide signaling; TRP channels,2
646,VUS,Other,7,13,Chloride and anion channels; Gap junction mechanosensitivity; Lipid-mediated mechanotransduction; TRP channels; Voltage-gated calcium channels,5
647,DMSO,Other,7,13,Acid-sensing ion channels; Gap junction mechanosensitivity; Integrin mechanotransduction; Natriuretic peptide signaling; TRP channels; Ultrasound neuromodulation mechanisms; Voltage-gated sodium channels,7
648,TAC,Other,7,12,Lipid-mediated mechanotransduction; Mechanosensitive ion channels; Mechanotransduction signaling; Natriuretic peptide signaling; Voltage-gated calcium channels; Voltage-gated sodium channels,6
649,SVM,Other,7,12,Integrin mechanotransduction; Two-pore potassium channels (K2P); Ultrasound neuromodulation mechanisms,3
650,TM1,Other,7,12,Acid-sensing ion channels; Two-pore potassium channels (K2P); Voltage-gated sodium channels,3
651,IP3R,Other,7,11,Chloride and anion channels; Lipid-mediated mechanotransduction; Mechanotransduction signaling; TRP channels; Two-pore potassium channels (K2P),5
652,SRC,Other,7,11,Gap junction mechanosensitivity; Integrin mechanotransduction; Lipid-mediated mechanotransduction; Mechanotransduction signaling; TRP channels,5
653,BEST,Other,7,11,Chloride and anion channels; Gap junction mechanosensitivity; Two-pore potassium channels (K2P),3
654,CNQX,Other,7,11,Chloride and anion channels; Gap junction mechanosensitivity; Lipid-mediated mechanotransduction; TRP channels; Voltage-gated calcium channels,5
655,PPADS,Other,7,10,Chloride and anion channels; Gap junction mechanosensitivity; Mechanosensitive ion channels; Mechanotransduction signaling; Natriuretic peptide signaling,5
656,LLC,Other,7,10,Natriuretic peptide signaling; TRP channels; Two-pore potassium channels (K2P); Ultrasound neuromodulation mechanisms; Voltage-gated calcium channels,5
657,LIM,Other,7,10,Integrin mechanotransduction; Lipid-mediated mechanotransduction; Ultrasound neuromodulation mechanisms; Voltage-gated calcium channels; Voltage-gated sodium channels,5
658,OSN,Other,7,10,Acid-sensing ion channels; Chloride and anion channels; Ultrasound neuromodulation mechanisms,3
659,PGE,Other,7,9,Acid-sensing ion channels; Gap junction mechanosensitivity; Lipid-mediated mechanotransduction; Mechanotransduction signaling; Voltage-gated sodium channels,5
660,HNE,Other,7,9,Acid-sensing ion channels; Natriuretic peptide signaling; TRP channels; Voltage-gated calcium channels,4
661,TOF,Other,7,9,Acid-sensing ion channels; Lipid-mediated mechanotransduction; Natriuretic peptide signaling,3
662,CCK8,Other,7,8,Lipid-mediated mechanotransduction; Natriuretic peptide signaling; TRP channels; Two-pore potassium channels (K2P); Ultrasound neuromodulation mechanisms; Voltage-gated sodium channels,6
663,KIR4,Other,6,67,Inward rectifier potassium channels,1
664,MNC,Other,6,55,Chloride and anion channels; Gap junction mechanosensitivity; Mechanosensitive ion channels; TRP channels,4
665,ITGA5,Integrin,6,42,Integrin mechanotransduction,1
666,KCNK13,K2P,6,41,Two-pore potassium channels (K2P),1
667,APOE4,Other,6,40,Inward rectifier potassium channels; Lipid-mediated mechanotransduction; Ultrasound neuromodulation mechanisms,3
668,USP5,Other,6,37,Voltage-gated calcium channels,1
669,HCC,Other,6,36,Integrin mechanotransduction; Mechanosensitive ion channels; Mechanotransduction signaling; TRP channels; Ultrasound neuromodulation mechanisms,5
670,TMEM63A,Other,6,35,Mechanosensitive ion channels; Mechanotransduction signaling,2
671,PVT,Other,6,32,Inward rectifier potassium channels; Lipid-mediated mechanotransduction; Two-pore potassium channels (K2P); Voltage-gated calcium channels,4
672,GDF,Other,6,32,Integrin mechanotransduction; Natriuretic peptide signaling; Voltage-gated sodium channels,3
673,FPC,Other,6,31,TRP channels,1
674,PHP,Other,6,30,Acid-sensing ion channels; Gap junction mechanosensitivity; Integrin mechanotransduction; Mechanotransduction signaling; Voltage-gated sodium channels,5
675,FBR,Other,6,29,Acid-sensing ion channels; Mechanosensitive ion channels; Mechanotransduction signaling; TRP channels,4
676,EAAT1,Other,6,28,Gap junction mechanosensitivity; Inward rectifier potassium channels; Lipid-mediated mechanotransduction,3
677,PAR2,Other,6,28,TRP channels,1
678,OFC,Other,6,27,Gap junction mechanosensitivity; Integrin mechanotransduction; Two-pore potassium channels (K2P); Ultrasound neuromodulation mechanisms; Voltage-gated calcium channels,5
679,VPL,Other,6,27,Gap junction mechanosensitivity; Ultrasound neuromodulation mechanisms; Voltage-gated calcium channels; Voltage-gated sodium channels,4
680,MAO,Other,6,25,Chloride and anion channels; Gap junction mechanosensitivity; Lipid-mediated mechanotransduction; Natriuretic peptide signaling; Ultrasound neuromodulation mechanisms; Voltage-gated sodium channels,6
681,CHL1,Other,6,25,Integrin mechanotransduction; Lipid-mediated mechanotransduction; Voltage-gated sodium channels,3
682,LOX,Other,6,24,Lipid-mediated mechanotransduction; Mechanosensitive ion channels; Mechanotransduction signaling; TRP channels; Ultrasound neuromodulation mechanisms,5
683,SDH,Other,6,24,Gap junction mechanosensitivity; Natriuretic peptide signaling; TRP channels; Two-pore potassium channels (K2P); Voltage-gated calcium channels,5
684,OPN,Other,6,23,Integrin mechanotransduction; Mechanotransduction signaling; Voltage-gated calcium channels,3
685,TBOA,Other,6,22,Chloride and anion channels; Gap junction mechanosensitivity; Inward rectifier potassium channels,3
686,SCN3A,Nav,6,22,Voltage-gated sodium channels,1
687,NIR,Other,6,22,Chloride and anion channels; Integrin mechanotransduction; TRP channels; Ultrasound neuromodulation mechanisms,4
688,EFS,Other,6,21,Gap junction mechanosensitivity; Integrin mechanotransduction; Inward rectifier potassium channels; Mechanotransduction signaling; Natriuretic peptide signaling; Voltage-gated sodium channels,6
689,NRT,Other,6,21,Gap junction mechanosensitivity; Inward rectifier potassium channels; TRP channels; Voltage-gated calcium channels,4
690,SCN10A,Nav,6,21,Voltage-gated sodium channels,1
691,PICK1,Other,6,21,Acid-sensing ion channels; Lipid-mediated mechanotransduction,2
692,PDE3,Other,6,20,Acid-sensing ion channels; Natriuretic peptide signaling; TRP channels,3
693,TRPC2,TRP,6,20,Chloride and anion channels; TRP channels,2
694,COH,Other,6,19,Gap junction mechanosensitivity; Inward rectifier potassium channels; Two-pore potassium channels (K2P),3
695,NET,Other,6,19,Lipid-mediated mechanotransduction; Natriuretic peptide signaling; TRP channels; Ultrasound neuromodulation mechanisms,4
696,DNAJB11,Other,6,19,TRP channels,1
697,NPS,Other,6,19,Integrin mechanotransduction; Natriuretic peptide signaling,2
698,CD47,Other,6,19,Gap junction mechanosensitivity; Integrin mechanotransduction; Ultrasound neuromodulation mechanisms,3
699,ANG,Other,6,19,Lipid-mediated mechanotransduction; Natriuretic peptide signaling,2
700,GPX4,Other,6,18,Gap junction mechanosensitivity; Mechanosensitive ion channels; Mechanotransduction signaling; Natriuretic peptide signaling; TRP channels,5
701,TCR,Other,6,18,Integrin mechanotransduction; Mechanotransduction signaling; Natriuretic peptide signaling; Voltage-gated calcium channels,4
702,PAP,Other,6,18,Gap junction mechanosensitivity; Inward rectifier potassium channels; Lipid-mediated mechanotransduction; Natriuretic peptide signaling,4
703,VDAC1,Other,6,17,Lipid-mediated mechanotransduction; Two-pore potassium channels (K2P); Ultrasound neuromodulation mechanisms,3
704,HCN4,Other,6,17,Gap junction mechanosensitivity; Lipid-mediated mechanotransduction; Two-pore potassium channels (K2P),3
705,MAM,Other,6,17,Lipid-mediated mechanotransduction; TRP channels; Two-pore potassium channels (K2P); Voltage-gated sodium channels,4
706,GAD65,Other,6,17,Chloride and anion channels; Gap junction mechanosensitivity; Inward rectifier potassium channels,3
707,LQTS,Other,6,17,Lipid-mediated mechanotransduction; Natriuretic peptide signaling; Voltage-gated sodium channels,3
708,SOCE,Other,6,17,Acid-sensing ion channels; Chloride and anion channels; Gap junction mechanosensitivity; TRP channels,4
709,ADVIRC,Other,6,17,Chloride and anion channels,1
710,SNAP25,Other,6,15,Lipid-mediated mechanotransduction; Mechanosensitive ion channels; Mechanotransduction signaling; TRP channels; Ultrasound neuromodulation mechanisms; Voltage-gated calcium channels,6
711,NEC,Other,6,15,Mechanotransduction signaling; Two-pore potassium channels (K2P); Voltage-gated calcium channels,3
712,KIR,Other,6,15,Inward rectifier potassium channels,1
713,IIA,Other,6,15,Lipid-mediated mechanotransduction; Ultrasound neuromodulation mechanisms; Voltage-gated sodium channels,3
714,TLR,Other,6,15,Gap junction mechanosensitivity; Integrin mechanotransduction; TRP channels,3
715,CORT,Other,6,15,Gap junction mechanosensitivity; Lipid-mediated mechanotransduction; Ultrasound neuromodulation mechanisms,3
716,OHC,Other,6,14,Lipid-mediated mechanotransduction; Mechanotransduction signaling; Voltage-gated calcium channels,3
717,GPR68,Other,6,14,Acid-sensing ion channels; Integrin mechanotransduction; Mechanotransduction signaling,3
718,MAG,Other,6,14,Acid-sensing ion channels; Integrin mechanotransduction; Lipid-mediated mechanotransduction,3
719,NCS,Other,6,14,Lipid-mediated mechanotransduction; Natriuretic peptide signaling; TRP channels,3
720,CMT,Other,6,14,Chloride and anion channels; Gap junction mechanosensitivity; TRP channels; Ultrasound neuromodulation mechanisms,4
721,EHD2,Other,6,14,Lipid-mediated mechanotransduction,1
722,GCL,Other,6,13,Gap junction mechanosensitivity; Mechanotransduction signaling; Natriuretic peptide signaling; Ultrasound neuromodulation mechanisms,4
723,SCG,Other,6,13,Acid-sensing ion channels; Chloride and anion channels; Lipid-mediated mechanotransduction; TRP channels; Two-pore potassium channels (K2P); Voltage-gated calcium channels,6
724,HCN1,Other,6,13,Inward rectifier potassium channels; Lipid-mediated mechanotransduction; Two-pore potassium channels (K2P); Voltage-gated calcium channels,4
725,KCNJ11,Kir,6,13,Inward rectifier potassium channels; Two-pore potassium channels (K2P),2
726,RCS,Other,6,13,Chloride and anion channels; Inward rectifier potassium channels,2
727,MSN,Other,6,13,Chloride and anion channels; Inward rectifier potassium channels; Ultrasound neuromodulation mechanisms; Voltage-gated sodium channels,4
728,SPECT,Other,6,13,Integrin mechanotransduction; Natriuretic peptide signaling; Ultrasound neuromodulation mechanisms; Voltage-gated sodium channels,4
729,TRPM5,TRP,6,13,Chloride and anion channels; Gap junction mechanosensitivity; TRP channels,3
730,IDH1,Other,6,13,Gap junction mechanosensitivity; Integrin mechanotransduction; TRP channels; Ultrasound neuromodulation mechanisms,4
731,WDR,Other,6,12,Acid-sensing ion channels; Mechanosensitive ion channels; Natriuretic peptide signaling; TRP channels; Voltage-gated sodium channels,5
732,MRTF,Other,6,12,Gap junction mechanosensitivity; Integrin mechanotransduction; Mechanotransduction signaling; TRP channels,4
733,NOR,Other,6,12,Inward rectifier potassium channels; Lipid-mediated mechanotransduction; Two-pore potassium channels (K2P); Ultrasound neuromodulation mechanisms; Voltage-gated sodium channels,5
734,AAV2,Other,6,12,Chloride and anion channels; Inward rectifier potassium channels; Lipid-mediated mechanotransduction,3
735,ASI,Other,6,12,Natriuretic peptide signaling,1
736,RMG,Other,6,12,Natriuretic peptide signaling,1
737,APV,Other,6,11,Gap junction mechanosensitivity; Mechanosensitive ion channels; Natriuretic peptide signaling; Voltage-gated calcium channels,4
738,LCA,Other,6,11,Chloride and anion channels; Mechanotransduction signaling; TRP channels; Voltage-gated sodium channels,4
739,MNTB,Other,6,11,Acid-sensing ion channels; Chloride and anion channels; Inward rectifier potassium channels; Natriuretic peptide signaling; Two-pore potassium channels (K2P); Voltage-gated calcium channels,6
740,PUFA,Other,6,11,Acid-sensing ion channels; Gap junction mechanosensitivity; Integrin mechanotransduction; Inward rectifier potassium channels; TRP channels; Two-pore potassium channels (K2P),6
741,RRMS,Other,6,11,Gap junction mechanosensitivity; Integrin mechanotransduction; Lipid-mediated mechanotransduction; Two-pore potassium channels (K2P); Ultrasound neuromodulation mechanisms,5
742,KCNQ,Other,6,11,Gap junction mechanosensitivity; TRP channels; Two-pore potassium channels (K2P); Voltage-gated sodium channels,4
743,CAG,Other,6,11,Acid-sensing ion channels; Inward rectifier potassium channels; Lipid-mediated mechanotransduction; Natriuretic peptide signaling; TRP channels,5
744,BEAS,Other,6,11,Acid-sensing ion channels; Natriuretic peptide signaling,2
745,DRASIC,Other,6,11,Acid-sensing ion channels,1
746,TRD,Other,6,11,Ultrasound neuromodulation mechanisms,1
747,IBMX,Other,6,10,Inward rectifier potassium channels; Mechanosensitive ion channels; Mechanotransduction signaling; Natriuretic peptide signaling; Two-pore potassium channels (K2P); Voltage-gated calcium channels,6
748,CD3,Other,6,10,Integrin mechanotransduction; Lipid-mediated mechanotransduction; Mechanosensitive ion channels; Mechanotransduction signaling; Natriuretic peptide signaling,5
749,NFAT,Other,6,10,Integrin mechanotransduction; Lipid-mediated mechanotransduction; Mechanotransduction signaling; Natriuretic peptide signaling; TRP channels; Two-pore potassium channels (K2P),6
750,NR1,Other,6,10,Acid-sensing ion channels; Chloride and anion channels; Gap junction mechanosensitivity; Mechanotransduction signaling; Natriuretic peptide signaling,5
751,VFT,Other,6,10,Two-pore potassium channels (K2P); Ultrasound neuromodulation mechanisms,2
752,ARF1,Other,6,10,Lipid-mediated mechanotransduction,1
753,IBA1,Other,6,9,Inward rectifier potassium channels; Mechanosensitive ion channels; Mechanotransduction signaling; Natriuretic peptide signaling; Ultrasound neuromodulation mechanisms; Voltage-gated sodium channels,6
754,JAM,Other,6,9,Integrin mechanotransduction; Lipid-mediated mechanotransduction; Mechanotransduction signaling,3
755,COX2,Other,6,9,Gap junction mechanosensitivity; Mechanotransduction signaling; TRP channels; Ultrasound neuromodulation mechanisms,4
756,VDCC,Other,6,9,Acid-sensing ion channels; Chloride and anion channels; Voltage-gated calcium channels; Voltage-gated sodium channels,4
757,MTS,Other,6,9,Acid-sensing ion channels; Gap junction mechanosensitivity; Integrin mechanotransduction; Lipid-mediated mechanotransduction; Voltage-gated sodium channels,5
758,HSP70,Other,6,9,Integrin mechanotransduction; Lipid-mediated mechanotransduction; Natriuretic peptide signaling; TRP channels,4
759,MYPT1,Other,6,9,Chloride and anion channels; Integrin mechanotransduction; Natriuretic peptide signaling,3
760,GC2,Other,6,9,Natriuretic peptide signaling,1
761,SAG,Other,6,9,Ultrasound neuromodulation mechanisms,1
762,COOH,Other,6,8,Inward rectifier potassium channels; Lipid-mediated mechanotransduction; Mechanosensitive ion channels; Voltage-gated sodium channels,4
763,AAV9,Other,6,8,Inward rectifier potassium channels; Lipid-mediated mechanotransduction; Mechanosensitive ion channels; Mechanotransduction signaling; TRP channels,5
764,BTB,Other,6,8,Integrin mechanotransduction; Inward rectifier potassium channels; Mechanotransduction signaling; Ultrasound neuromodulation mechanisms,4
765,ANN,Other,6,8,Inward rectifier potassium channels; TRP channels; Ultrasound neuromodulation mechanisms; Voltage-gated sodium channels,4
766,SUR,Other,6,8,Inward rectifier potassium channels,1
767,HT2,Other,6,8,Acid-sensing ion channels; Chloride and anion channels; Lipid-mediated mechanotransduction; Natriuretic peptide signaling; Voltage-gated calcium channels,5
768,NAV1.4,Other,6,8,Voltage-gated calcium channels; Voltage-gated sodium channels,2
769,OCR,Other,6,8,Natriuretic peptide signaling; TRP channels,2
770,CD86,Other,6,7,Integrin mechanotransduction; Mechanosensitive ion channels; Mechanotransduction signaling; TRP channels; Ultrasound neuromodulation mechanisms,5
771,FRAP,Other,6,7,Gap junction mechanosensitivity; Lipid-mediated mechanotransduction; Mechanotransduction signaling,3
772,CGGA,Other,6,7,Acid-sensing ion channels; Integrin mechanotransduction; TRP channels; Voltage-gated sodium channels,4
773,LVESD,Other,6,7,Natriuretic peptide signaling,1
774,LVEDD,Other,6,7,Natriuretic peptide signaling,1
775,UHPLC,Other,6,6,Chloride and anion channels; Lipid-mediated mechanotransduction; Natriuretic peptide signaling; TRP channels,4
776,MCF,Other,6,6,Gap junction mechanosensitivity; Integrin mechanotransduction; Lipid-mediated mechanotransduction,3
777,IOS,Other,5,57,Chloride and anion channels; Natriuretic peptide signaling; Two-pore potassium channels (K2P),3
778,CMS,Other,5,45,Inward rectifier potassium channels; Lipid-mediated mechanotransduction; Two-pore potassium channels (K2P); Voltage-gated sodium channels,4
779,OXT,Other,5,40,Gap junction mechanosensitivity; Inward rectifier potassium channels; TRP channels; Voltage-gated sodium channels,4
780,CALHM1,Other,5,40,Chloride and anion channels; Gap junction mechanosensitivity; Lipid-mediated mechanotransduction,3
781,OHT,Other,5,38,Gap junction mechanosensitivity; Mechanosensitive ion channels; TRP channels; Two-pore potassium channels (K2P),4
782,MPH,Other,5,36,Integrin mechanotransduction; Inward rectifier potassium channels; Two-pore potassium channels (K2P); Ultrasound neuromodulation mechanisms,4
783,PAD,Other,5,36,Acid-sensing ion channels; Inward rectifier potassium channels; Ultrasound neuromodulation mechanisms,3
784,NMOSD,Other,5,36,Gap junction mechanosensitivity; Integrin mechanotransduction; Ultrasound neuromodulation mechanisms,3
785,AT1R,Other,5,35,Acid-sensing ion channels; Gap junction mechanosensitivity; Mechanotransduction signaling; Voltage-gated sodium channels,4
786,ABT,Other,5,35,Inward rectifier potassium channels; Voltage-gated calcium channels,2
787,NCC,Other,5,32,Integrin mechanotransduction; Mechanosensitive ion channels; Voltage-gated sodium channels,3
788,LGG,Other,5,31,Acid-sensing ion channels; Integrin mechanotransduction; Mechanotransduction signaling,3
789,SGLT,Other,5,30,Inward rectifier potassium channels; Natriuretic peptide signaling,2
790,COP,Other,5,29,Inward rectifier potassium channels; Two-pore potassium channels (K2P); Ultrasound neuromodulation mechanisms; Voltage-gated sodium channels,4
791,CPSP,Other,5,29,Acid-sensing ion channels; Gap junction mechanosensitivity; Lipid-mediated mechanotransduction; Ultrasound neuromodulation mechanisms; Voltage-gated sodium channels,5
792,BAT,Other,5,29,Natriuretic peptide signaling; TRP channels,2
793,ENS,Other,5,28,Gap junction mechanosensitivity; Integrin mechanotransduction; Mechanosensitive ion channels; Mechanotransduction signaling,4
794,TWIK1,Other,5,27,Inward rectifier potassium channels; Two-pore potassium channels (K2P),2
795,PEA,Other,5,27,Inward rectifier potassium channels; Lipid-mediated mechanotransduction; Natriuretic peptide signaling,3
796,CAF,Other,5,26,Integrin mechanotransduction; Mechanotransduction signaling; Voltage-gated sodium channels,3
797,CXCR3,Other,5,26,Acid-sensing ion channels; Gap junction mechanosensitivity; Lipid-mediated mechanotransduction; Natriuretic peptide signaling; TRP channels,5
798,ITGA8,Integrin,5,26,Integrin mechanotransduction,1
799,ADM,Other,5,26,Chloride and anion channels; Integrin mechanotransduction; Natriuretic peptide signaling; Ultrasound neuromodulation mechanisms,4
800,VILIP,Other,5,26,Lipid-mediated mechanotransduction; Natriuretic peptide signaling,2
801,EGCG,Other,5,25,Lipid-mediated mechanotransduction; Mechanosensitive ion channels; TRP channels; Ultrasound neuromodulation mechanisms; Voltage-gated sodium channels,5
802,RGS,Other,5,25,Inward rectifier potassium channels; Natriuretic peptide signaling; TRP channels,3
803,METH,Other,5,25,Gap junction mechanosensitivity; Integrin mechanotransduction; TRP channels; Ultrasound neuromodulation mechanisms,4
804,WNK1,Other,5,25,Chloride and anion channels; Gap junction mechanosensitivity; TRP channels,3
805,TMN,Other,5,24,Inward rectifier potassium channels; Natriuretic peptide signaling; Two-pore potassium channels (K2P); Voltage-gated calcium channels,4
806,BEC,Other,5,24,Gap junction mechanosensitivity; Inward rectifier potassium channels; Lipid-mediated mechanotransduction; Ultrasound neuromodulation mechanisms,4
807,CNTF,Other,5,24,Integrin mechanotransduction; Inward rectifier potassium channels; TRP channels; Voltage-gated calcium channels,4
808,TIMP,Other,5,23,Integrin mechanotransduction; Lipid-mediated mechanotransduction; Natriuretic peptide signaling; Two-pore potassium channels (K2P),4
809,CTD,Other,5,23,Natriuretic peptide signaling; TRP channels; Voltage-gated sodium channels,3
810,CAD,Other,5,23,Acid-sensing ion channels; Chloride and anion channels; Lipid-mediated mechanotransduction; Voltage-gated sodium channels,4
811,KCNA1,Kv,5,23,TRP channels; Voltage-gated sodium channels,2
812,OVA,Other,5,23,Integrin mechanotransduction; TRP channels,2
813,CXCL1,Other,5,22,Gap junction mechanosensitivity; Integrin mechanotransduction; Inward rectifier potassium channels; Mechanosensitive ion channels; Mechanotransduction signaling; TRP channels; Two-pore potassium channels (K2P),7
814,ART,Other,5,21,Gap junction mechanosensitivity; Natriuretic peptide signaling; TRP channels; Ultrasound neuromodulation mechanisms,4
815,ILK,Other,5,21,Integrin mechanotransduction,1
816,DOTA,Other,5,21,Integrin mechanotransduction; Natriuretic peptide signaling; Ultrasound neuromodulation mechanisms,3
817,OAG,Other,5,20,Chloride and anion channels; Lipid-mediated mechanotransduction; Two-pore potassium channels (K2P),3
818,DEX,Other,5,20,Acid-sensing ion channels; Natriuretic peptide signaling; TRP channels; Two-pore potassium channels (K2P),4
819,CA2,Other,5,20,Inward rectifier potassium channels; Lipid-mediated mechanotransduction; TRP channels; Voltage-gated calcium channels; Voltage-gated sodium channels,5
820,EET,Other,5,20,Inward rectifier potassium channels; Natriuretic peptide signaling; TRP channels,3
821,PPN,Other,5,20,Gap junction mechanosensitivity; Ultrasound neuromodulation mechanisms; Voltage-gated calcium channels,3
822,PML,Other,5,20,Integrin mechanotransduction; Ultrasound neuromodulation mechanisms,2
823,CIC,Other,5,20,Chloride and anion channels; Integrin mechanotransduction; Natriuretic peptide signaling,3
824,PLP,Other,5,19,Gap junction mechanosensitivity; Integrin mechanotransduction; Mechanosensitive ion channels; Natriuretic peptide signaling,4
825,PRO,Other,5,19,Chloride and anion channels; Gap junction mechanosensitivity; Mechanotransduction signaling,3
826,CTS,Other,5,19,Lipid-mediated mechanotransduction; Mechanotransduction signaling; Natriuretic peptide signaling; TRP channels,4
827,TAM,Other,5,19,Integrin mechanotransduction; Inward rectifier potassium channels,2
828,SV2A,Other,5,19,Gap junction mechanosensitivity; Integrin mechanotransduction; Ultrasound neuromodulation mechanisms; Voltage-gated sodium channels,4
829,ACEI,Other,5,19,Natriuretic peptide signaling,1
830,OAB,Other,5,18,Acid-sensing ion channels; Mechanotransduction signaling; TRP channels,3
831,CGN,Other,5,18,Lipid-mediated mechanotransduction; Two-pore potassium channels (K2P),2
832,SRS,Other,5,18,Chloride and anion channels; Gap junction mechanosensitivity; Inward rectifier potassium channels; Ultrasound neuromodulation mechanisms,4
833,ECT,Other,5,18,Lipid-mediated mechanotransduction; Natriuretic peptide signaling; Ultrasound neuromodulation mechanisms,3
834,PAC1,Other,5,17,Mechanosensitive ion channels; Mechanotransduction signaling; Two-pore potassium channels (K2P); Voltage-gated calcium channels; Voltage-gated sodium channels,5
835,MLKL,Other,5,17,Acid-sensing ion channels; Gap junction mechanosensitivity; Mechanotransduction signaling; Natriuretic peptide signaling,4
836,RSNA,Other,5,17,Inward rectifier potassium channels; Natriuretic peptide signaling; TRP channels,3
837,DSS,Other,5,17,Gap junction mechanosensitivity; Integrin mechanotransduction; TRP channels; Voltage-gated sodium channels,4
838,SCS,Other,5,17,Acid-sensing ion channels; Integrin mechanotransduction; Natriuretic peptide signaling; Voltage-gated sodium channels,4
839,SPM,Other,5,17,Gap junction mechanosensitivity; TRP channels; Ultrasound neuromodulation mechanisms,3
840,ACE2,Other,5,17,Gap junction mechanosensitivity; Lipid-mediated mechanotransduction; Natriuretic peptide signaling; TRP channels,4
841,STAT6,Other,5,17,Chloride and anion channels; Integrin mechanotransduction; Ultrasound neuromodulation mechanisms,3
842,LSD,Other,5,17,Lipid-mediated mechanotransduction; Natriuretic peptide signaling; Ultrasound neuromodulation mechanisms,3
843,AVMD,Other,5,17,Chloride and anion channels,1
844,TRG,Other,5,16,Acid-sensing ion channels; Inward rectifier potassium channels; Lipid-mediated mechanotransduction; Voltage-gated sodium channels,4
845,IVD,Other,5,16,Acid-sensing ion channels; Gap junction mechanosensitivity; TRP channels; Ultrasound neuromodulation mechanisms; Voltage-gated sodium channels,5
846,DAPT,Other,5,16,Integrin mechanotransduction; Lipid-mediated mechanotransduction; Natriuretic peptide signaling; Ultrasound neuromodulation mechanisms; Voltage-gated sodium channels,5
847,WIN,Other,5,16,Lipid-mediated mechanotransduction; Natriuretic peptide signaling; TRP channels; Voltage-gated sodium channels,4
848,GJB2,Connexin,5,16,Gap junction mechanosensitivity,1
849,ALPS,Other,5,16,Gap junction mechanosensitivity; Ultrasound neuromodulation mechanisms,2
850,AC16,Other,5,16,Natriuretic peptide signaling,1
851,IPL,Other,5,15,Natriuretic peptide signaling; Two-pore potassium channels (K2P); Ultrasound neuromodulation mechanisms,3
852,ALL,Other,5,15,Integrin mechanotransduction; Natriuretic peptide signaling,2
853,PINK1,Other,5,15,Lipid-mediated mechanotransduction; Ultrasound neuromodulation mechanisms,2
854,CVD,Other,5,15,Natriuretic peptide signaling,1
855,ADL,Other,5,15,Natriuretic peptide signaling,1
856,MTG,Other,5,14,Inward rectifier potassium channels; Two-pore potassium channels (K2P); Ultrasound neuromodulation mechanisms; Voltage-gated sodium channels,4
857,TBS,Other,5,14,Integrin mechanotransduction; Two-pore potassium channels (K2P); Ultrasound neuromodulation mechanisms,3
858,PSD95,Other,5,14,Inward rectifier potassium channels; Lipid-mediated mechanotransduction; TRP channels,3
859,NKCC,Other,5,14,Chloride and anion channels; Inward rectifier potassium channels; TRP channels; Voltage-gated calcium channels,4
860,CXCL12,Other,5,14,Integrin mechanotransduction; Inward rectifier potassium channels; Voltage-gated sodium channels,3
861,SOM,Other,5,13,Gap junction mechanosensitivity; Mechanosensitive ion channels; Mechanotransduction signaling; Ultrasound neuromodulation mechanisms; Voltage-gated calcium channels,5
862,IL1,Other,5,13,Inward rectifier potassium channels; Mechanosensitive ion channels; Mechanotransduction signaling; Natriuretic peptide signaling; TRP channels,5
863,RIPK1,Other,5,13,Acid-sensing ion channels; Gap junction mechanosensitivity; Mechanotransduction signaling; Natriuretic peptide signaling,4
864,EPR,Other,5,13,Acid-sensing ion channels; Mechanotransduction signaling; Natriuretic peptide signaling; Voltage-gated sodium channels,4
865,SWS,Other,5,13,Acid-sensing ion channels; Gap junction mechanosensitivity; Two-pore potassium channels (K2P); Voltage-gated calcium channels,4
866,REST,Other,5,13,Two-pore potassium channels (K2P); Ultrasound neuromodulation mechanisms; Voltage-gated calcium channels; Voltage-gated sodium channels,4
867,GIRK1,Other,5,13,Inward rectifier potassium channels,1
868,EAAT2,Other,5,13,Chloride and anion channels; Gap junction mechanosensitivity; Inward rectifier potassium channels,3
869,NR2A,Other,5,13,Acid-sensing ion channels; Chloride and anion channels; Gap junction mechanosensitivity; Integrin mechanotransduction; Inward rectifier potassium channels,5
870,TRAM,Other,5,13,Inward rectifier potassium channels,1
871,TNT,Other,5,13,Gap junction mechanosensitivity; Ultrasound neuromodulation mechanisms; Voltage-gated calcium channels,3
872,GAT,Other,5,13,Chloride and anion channels; Voltage-gated calcium channels,2
873,PRC2,Other,5,13,Natriuretic peptide signaling; TRP channels; Ultrasound neuromodulation mechanisms,3
874,ESKD,Other,5,13,TRP channels,1
875,APOE,Other,5,13,Gap junction mechanosensitivity; Integrin mechanotransduction; Lipid-mediated mechanotransduction; Ultrasound neuromodulation mechanisms,4
876,SRF,Other,5,13,Chloride and anion channels; Integrin mechanotransduction; Natriuretic peptide signaling,3
877,GATA,Other,5,13,Gap junction mechanosensitivity; Natriuretic peptide signaling; Ultrasound neuromodulation mechanisms,3
878,AIA,Other,5,13,Chloride and anion channels; Natriuretic peptide signaling,2
879,TMIE,Other,5,12,Mechanosensitive ion channels; Mechanotransduction signaling; Two-pore potassium channels (K2P),3
880,PDAC,Other,5,12,Integrin mechanotransduction; Lipid-mediated mechanotransduction; Mechanotransduction signaling; TRP channels; Ultrasound neuromodulation mechanisms,5
881,NOS1,Other,5,12,Lipid-mediated mechanotransduction; Mechanotransduction signaling; Natriuretic peptide signaling,3
882,NMDAR1,Other,5,12,Chloride and anion channels; Gap junction mechanosensitivity; Natriuretic peptide signaling; TRP channels; Voltage-gated calcium channels,5
883,VEGFA,Other,5,12,Integrin mechanotransduction; Lipid-mediated mechanotransduction; Ultrasound neuromodulation mechanisms; Voltage-gated sodium channels,4
884,VII,Other,5,12,Acid-sensing ion channels; Integrin mechanotransduction; Natriuretic peptide signaling; Ultrasound neuromodulation mechanisms,4
885,PAT,Other,5,12,Integrin mechanotransduction; Natriuretic peptide signaling,2
886,NK1R,Other,5,11,Acid-sensing ion channels; Mechanotransduction signaling; TRP channels,3
887,TWK,Other,5,11,Acid-sensing ion channels; TRP channels; Two-pore potassium channels (K2P),3
888,STG,Other,5,11,Inward rectifier potassium channels; Two-pore potassium channels (K2P); Ultrasound neuromodulation mechanisms,3
889,CPT,Other,5,11,Acid-sensing ion channels; Natriuretic peptide signaling; Two-pore potassium channels (K2P); Ultrasound neuromodulation mechanisms,4
890,HAND,Other,5,11,Gap junction mechanosensitivity; Inward rectifier potassium channels; Two-pore potassium channels (K2P),3
891,SMN,Other,5,11,Inward rectifier potassium channels; Lipid-mediated mechanotransduction; Ultrasound neuromodulation mechanisms; Voltage-gated sodium channels,4
892,ICU,Other,5,11,Acid-sensing ion channels; Natriuretic peptide signaling; Ultrasound neuromodulation mechanisms,3
893,LRP1,Other,5,11,Gap junction mechanosensitivity; Integrin mechanotransduction; Lipid-mediated mechanotransduction; TRP channels,4
894,CNV,Other,5,11,Chloride and anion channels; TRP channels,2
895,GPS,Other,5,11,Integrin mechanotransduction; TRP channels,2
896,ITGA6,Integrin,5,11,Integrin mechanotransduction,1
897,SDT,Other,5,11,Integrin mechanotransduction; Ultrasound neuromodulation mechanisms,2
898,PDE2,Other,5,11,Natriuretic peptide signaling,1
899,MRS,Other,5,10,Mechanosensitive ion channels; Natriuretic peptide signaling; Two-pore potassium channels (K2P); Ultrasound neuromodulation mechanisms,4
900,GAPDH,Other,5,10,Integrin mechanotransduction; Natriuretic peptide signaling; TRP channels; Two-pore potassium channels (K2P),4
901,EZH2,Other,5,10,Natriuretic peptide signaling; TRP channels; Ultrasound neuromodulation mechanisms,3
902,GJC2,Other,5,10,Gap junction mechanosensitivity,1
903,VR1,Other,5,9,Acid-sensing ion channels; Mechanotransduction signaling,2
904,HDAC,Other,5,9,Integrin mechanotransduction; Lipid-mediated mechanotransduction; Natriuretic peptide signaling; Two-pore potassium channels (K2P); Ultrasound neuromodulation mechanisms,5
905,TMD,Other,5,9,Inward rectifier potassium channels; Lipid-mediated mechanotransduction; TRP channels,3
906,ABR,Other,5,9,Gap junction mechanosensitivity; Ultrasound neuromodulation mechanisms; Voltage-gated calcium channels,3
907,TWL,Other,5,9,Chloride and anion channels; Integrin mechanotransduction; TRP channels; Voltage-gated sodium channels,4
908,GFR,Other,5,9,Lipid-mediated mechanotransduction; Natriuretic peptide signaling; TRP channels; Ultrasound neuromodulation mechanisms,4
909,GPA,Other,5,9,Natriuretic peptide signaling; TRP channels,2
910,DRP1,Other,5,8,Lipid-mediated mechanotransduction; Mechanotransduction signaling; TRP channels; Ultrasound neuromodulation mechanisms,4
911,PGP9,Other,5,8,Mechanotransduction signaling; Natriuretic peptide signaling; TRP channels; Ultrasound neuromodulation mechanisms,4
912,FFA,Other,5,8,Chloride and anion channels; Lipid-mediated mechanotransduction; Natriuretic peptide signaling; Two-pore potassium channels (K2P),4
913,SPT,Other,5,8,Gap junction mechanosensitivity; TRP channels; Two-pore potassium channels (K2P); Ultrasound neuromodulation mechanisms; Voltage-gated calcium channels,5
914,PAG,Other,5,8,Gap junction mechanosensitivity; Lipid-mediated mechanotransduction; Two-pore potassium channels (K2P); Voltage-gated calcium channels,4
915,CIP,Other,5,8,Integrin mechanotransduction; Lipid-mediated mechanotransduction; Voltage-gated sodium channels,3
916,AII,Other,5,8,Lipid-mediated mechanotransduction; Natriuretic peptide signaling; Voltage-gated sodium channels,3
917,FPGA,Other,5,8,Acid-sensing ion channels,1
918,ORF,Other,5,8,Chloride and anion channels; Lipid-mediated mechanotransduction; TRP channels; Ultrasound neuromodulation mechanisms,4
919,LFA,Other,5,8,Integrin mechanotransduction; Lipid-mediated mechanotransduction,2
920,BAX,Other,5,8,Chloride and anion channels; Integrin mechanotransduction; Natriuretic peptide signaling,3
921,NANOG,Other,5,7,Chloride and anion channels; Integrin mechanotransduction; Mechanotransduction signaling; TRP channels,4
922,UDP,Other,5,7,Chloride and anion channels; Mechanotransduction signaling; TRP channels,3
923,NK1,Other,5,7,Acid-sensing ion channels; Integrin mechanotransduction; Mechanotransduction signaling; TRP channels,4
924,CNGA3,Other,5,7,Chloride and anion channels; Natriuretic peptide signaling; Two-pore potassium channels (K2P),3
925,SUR2,Other,5,7,Inward rectifier potassium channels; Two-pore potassium channels (K2P),2
926,SP1,Other,5,7,Acid-sensing ion channels; Gap junction mechanosensitivity; Natriuretic peptide signaling; TRP channels; Ultrasound neuromodulation mechanisms,5
927,UPLC,Other,5,7,Lipid-mediated mechanotransduction; Natriuretic peptide signaling; TRP channels,3
928,MITF,Other,5,7,Chloride and anion channels; Integrin mechanotransduction,2
929,OFT,Other,5,7,Gap junction mechanosensitivity; Integrin mechanotransduction; Ultrasound neuromodulation mechanisms,3
930,INL,Other,5,7,Chloride and anion channels; Gap junction mechanosensitivity; Natriuretic peptide signaling; Ultrasound neuromodulation mechanisms,4
931,CAVIN1,Caveolin,5,7,Lipid-mediated mechanotransduction,1
932,AWC,Other,5,7,Natriuretic peptide signaling,1
933,EMBASE,Other,5,6,Gap junction mechanosensitivity; Mechanosensitive ion channels; Mechanotransduction signaling; Natriuretic peptide signaling; Ultrasound neuromodulation mechanisms; Voltage-gated sodium channels,6
934,SCH,Other,5,6,Inward rectifier potassium channels; Lipid-mediated mechanotransduction; Mechanosensitive ion channels; Natriuretic peptide signaling,4
935,GSEA,Other,5,6,Integrin mechanotransduction; Mechanotransduction signaling; Ultrasound neuromodulation mechanisms,3
936,GEF,Other,5,6,Integrin mechanotransduction; Mechanotransduction signaling; Natriuretic peptide signaling; TRP channels; Ultrasound neuromodulation mechanisms,5
937,HFA,Other,5,6,Natriuretic peptide signaling; Two-pore potassium channels (K2P),2
938,FDR,Other,5,6,Integrin mechanotransduction; Inward rectifier potassium channels; Two-pore potassium channels (K2P); Ultrasound neuromodulation mechanisms,4
939,IRK1,Other,5,6,Inward rectifier potassium channels,1
940,LASSO,Other,5,6,Inward rectifier potassium channels; Ultrasound neuromodulation mechanisms,2
941,ICI,Other,5,6,Gap junction mechanosensitivity; Inward rectifier potassium channels; Natriuretic peptide signaling; Ultrasound neuromodulation mechanisms,4
942,NLRP1,Other,5,6,Gap junction mechanosensitivity; TRP channels; Voltage-gated sodium channels,3
943,SIFT,Other,5,6,Chloride and anion channels; TRP channels,2
944,LC3B,Other,5,6,Gap junction mechanosensitivity; Lipid-mediated mechanotransduction; TRP channels,3
945,ITGAM,Other,5,6,Integrin mechanotransduction,1
946,NH2,Other,5,5,Acid-sensing ion channels; Lipid-mediated mechanotransduction; Natriuretic peptide signaling; TRP channels,4
947,TLC,Other,5,5,Lipid-mediated mechanotransduction; Ultrasound neuromodulation mechanisms,2
948,TAF1,Other,4,54,Voltage-gated calcium channels,1
949,GDMT,Other,4,45,Natriuretic peptide signaling,1
950,STOML3,Other,4,44,Acid-sensing ion channels; Mechanosensitive ion channels; Mechanotransduction signaling,3
951,OEA,Other,4,42,Acid-sensing ion channels; Lipid-mediated mechanotransduction,2
952,BHD,Other,4,39,Lipid-mediated mechanotransduction; Ultrasound neuromodulation mechanisms,2
953,ITGB4,Integrin,4,37,Integrin mechanotransduction,1
954,ABCA1,Other,4,36,Lipid-mediated mechanotransduction,1
955,LCM,Other,4,33,Gap junction mechanosensitivity; Voltage-gated calcium channels; Voltage-gated sodium channels,3
956,NTG,Other,4,31,Integrin mechanotransduction; Natriuretic peptide signaling; TRP channels,3
957,LBP,Other,4,30,Mechanosensitive ion channels; TRP channels; Ultrasound neuromodulation mechanisms; Voltage-gated sodium channels,4
958,DHK,Other,4,29,Chloride and anion channels; Gap junction mechanosensitivity; Inward rectifier potassium channels,3
959,VNO,Other,4,28,Chloride and anion channels,1
960,VMHC,Other,4,28,Ultrasound neuromodulation mechanisms,1
961,BAC,Other,4,27,Inward rectifier potassium channels; Two-pore potassium channels (K2P); Voltage-gated calcium channels,3
962,WAG,Other,4,27,Gap junction mechanosensitivity; Voltage-gated calcium channels,2
963,CCH,Other,4,26,Integrin mechanotransduction; Lipid-mediated mechanotransduction; TRP channels,3
964,HERG,Other,4,25,Integrin mechanotransduction; Inward rectifier potassium channels; Lipid-mediated mechanotransduction; Two-pore potassium channels (K2P),4
965,ZIKV,Other,4,25,Integrin mechanotransduction,1
966,UGN,Other,4,25,Natriuretic peptide signaling,1
967,KCNJ6,Kir,4,24,Inward rectifier potassium channels; Lipid-mediated mechanotransduction; Two-pore potassium channels (K2P),3
968,CIBP,Other,4,24,Acid-sensing ion channels; Voltage-gated calcium channels; Voltage-gated sodium channels,3
969,NRP,Other,4,24,Integrin mechanotransduction; Natriuretic peptide signaling; Voltage-gated sodium channels,3
970,NMD,Other,4,23,Chloride and anion channels; Two-pore potassium channels (K2P); Voltage-gated calcium channels,3
971,CID,Other,4,23,Gap junction mechanosensitivity; Two-pore potassium channels (K2P); Ultrasound neuromodulation mechanisms,3
972,HFO,Other,4,23,Gap junction mechanosensitivity; Voltage-gated calcium channels,2
973,ANO,Chloride,4,23,Chloride and anion channels,1
974,RVLM,Other,4,22,Acid-sensing ion channels; Chloride and anion channels; Inward rectifier potassium channels; Natriuretic peptide signaling,4
975,ITGA9,Integrin,4,22,Integrin mechanotransduction,1
976,BACE1,Other,4,22,Lipid-mediated mechanotransduction,1
977,HTN,Other,4,21,Mechanotransduction signaling; Natriuretic peptide signaling; Ultrasound neuromodulation mechanisms,3
978,KCNB1,Kv,4,21,Integrin mechanotransduction; Lipid-mediated mechanotransduction; Voltage-gated sodium channels,3
979,PANX,Connexin,4,20,Gap junction mechanosensitivity; Mechanosensitive ion channels; Mechanotransduction signaling,3
980,MCT2,Other,4,20,Gap junction mechanosensitivity; Inward rectifier potassium channels,2
981,GEFS,Other,4,20,Voltage-gated sodium channels,1
982,CBZ,Other,4,20,Integrin mechanotransduction; Voltage-gated sodium channels,2
983,IEM,Other,4,20,Acid-sensing ion channels; Voltage-gated sodium channels,2
984,AMT,Other,4,20,Acid-sensing ion channels; Lipid-mediated mechanotransduction; Ultrasound neuromodulation mechanisms,3
985,ARF6,Other,4,20,Integrin mechanotransduction; Lipid-mediated mechanotransduction,2
986,LRRC8B,Chloride,4,20,Chloride and anion channels,1
987,CINP,Other,4,19,Acid-sensing ion channels; Inward rectifier potassium channels; TRP channels; Voltage-gated sodium channels,4
988,KIR2,Other,4,19,Inward rectifier potassium channels,1
989,DNMT1,Other,4,19,Acid-sensing ion channels; Lipid-mediated mechanotransduction; Natriuretic peptide signaling; TRP channels,4
990,TNP,Other,4,18,Chloride and anion channels; Inward rectifier potassium channels; Mechanosensitive ion channels; Ultrasound neuromodulation mechanisms,4
991,CGS,Other,4,18,Mechanosensitive ion channels; TRP channels,2
992,LSS,Other,4,18,Acid-sensing ion channels; Lipid-mediated mechanotransduction; Mechanotransduction signaling,3
993,OTM,Other,4,18,Mechanotransduction signaling; TRP channels; Two-pore potassium channels (K2P); Ultrasound neuromodulation mechanisms,4
994,HCN2,Other,4,18,Lipid-mediated mechanotransduction; Two-pore potassium channels (K2P),2
995,CIRI,Other,4,18,Gap junction mechanosensitivity; Integrin mechanotransduction; Two-pore potassium channels (K2P); Voltage-gated sodium channels,4
996,MMSE,Other,4,18,Gap junction mechanosensitivity; Natriuretic peptide signaling; Two-pore potassium channels (K2P),3
997,TRPL,Other,4,18,Lipid-mediated mechanotransduction; TRP channels,2
998,ITGA7,Integrin,4,18,Integrin mechanotransduction,1
999,PEI,Other,4,18,Integrin mechanotransduction,1
1000,VDR,Other,4,17,Mechanotransduction signaling; Natriuretic peptide signaling; Ultrasound neuromodulation mechanisms,3
1001,ICA,Other,4,17,Ultrasound neuromodulation mechanisms; Voltage-gated calcium channels,2
1002,PDN,Other,4,17,Voltage-gated calcium channels; Voltage-gated sodium channels,2
1003,THC,Other,4,17,Lipid-mediated mechanotransduction; Voltage-gated calcium channels; Voltage-gated sodium channels,3
1004,ATF3,Other,4,17,Acid-sensing ion channels; Chloride and anion channels; Voltage-gated sodium channels,3
1005,BMSC,Other,4,17,Lipid-mediated mechanotransduction; TRP channels; Voltage-gated sodium channels,3
1006,CXCL9,Other,4,17,Acid-sensing ion channels; Natriuretic peptide signaling; TRP channels,3
1007,COPD,Other,4,17,Natriuretic peptide signaling; TRP channels; Ultrasound neuromodulation mechanisms,3
1008,DZIP1L,Other,4,17,TRP channels,1
1009,ACG,Other,4,17,Chloride and anion channels,1
1010,LUTS,Other,4,16,Acid-sensing ion channels; Mechanosensitive ion channels; Mechanotransduction signaling; TRP channels; Two-pore potassium channels (K2P),5
1011,FXS,Other,4,16,Inward rectifier potassium channels; Lipid-mediated mechanotransduction; Mechanosensitive ion channels; Voltage-gated calcium channels,4
1012,TRPM1,TRP,4,16,Inward rectifier potassium channels; TRP channels,2
1013,HSV,Other,4,16,Chloride and anion channels; Gap junction mechanosensitivity; Voltage-gated calcium channels,3
1014,STEMI,Other,4,16,Gap junction mechanosensitivity; Natriuretic peptide signaling,2
1015,VMR,Other,4,15,Chloride and anion channels; Mechanosensitive ion channels; Mechanotransduction signaling; TRP channels,4
1016,VWF,Other,4,15,Integrin mechanotransduction; Mechanosensitive ion channels; Mechanotransduction signaling,3
1017,ADAM10,Other,4,15,Lipid-mediated mechanotransduction; Mechanotransduction signaling; TRP channels,3
1018,ACM,Other,4,15,Gap junction mechanosensitivity; Inward rectifier potassium channels,2
1019,INT,Other,4,15,Integrin mechanotransduction; Ultrasound neuromodulation mechanisms; Voltage-gated calcium channels,3
1020,ITGB5,Integrin,4,15,Gap junction mechanosensitivity; Integrin mechanotransduction,2
1021,NBQX,Other,4,14,Chloride and anion channels; Gap junction mechanosensitivity; Mechanosensitive ion channels; Natriuretic peptide signaling,4
1022,LUT,Other,4,14,Acid-sensing ion channels; Mechanotransduction signaling; Natriuretic peptide signaling; TRP channels,4
1023,ICW,Other,4,14,Gap junction mechanosensitivity; Mechanotransduction signaling; Ultrasound neuromodulation mechanisms,3
1024,GPR4,Other,4,14,Acid-sensing ion channels; Inward rectifier potassium channels; Two-pore potassium channels (K2P),3
1025,SST,Other,4,14,Acid-sensing ion channels; Inward rectifier potassium channels; Voltage-gated calcium channels,3
1026,CIT,Other,4,14,Inward rectifier potassium channels; Lipid-mediated mechanotransduction; Ultrasound neuromodulation mechanisms; Voltage-gated sodium channels,4
1027,FMRP,Other,4,14,Inward rectifier potassium channels; Lipid-mediated mechanotransduction; Voltage-gated calcium channels,3
1028,NF1,Other,4,14,Chloride and anion channels; TRP channels; Ultrasound neuromodulation mechanisms; Voltage-gated sodium channels,4
1029,GLS,Other,4,14,Gap junction mechanosensitivity; Natriuretic peptide signaling,2
1030,IAA,Other,4,14,Chloride and anion channels; Gap junction mechanosensitivity,2
1031,LRRK2,Other,4,14,Lipid-mediated mechanotransduction; Ultrasound neuromodulation mechanisms,2
1032,FAF,Other,4,14,Chloride and anion channels,1
1033,ADHF,Other,4,14,Natriuretic peptide signaling,1
1034,MYO7A,Other,4,13,Mechanosensitive ion channels; Mechanotransduction signaling,2
1035,SHP,Other,4,13,Lipid-mediated mechanotransduction; Mechanotransduction signaling; Two-pore potassium channels (K2P),3
1036,HDAC1,Other,4,13,Gap junction mechanosensitivity; Two-pore potassium channels (K2P); Ultrasound neuromodulation mechanisms,3
1037,NCX,Other,4,13,Acid-sensing ion channels; Inward rectifier potassium channels; Two-pore potassium channels (K2P); Voltage-gated calcium channels,4
1038,NTR,Other,4,13,Integrin mechanotransduction; Lipid-mediated mechanotransduction; Two-pore potassium channels (K2P),3
1039,POAG,Other,4,13,Integrin mechanotransduction; Lipid-mediated mechanotransduction; TRP channels; Two-pore potassium channels (K2P),4
1040,WIN55,Other,4,13,Acid-sensing ion channels; Gap junction mechanosensitivity; Inward rectifier potassium channels; Lipid-mediated mechanotransduction,4
1041,EAST,Other,4,13,Inward rectifier potassium channels; TRP channels,2
1042,SCA,Other,4,13,Lipid-mediated mechanotransduction; Ultrasound neuromodulation mechanisms; Voltage-gated calcium channels,3
1043,TMJ,Other,4,13,TRP channels; Voltage-gated sodium channels,2
1044,CED,Other,4,13,Gap junction mechanosensitivity; Integrin mechanotransduction,2
1045,HDAC2,Other,4,13,Gap junction mechanosensitivity; Integrin mechanotransduction; Natriuretic peptide signaling; Ultrasound neuromodulation mechanisms,4
1046,MLO,Other,4,13,Gap junction mechanosensitivity; Integrin mechanotransduction; Lipid-mediated mechanotransduction,3
1047,HKD,Other,4,13,Lipid-mediated mechanotransduction,1
1048,VMD,Other,4,13,Chloride and anion channels,1
1049,PDE9,Other,4,13,Natriuretic peptide signaling,1
1050,DOR,Other,4,12,Gap junction mechanosensitivity; Mechanosensitive ion channels; TRP channels; Voltage-gated sodium channels,4
1051,PRB,Other,4,12,Gap junction mechanosensitivity; Lipid-mediated mechanotransduction; Mechanotransduction signaling,3
1052,IPP,Other,4,12,Integrin mechanotransduction; Mechanotransduction signaling; TRP channels,3
1053,MAE,Other,4,12,Two-pore potassium channels (K2P); Ultrasound neuromodulation mechanisms,2
1054,ALT,Other,4,12,Gap junction mechanosensitivity; Integrin mechanotransduction; Inward rectifier potassium channels; Natriuretic peptide signaling,4
1055,CMTX1,Other,4,12,Gap junction mechanosensitivity; Inward rectifier potassium channels,2
1056,DCE,Other,4,12,Inward rectifier potassium channels; Lipid-mediated mechanotransduction; Ultrasound neuromodulation mechanisms,3
1057,MGB,Other,4,12,Voltage-gated calcium channels,1
1058,DOPA,Other,4,12,Lipid-mediated mechanotransduction; Natriuretic peptide signaling; TRP channels; Voltage-gated calcium channels,4
1059,ADC,Other,4,12,Acid-sensing ion channels; Ultrasound neuromodulation mechanisms; Voltage-gated sodium channels,3
1060,CTRL,Other,4,12,Natriuretic peptide signaling; TRP channels; Ultrasound neuromodulation mechanisms,3
1061,CDCA,Other,4,12,TRP channels,1
1062,KLP,Other,4,12,TRP channels,1
1063,PLGA,Other,4,12,Chloride and anion channels; Integrin mechanotransduction,2
1064,GLUT1,Other,4,11,Gap junction mechanosensitivity; Integrin mechanotransduction; Mechanosensitive ion channels; TRP channels,4
1065,ADS,Other,4,11,Mechanosensitive ion channels; Voltage-gated sodium channels,2
1066,SOCS3,Other,4,11,Gap junction mechanosensitivity; Integrin mechanotransduction; Mechanosensitive ion channels; Mechanotransduction signaling,4
1067,SK1,Other,4,11,Mechanosensitive ion channels; Mechanotransduction signaling; TRP channels; Two-pore potassium channels (K2P),4
1068,RXR,Other,4,11,Lipid-mediated mechanotransduction; Mechanotransduction signaling,2
1069,ALA,Other,4,11,Acid-sensing ion channels; Integrin mechanotransduction; Inward rectifier potassium channels; Two-pore potassium channels (K2P),4
1070,STR,Other,4,11,Natriuretic peptide signaling; Two-pore potassium channels (K2P); Ultrasound neuromodulation mechanisms; Voltage-gated sodium channels,4
1071,ACPD,Other,4,11,Gap junction mechanosensitivity; Inward rectifier potassium channels; Lipid-mediated mechanotransduction; Voltage-gated calcium channels,4
1072,GLUT4,Other,4,11,Integrin mechanotransduction; Inward rectifier potassium channels,2
1073,CAE,Other,4,11,Gap junction mechanosensitivity; Voltage-gated calcium channels,2
1074,SCN1B,Other,4,11,Voltage-gated sodium channels,1
1075,CA4,Other,4,11,Acid-sensing ion channels; Integrin mechanotransduction,2
1076,TNBC,Other,4,11,Integrin mechanotransduction; Lipid-mediated mechanotransduction,2
1077,PRA,Other,4,11,Lipid-mediated mechanotransduction; Natriuretic peptide signaling,2
1078,BCVA,Other,4,11,Chloride and anion channels,1
1079,AT1,Other,4,11,Natriuretic peptide signaling,1
1080,CBV,Other,4,10,Mechanosensitive ion channels; Natriuretic peptide signaling; Ultrasound neuromodulation mechanisms,3
1081,GAG,Other,4,10,Integrin mechanotransduction; Lipid-mediated mechanotransduction; Mechanotransduction signaling; TRP channels,4
1082,PSC,Other,4,10,Chloride and anion channels; Mechanotransduction signaling; TRP channels; Two-pore potassium channels (K2P),4
1083,ACSF,Other,4,10,Integrin mechanotransduction; Two-pore potassium channels (K2P); Voltage-gated calcium channels,3
1084,ND7,Other,4,10,Two-pore potassium channels (K2P); Ultrasound neuromodulation mechanisms; Voltage-gated sodium channels,3
1085,LEP,Other,4,10,Integrin mechanotransduction; Inward rectifier potassium channels; Ultrasound neuromodulation mechanisms,3
1086,DBA,Other,4,10,Integrin mechanotransduction; Inward rectifier potassium channels; TRP channels,3
1087,RET,Other,4,10,Acid-sensing ion channels; Integrin mechanotransduction; Natriuretic peptide signaling; Ultrasound neuromodulation mechanisms,4
1088,MACE,Other,4,10,Natriuretic peptide signaling; TRP channels,2
1089,TRPML,Other,4,10,TRP channels,1
1090,ITGA3,Integrin,4,10,Integrin mechanotransduction,1
1091,SPARC,Other,4,10,Integrin mechanotransduction; Ultrasound neuromodulation mechanisms,2
1092,NFA,Other,4,10,Chloride and anion channels,1
1093,KCCQ,Other,4,10,Natriuretic peptide signaling,1
1094,VGLUT1,Other,4,9,Lipid-mediated mechanotransduction; Mechanosensitive ion channels; Mechanotransduction signaling; Ultrasound neuromodulation mechanisms,4
1095,SHAM,Other,4,9,Chloride and anion channels; Lipid-mediated mechanotransduction; Mechanosensitive ion channels; Ultrasound neuromodulation mechanisms,4
1096,RAMP1,Other,4,9,Mechanotransduction signaling; TRP channels,2
1097,KCNE1,Other,4,9,Lipid-mediated mechanotransduction; Mechanotransduction signaling; TRP channels,3
1098,APC,Other,4,9,Acid-sensing ion channels; Two-pore potassium channels (K2P); Voltage-gated calcium channels; Voltage-gated sodium channels,4
1099,OSS,Other,4,9,Lipid-mediated mechanotransduction; Natriuretic peptide signaling; Two-pore potassium channels (K2P),3
1100,SMR,Other,4,9,Integrin mechanotransduction; Natriuretic peptide signaling; TRP channels; Two-pore potassium channels (K2P),4
1101,FEF,Other,4,9,Acid-sensing ion channels; Inward rectifier potassium channels; Two-pore potassium channels (K2P); Ultrasound neuromodulation mechanisms,4
1102,UPDRS,Other,4,9,Two-pore potassium channels (K2P); Ultrasound neuromodulation mechanisms,2
1103,HIAA,Other,4,9,Natriuretic peptide signaling; TRP channels; Two-pore potassium channels (K2P),3
1104,HSP,Other,4,9,Gap junction mechanosensitivity; Inward rectifier potassium channels; Natriuretic peptide signaling; TRP channels,4
1105,DSP,Other,4,9,Gap junction mechanosensitivity; Inward rectifier potassium channels; TRP channels; Voltage-gated sodium channels,4
1106,DHP,Other,4,9,Voltage-gated calcium channels,1
1107,IVDD,Other,4,9,Acid-sensing ion channels; Voltage-gated sodium channels,2
1108,QSAR,Other,4,9,Chloride and anion channels; TRP channels; Voltage-gated sodium channels,3
1109,SH2,Other,4,9,Integrin mechanotransduction; Lipid-mediated mechanotransduction,2
1110,PBA,Other,4,9,Gap junction mechanosensitivity; Natriuretic peptide signaling; Ultrasound neuromodulation mechanisms,3
1111,NAPEPLD,Other,4,9,Lipid-mediated mechanotransduction,1
1112,ICP,Other,4,9,Natriuretic peptide signaling; Ultrasound neuromodulation mechanisms,2
1113,IFG,Other,4,8,Two-pore potassium channels (K2P); Ultrasound neuromodulation mechanisms,2
1114,CSP,Other,4,8,Two-pore potassium channels (K2P); Ultrasound neuromodulation mechanisms; Voltage-gated sodium channels,3
1115,ICV,Other,4,8,Inward rectifier potassium channels; Natriuretic peptide signaling; Voltage-gated calcium channels,3
1116,TMT,Other,4,8,Integrin mechanotransduction; Inward rectifier potassium channels; Lipid-mediated mechanotransduction,3
1117,SAM,Other,4,8,Acid-sensing ion channels; Integrin mechanotransduction; Lipid-mediated mechanotransduction; Voltage-gated calcium channels,4
1118,GRK,Other,4,8,Natriuretic peptide signaling; TRP channels,2
1119,GPR55,Other,4,8,Lipid-mediated mechanotransduction; TRP channels,2
1120,SFK,Other,4,8,Gap junction mechanosensitivity; Integrin mechanotransduction,2
1121,OEC,Other,4,8,Gap junction mechanosensitivity; Integrin mechanotransduction,2
1122,CD24,Other,4,8,Gap junction mechanosensitivity; Integrin mechanotransduction; Lipid-mediated mechanotransduction,3
1123,MGMT,Other,4,8,Gap junction mechanosensitivity; Integrin mechanotransduction,2
1124,VNS,Other,4,8,Integrin mechanotransduction; Natriuretic peptide signaling; Ultrasound neuromodulation mechanisms,3
1125,DBP,Other,4,8,Integrin mechanotransduction; Natriuretic peptide signaling,2
1126,HT3,Other,4,8,Chloride and anion channels; Natriuretic peptide signaling,2
1127,ONL,Other,4,8,Chloride and anion channels; Natriuretic peptide signaling,2
1128,PARAGON,Other,4,8,Natriuretic peptide signaling,1
1129,ASK,Other,4,8,Natriuretic peptide signaling,1
1130,PEZO,Other,4,7,Mechanosensitive ion channels; Mechanotransduction signaling,2
1131,FGFR1,Other,4,7,Integrin mechanotransduction; Lipid-mediated mechanotransduction; Mechanotransduction signaling; Natriuretic peptide signaling,4
1132,DREADD,Other,4,7,Mechanotransduction signaling; TRP channels; Voltage-gated sodium channels,3
1133,AQP1,Other,4,7,Inward rectifier potassium channels; Lipid-mediated mechanotransduction; Mechanotransduction signaling; Ultrasound neuromodulation mechanisms,4
1134,HCO,Other,4,7,Acid-sensing ion channels; Two-pore potassium channels (K2P),2
1135,LSTM,Other,4,7,TRP channels; Two-pore potassium channels (K2P),2
1136,EPI,Other,4,7,TRP channels; Two-pore potassium channels (K2P),2
1137,IRK,Other,4,7,Inward rectifier potassium channels; Natriuretic peptide signaling,2
1138,TATA,Other,4,7,Acid-sensing ion channels; Inward rectifier potassium channels; Natriuretic peptide signaling; Voltage-gated calcium channels,4
1139,NSE,Other,4,7,Lipid-mediated mechanotransduction; Natriuretic peptide signaling; Voltage-gated calcium channels; Voltage-gated sodium channels,4
1140,FDG,Other,4,7,Natriuretic peptide signaling; Ultrasound neuromodulation mechanisms; Voltage-gated sodium channels,3
1141,QRS,Other,4,7,Gap junction mechanosensitivity; Natriuretic peptide signaling; Voltage-gated sodium channels,3
1142,CYP,Other,4,7,Acid-sensing ion channels; Integrin mechanotransduction; Natriuretic peptide signaling; TRP channels,4
1143,DAPI,Other,4,7,Acid-sensing ion channels; Chloride and anion channels; Gap junction mechanosensitivity,3
1144,IL4,Other,4,7,Integrin mechanotransduction; TRP channels,2
1145,IL6,Other,4,7,Gap junction mechanosensitivity; Lipid-mediated mechanotransduction; TRP channels,3
1146,PP3,Other,4,7,Chloride and anion channels; Gap junction mechanosensitivity; Lipid-mediated mechanotransduction; TRP channels,4
1147,CTR,Other,4,7,Integrin mechanotransduction; Natriuretic peptide signaling; Ultrasound neuromodulation mechanisms,3
1148,FAD,Other,4,7,Gap junction mechanosensitivity; Lipid-mediated mechanotransduction,2
1149,DAGL,Other,4,7,Lipid-mediated mechanotransduction,1
1150,PCC,Other,4,6,Mechanotransduction signaling; Ultrasound neuromodulation mechanisms,2
1151,ERK5,Other,4,6,Mechanotransduction signaling; Natriuretic peptide signaling; Voltage-gated sodium channels,3
1152,GPU,Other,4,6,Acid-sensing ion channels; Two-pore potassium channels (K2P),2
1153,SSD,Other,4,6,Acid-sensing ion channels; Lipid-mediated mechanotransduction; Two-pore potassium channels (K2P),3
1154,MPO,Other,4,6,Acid-sensing ion channels; Chloride and anion channels; Natriuretic peptide signaling; Voltage-gated sodium channels,4
1155,OMIM,Other,4,6,TRP channels; Voltage-gated sodium channels,2
1156,TRPV6,TRP,4,6,TRP channels,1
1157,CD63,Other,4,6,Integrin mechanotransduction; TRP channels,2
1158,TRPP3,TRP,4,6,TRP channels,1
1159,GLI1,Other,4,6,TRP channels; Ultrasound neuromodulation mechanisms,2
1160,RAS,Other,4,6,Integrin mechanotransduction; Lipid-mediated mechanotransduction; Natriuretic peptide signaling,3
1161,LAMB1,Other,4,6,Integrin mechanotransduction; Lipid-mediated mechanotransduction,2
1162,SMAD,Other,4,6,Integrin mechanotransduction; Natriuretic peptide signaling,2
1163,RANKL,Other,4,5,Gap junction mechanosensitivity; Mechanotransduction signaling; TRP channels,3
1164,TMEM16F,Other,4,5,Chloride and anion channels; Mechanotransduction signaling,2
1165,PC3,Other,4,5,Lipid-mediated mechanotransduction; Mechanotransduction signaling; Two-pore potassium channels (K2P),3
1166,DSC,Other,4,5,Two-pore potassium channels (K2P); Voltage-gated sodium channels,2
1167,PLI,Other,4,5,TRP channels; Two-pore potassium channels (K2P); Ultrasound neuromodulation mechanisms,3
1168,CPU,Other,4,5,Acid-sensing ion channels; Inward rectifier potassium channels; Two-pore potassium channels (K2P),3
1169,CRALBP,Other,4,5,Chloride and anion channels; Inward rectifier potassium channels,2
1170,NEUROL,Other,4,5,Inward rectifier potassium channels; TRP channels; Ultrasound neuromodulation mechanisms; Voltage-gated sodium channels,4
1171,MACULAR,Other,4,5,Chloride and anion channels; Inward rectifier potassium channels,2
1172,MVN,Other,4,5,Voltage-gated calcium channels,1
1173,JAK1,Other,4,5,Integrin mechanotransduction; Voltage-gated calcium channels; Voltage-gated sodium channels,3
1174,PARP,Other,4,5,Chloride and anion channels; TRP channels; Voltage-gated sodium channels,3
1175,TIMER,Other,4,5,Acid-sensing ion channels; Integrin mechanotransduction,2
1176,HUVEC,Other,4,5,Gap junction mechanosensitivity; Integrin mechanotransduction; Natriuretic peptide signaling; TRP channels; Ultrasound neuromodulation mechanisms,5
1177,PTEN,Other,4,5,Integrin mechanotransduction; Lipid-mediated mechanotransduction,2
1178,VASP,Other,4,5,Integrin mechanotransduction; Natriuretic peptide signaling,2
1179,PPARG,Other,4,5,Gap junction mechanosensitivity; Integrin mechanotransduction; Lipid-mediated mechanotransduction; Ultrasound neuromodulation mechanisms,4
1180,AWB,Other,4,5,Natriuretic peptide signaling,1
1181,PTIO,Other,4,5,Natriuretic peptide signaling,1
1182,NADH,Other,4,4,Lipid-mediated mechanotransduction; Mechanosensitive ion channels; Natriuretic peptide signaling,3
1183,EDTA,Other,4,4,Lipid-mediated mechanotransduction; Mechanosensitive ion channels; Mechanotransduction signaling; TRP channels,4
1184,CD18,Other,4,4,Integrin mechanotransduction; Inward rectifier potassium channels; Mechanotransduction signaling,3
1185,HDAC6,Other,4,4,Mechanotransduction signaling; TRP channels; Ultrasound neuromodulation mechanisms,3
1186,PAI,Other,4,4,Natriuretic peptide signaling; TRP channels; Two-pore potassium channels (K2P),3
1187,GST,Other,4,4,Lipid-mediated mechanotransduction; Natriuretic peptide signaling; Two-pore potassium channels (K2P),3
1188,RACE,Other,4,4,Chloride and anion channels; Natriuretic peptide signaling; Voltage-gated sodium channels,3
1189,PDE4,Other,4,4,Natriuretic peptide signaling; Ultrasound neuromodulation mechanisms; Voltage-gated sodium channels,3
1190,DOI,Other,4,4,Gap junction mechanosensitivity; TRP channels; Voltage-gated sodium channels,3
1191,STRING,Other,4,4,Gap junction mechanosensitivity; Lipid-mediated mechanotransduction; TRP channels,3
1192,CEM,Other,4,4,TRP channels,1
1193,CDH2,Other,4,4,Chloride and anion channels; Gap junction mechanosensitivity; Integrin mechanotransduction,3
1194,WGA,Other,4,4,Natriuretic peptide signaling,1
1195,GLI,Other,4,4,Ultrasound neuromodulation mechanisms,1
1196,TTN3,Other,3,39,Mechanosensitive ion channels; Mechanotransduction signaling,2
1197,MUC1,Other,3,38,Integrin mechanotransduction; Lipid-mediated mechanotransduction,2
1198,CRH,Other,3,35,Natriuretic peptide signaling; Two-pore potassium channels (K2P),2
1199,ACT,Other,3,34,Inward rectifier potassium channels; TRP channels; Voltage-gated calcium channels,3
1200,MLR,Other,3,32,Lipid-mediated mechanotransduction,1
1201,SIN,Other,3,30,Chloride and anion channels; Natriuretic peptide signaling; TRP channels,3
1202,MSA,Other,3,30,Gap junction mechanosensitivity; Ultrasound neuromodulation mechanisms,2
1203,LRRC8C,Chloride,3,30,Chloride and anion channels,1
1204,AS1,Other,3,29,Natriuretic peptide signaling; TRP channels,2
1205,KCNK17,K2P,3,27,Two-pore potassium channels (K2P),1
1206,BAL,Other,3,27,Inward rectifier potassium channels; Lipid-mediated mechanotransduction; TRP channels,3
1207,AGE,Other,3,27,Integrin mechanotransduction; Inward rectifier potassium channels; Natriuretic peptide signaling,3
1208,LITUS,Other,3,27,Ultrasound neuromodulation mechanisms,1
1209,IIH,Other,3,26,Inward rectifier potassium channels; Ultrasound neuromodulation mechanisms,2
1210,CX36,Connexin,3,26,Gap junction mechanosensitivity,1
1211,LID,Other,3,25,Lipid-mediated mechanotransduction; TRP channels; Ultrasound neuromodulation mechanisms,3
1212,MIF,Other,3,24,TRP channels; Voltage-gated calcium channels,2
1213,TNIIIA2,Other,3,24,Integrin mechanotransduction,1
1214,ETX,Other,3,23,Inward rectifier potassium channels; Voltage-gated calcium channels,2
1215,CGA,Other,3,23,Acid-sensing ion channels; Natriuretic peptide signaling; TRP channels,3
1216,BNP1,Other,3,23,Natriuretic peptide signaling,1
1217,DDR2,Other,3,22,Integrin mechanotransduction; Mechanotransduction signaling,2
1218,AVB,Other,3,22,Integrin mechanotransduction; Natriuretic peptide signaling; Two-pore potassium channels (K2P),3
1219,SAMP8,Other,3,22,Inward rectifier potassium channels; Lipid-mediated mechanotransduction; Two-pore potassium channels (K2P),3
1220,PTH1R,Other,3,22,Integrin mechanotransduction; Lipid-mediated mechanotransduction,2
1221,CLZ,Other,3,22,Gap junction mechanosensitivity; Ultrasound neuromodulation mechanisms,2
1222,GPLD1,Other,3,22,Lipid-mediated mechanotransduction,1
1223,VNP,Other,3,22,Natriuretic peptide signaling,1
1224,PLB,Other,3,22,Natriuretic peptide signaling,1
1225,NPE,Other,3,21,Chloride and anion channels; Gap junction mechanosensitivity; Mechanotransduction signaling; TRP channels,4
1226,MDM,Other,3,21,Integrin mechanotransduction; Inward rectifier potassium channels,2
1227,TAPSE,Other,3,21,Natriuretic peptide signaling,1
1228,CSDS,Other,3,20,Gap junction mechanosensitivity; TRP channels,2
1229,CPR,Other,3,20,Integrin mechanotransduction; Natriuretic peptide signaling; Ultrasound neuromodulation mechanisms,3
1230,ZEB1,Other,3,20,Integrin mechanotransduction; Lipid-mediated mechanotransduction; Natriuretic peptide signaling,3
1231,LRRC8E,Chloride,3,20,Chloride and anion channels,1
1232,AOH,Other,3,19,Lipid-mediated mechanotransduction; Mechanosensitive ion channels; TRP channels,3
1233,MTLE,Other,3,19,Chloride and anion channels; Integrin mechanotransduction; Mechanosensitive ion channels; Mechanotransduction signaling,4
1234,TRH,Other,3,19,Chloride and anion channels; Natriuretic peptide signaling; Two-pore potassium channels (K2P),3
1235,FABP7,Other,3,19,Gap junction mechanosensitivity; Inward rectifier potassium channels; Lipid-mediated mechanotransduction,3
1236,MGC,Other,3,19,Inward rectifier potassium channels; Ultrasound neuromodulation mechanisms,2
1237,PIR,Other,3,19,Voltage-gated calcium channels,1
1238,END,Other,3,19,Gap junction mechanosensitivity; Lipid-mediated mechanotransduction; Natriuretic peptide signaling,3
1239,WMH,Other,3,19,Ultrasound neuromodulation mechanisms,1
1240,DPAT,Other,3,18,Mechanosensitive ion channels; Mechanotransduction signaling; Two-pore potassium channels (K2P); Voltage-gated calcium channels,4
1241,PEDF,Other,3,18,Chloride and anion channels; Integrin mechanotransduction; Natriuretic peptide signaling,3
1242,MHV,Other,3,18,Gap junction mechanosensitivity,1
1243,ACS,Other,3,18,Natriuretic peptide signaling,1
1244,TNI,Other,3,17,Natriuretic peptide signaling; Two-pore potassium channels (K2P); Voltage-gated sodium channels,3
1245,SCZ,Other,3,17,Two-pore potassium channels (K2P); Voltage-gated calcium channels,2
1246,MUD,Other,3,17,Inward rectifier potassium channels; Two-pore potassium channels (K2P); Ultrasound neuromodulation mechanisms,3
1247,GCK,Other,3,17,Inward rectifier potassium channels; TRP channels,2
1248,DRE,Other,3,17,Gap junction mechanosensitivity; Integrin mechanotransduction; Voltage-gated sodium channels,3
1249,MRA,Other,3,17,Natriuretic peptide signaling,1
1250,SIC,Other,3,16,Mechanosensitive ion channels; Mechanotransduction signaling; Natriuretic peptide signaling,3
1251,PSG,Other,3,16,Two-pore potassium channels (K2P),1
1252,MIC,Other,3,16,TRP channels; Two-pore potassium channels (K2P),2
1253,RNS,Other,3,16,Gap junction mechanosensitivity; Inward rectifier potassium channels; Voltage-gated sodium channels,3
1254,PPT,Other,3,16,Inward rectifier potassium channels; Natriuretic peptide signaling; Ultrasound neuromodulation mechanisms,3
1255,GERD,Other,3,16,Acid-sensing ion channels; TRP channels,2
1256,SCD,Other,3,16,Natriuretic peptide signaling; TRP channels,2
1257,APS,Other,3,16,TRP channels; Ultrasound neuromodulation mechanisms,2
1258,NEK8,Other,3,16,TRP channels,1
1259,SASP,Other,3,16,Integrin mechanotransduction; Natriuretic peptide signaling; TRP channels,3
1260,CCM3,Other,3,16,Gap junction mechanosensitivity; Lipid-mediated mechanotransduction; Natriuretic peptide signaling,3
1261,BIN1,Other,3,16,Lipid-mediated mechanotransduction,1
1262,MAOB,Other,3,16,Chloride and anion channels,1
1263,TIA,Other,3,15,Lipid-mediated mechanotransduction; Mechanosensitive ion channels; Mechanotransduction signaling; Ultrasound neuromodulation mechanisms,4
1264,AT2,Other,3,15,Mechanotransduction signaling; Natriuretic peptide signaling,2
1265,TM2,Other,3,15,Acid-sensing ion channels; Lipid-mediated mechanotransduction; Two-pore potassium channels (K2P),3
1266,CFC,Other,3,15,Inward rectifier potassium channels; Two-pore potassium channels (K2P); Ultrasound neuromodulation mechanisms,3
1267,OBX,Other,3,15,Lipid-mediated mechanotransduction; Voltage-gated calcium channels,2
1268,DAB,Other,3,15,Integrin mechanotransduction; Lipid-mediated mechanotransduction; Voltage-gated sodium channels,3
1269,DED,Other,3,15,Acid-sensing ion channels; Integrin mechanotransduction; TRP channels,3
1270,OSCC,Other,3,15,Chloride and anion channels; Natriuretic peptide signaling; TRP channels,3
1271,ERS,Other,3,15,Gap junction mechanosensitivity; Lipid-mediated mechanotransduction; Natriuretic peptide signaling,3
1272,GCV,Other,3,15,Gap junction mechanosensitivity,1
1273,CNP3,Other,3,15,Natriuretic peptide signaling,1
1274,AHF,Other,3,15,Natriuretic peptide signaling,1
1275,HLD,Other,3,14,Gap junction mechanosensitivity; Lipid-mediated mechanotransduction; Mechanosensitive ion channels; Mechanotransduction signaling,4
1276,APD,Other,3,14,Inward rectifier potassium channels; Mechanosensitive ion channels; Voltage-gated calcium channels,3
1277,AMTB,Other,3,14,Mechanosensitive ion channels; TRP channels; Voltage-gated calcium channels,3
1278,CTGF,Other,3,14,Mechanotransduction signaling; Natriuretic peptide signaling,2
1279,IRS,Other,3,14,Inward rectifier potassium channels; Lipid-mediated mechanotransduction; Natriuretic peptide signaling,3
1280,DVC,Other,3,14,Gap junction mechanosensitivity; Inward rectifier potassium channels,2
1281,DALDA,Other,3,14,TRP channels; Voltage-gated sodium channels,2
1282,PMCA,Other,3,14,Acid-sensing ion channels; Chloride and anion channels; TRP channels,3
1283,IPF,Other,3,14,Integrin mechanotransduction; TRP channels,2
1284,BCBM,Other,3,14,Integrin mechanotransduction; Ultrasound neuromodulation mechanisms,2
1285,FCF,Other,3,14,Gap junction mechanosensitivity; Integrin mechanotransduction,2
1286,CTEPH,Other,3,14,Natriuretic peptide signaling,1
1287,AIB,Other,3,14,Natriuretic peptide signaling,1
1288,CCA,Other,3,14,Natriuretic peptide signaling; Ultrasound neuromodulation mechanisms,2
1289,WAT,Other,3,13,Mechanosensitive ion channels; Mechanotransduction signaling; Natriuretic peptide signaling,3
1290,TAA,Other,3,13,Acid-sensing ion channels; Inward rectifier potassium channels; Mechanotransduction signaling,3
1291,PFF,Other,3,13,Mechanotransduction signaling; Voltage-gated calcium channels,2
1292,KCNQ3,Kv,3,13,Inward rectifier potassium channels; TRP channels; Two-pore potassium channels (K2P); Voltage-gated sodium channels,4
1293,KCTD,Other,3,13,Inward rectifier potassium channels; Ultrasound neuromodulation mechanisms,2
1294,CADASIL,Other,3,13,Inward rectifier potassium channels; Natriuretic peptide signaling; Ultrasound neuromodulation mechanisms,3
1295,SAD,Other,3,13,Integrin mechanotransduction; Inward rectifier potassium channels; Ultrasound neuromodulation mechanisms,3
1296,CFS,Other,3,13,Inward rectifier potassium channels; TRP channels,2
1297,TTCC,Other,3,13,Voltage-gated calcium channels,1
1298,CNT,Other,3,13,Integrin mechanotransduction; TRP channels; Voltage-gated calcium channels,3
1299,DCA,Other,3,13,Natriuretic peptide signaling; Ultrasound neuromodulation mechanisms; Voltage-gated sodium channels,3
1300,IRI,Other,3,13,Acid-sensing ion channels; Natriuretic peptide signaling; Ultrasound neuromodulation mechanisms,3
1301,MRGPRX2,Other,3,13,TRP channels,1
1302,MCAM,Other,3,13,Integrin mechanotransduction,1
1303,ADSHE,Other,3,13,Gap junction mechanosensitivity,1
1304,ANGII,Other,3,13,Natriuretic peptide signaling,1
1305,HIE,Other,3,12,Gap junction mechanosensitivity; Mechanosensitive ion channels; TRP channels,3
1306,JNK1,Other,3,12,Gap junction mechanosensitivity; Mechanosensitive ion channels; Voltage-gated calcium channels,3
1307,SAW,Other,3,12,Mechanosensitive ion channels; Mechanotransduction signaling; Ultrasound neuromodulation mechanisms,3
1308,BXD,Other,3,12,Inward rectifier potassium channels; Lipid-mediated mechanotransduction; Mechanotransduction signaling; Voltage-gated calcium channels,4
1309,DIC,Other,3,12,Natriuretic peptide signaling; Two-pore potassium channels (K2P),2
1310,INS,Other,3,12,Lipid-mediated mechanotransduction; Two-pore potassium channels (K2P); Ultrasound neuromodulation mechanisms,3
1311,GLUT3,Other,3,12,Gap junction mechanosensitivity; Inward rectifier potassium channels,2
1312,POPC,Other,3,12,Chloride and anion channels; Lipid-mediated mechanotransduction; Voltage-gated sodium channels,3
1313,SCN3B,Other,3,12,Voltage-gated sodium channels,1
1314,ONC,Other,3,12,Gap junction mechanosensitivity; Voltage-gated sodium channels,2
1315,CBN,Other,3,12,Lipid-mediated mechanotransduction; Voltage-gated sodium channels,2
1316,MGE,Other,3,12,Natriuretic peptide signaling; Voltage-gated sodium channels,2
1317,FBGC,Other,3,12,TRP channels,1
1318,GOF,Other,3,12,Lipid-mediated mechanotransduction; TRP channels,2
1319,NAFLD,Other,3,12,Integrin mechanotransduction; Lipid-mediated mechanotransduction; Natriuretic peptide signaling,3
1320,SUV,Other,3,12,Integrin mechanotransduction; Ultrasound neuromodulation mechanisms,2
1321,PDE2A,Other,3,12,Natriuretic peptide signaling,1
1322,AV3V,Other,3,12,Natriuretic peptide signaling,1
1323,METTL3,Other,3,11,Mechanosensitive ion channels; Ultrasound neuromodulation mechanisms,2
1324,HT4,Other,3,11,Chloride and anion channels; Mechanosensitive ion channels; TRP channels; Two-pore potassium channels (K2P),4
1325,EP4,Other,3,11,Acid-sensing ion channels; Mechanotransduction signaling; Ultrasound neuromodulation mechanisms,3
1326,TMP,Other,3,11,Gap junction mechanosensitivity; Mechanotransduction signaling; Two-pore potassium channels (K2P),3
1327,NALCN,Other,3,11,TRP channels; Two-pore potassium channels (K2P),2
1328,THIK1,Other,3,11,Two-pore potassium channels (K2P),1
1329,LFS,Other,3,11,Two-pore potassium channels (K2P); Ultrasound neuromodulation mechanisms,2
1330,SUR2A,Other,3,11,Gap junction mechanosensitivity; Inward rectifier potassium channels,2
1331,PDF,Other,3,11,Inward rectifier potassium channels; Natriuretic peptide signaling; Voltage-gated sodium channels,3
1332,RTT,Other,3,11,Inward rectifier potassium channels; TRP channels; Ultrasound neuromodulation mechanisms,3
1333,NPFF,Other,3,11,Acid-sensing ion channels; Inward rectifier potassium channels,2
1334,SGK,Other,3,11,Chloride and anion channels; Natriuretic peptide signaling; TRP channels,3
1335,DPN,Other,3,11,Natriuretic peptide signaling; TRP channels,2
1336,NRG,Other,3,11,Integrin mechanotransduction; Natriuretic peptide signaling,2
1337,TRAIL,Other,3,11,Integrin mechanotransduction; Lipid-mediated mechanotransduction; Ultrasound neuromodulation mechanisms,3
1338,GDF15,Other,3,10,Integrin mechanotransduction; Mechanosensitive ion channels; Mechanotransduction signaling; Natriuretic peptide signaling,4
1339,TAL,Other,3,10,Mechanosensitive ion channels; Mechanotransduction signaling; Ultrasound neuromodulation mechanisms,3
1340,ACR,Other,3,10,Mechanotransduction signaling; Natriuretic peptide signaling,2
1341,HRV,Other,3,10,Gap junction mechanosensitivity; Mechanotransduction signaling; Ultrasound neuromodulation mechanisms,3
1342,LIR,Other,3,10,Natriuretic peptide signaling; Two-pore potassium channels (K2P),2
1343,DAT,Other,3,10,Inward rectifier potassium channels; Ultrasound neuromodulation mechanisms,2
1344,PPD,Other,3,10,Inward rectifier potassium channels; Lipid-mediated mechanotransduction; Voltage-gated calcium channels,3
1345,ALF,Other,3,10,Acid-sensing ion channels; Integrin mechanotransduction; Inward rectifier potassium channels,3
1346,AED,Other,3,10,Chloride and anion channels; Gap junction mechanosensitivity; Inward rectifier potassium channels; TRP channels; Voltage-gated sodium channels,5
1347,CST,Other,3,10,Inward rectifier potassium channels; Natriuretic peptide signaling; TRP channels,3
1348,EMF,Other,3,10,Voltage-gated calcium channels,1
1349,DAI,Other,3,10,Lipid-mediated mechanotransduction; Voltage-gated calcium channels; Voltage-gated sodium channels,3
1350,PRM,Other,3,10,Lipid-mediated mechanotransduction; Natriuretic peptide signaling; Voltage-gated sodium channels,3
1351,ACD,Other,3,10,Acid-sensing ion channels; Chloride and anion channels,2
1352,TLR2,Other,3,10,Gap junction mechanosensitivity; TRP channels; Ultrasound neuromodulation mechanisms,3
1353,NRF2,Other,3,10,Integrin mechanotransduction; TRP channels; Ultrasound neuromodulation mechanisms,3
1354,IKVAV,Other,3,10,Integrin mechanotransduction,1
1355,AML,Other,3,10,Integrin mechanotransduction; Natriuretic peptide signaling,2
1356,ITGA4,Integrin,3,10,Integrin mechanotransduction,1
1357,NRF1,Other,3,10,Integrin mechanotransduction; Lipid-mediated mechanotransduction,2
1358,CSS,Other,3,10,Gap junction mechanosensitivity; Natriuretic peptide signaling,2
1359,FIPI,Other,3,10,Lipid-mediated mechanotransduction,1
1360,CCC,Other,3,10,Natriuretic peptide signaling; Ultrasound neuromodulation mechanisms,2
1361,NOX1,Other,3,9,Chloride and anion channels; Mechanosensitive ion channels; Mechanotransduction signaling; TRP channels; Two-pore potassium channels (K2P),5
1362,OSCA1,Other,3,9,Mechanosensitive ion channels; Mechanotransduction signaling; Two-pore potassium channels (K2P),3
1363,RUNX2,Other,3,9,Chloride and anion channels; Mechanosensitive ion channels; Mechanotransduction signaling,3
1364,ROCK1,Other,3,9,Gap junction mechanosensitivity; Lipid-mediated mechanotransduction; Mechanosensitive ion channels; Mechanotransduction signaling,4
1365,JUN,Other,3,9,Integrin mechanotransduction; Mechanotransduction signaling; TRP channels,3
1366,PCP,Other,3,9,Inward rectifier potassium channels; Mechanotransduction signaling,2
1367,HAS,Other,3,9,Integrin mechanotransduction; Natriuretic peptide signaling; Two-pore potassium channels (K2P),3
1368,DPI,Other,3,9,Chloride and anion channels; Two-pore potassium channels (K2P); Voltage-gated sodium channels,3
1369,BPD,Other,3,9,Natriuretic peptide signaling; TRP channels; Two-pore potassium channels (K2P),3
1370,HCS,Other,3,9,Two-pore potassium channels (K2P); Voltage-gated sodium channels,2
1371,CKO,Other,3,9,Integrin mechanotransduction; Inward rectifier potassium channels,2
1372,LOAD,Other,3,9,Inward rectifier potassium channels; Lipid-mediated mechanotransduction,2
1373,DTG,Other,3,9,Natriuretic peptide signaling; Voltage-gated calcium channels; Voltage-gated sodium channels,3
1374,CLS,Other,3,9,Lipid-mediated mechanotransduction; Voltage-gated sodium channels,2
1375,EBI,Other,3,9,Gap junction mechanosensitivity; TRP channels; Ultrasound neuromodulation mechanisms,3
1376,MERTK,Other,3,9,Chloride and anion channels; TRP channels,2
1377,BECN1,Other,3,9,Integrin mechanotransduction; TRP channels,2
1378,MST1,Other,3,9,Gap junction mechanosensitivity; Lipid-mediated mechanotransduction; TRP channels,3
1379,FFSS,Other,3,9,Gap junction mechanosensitivity,1
1380,GJC,Other,3,9,Gap junction mechanosensitivity,1
1381,TRITC,Other,3,9,Gap junction mechanosensitivity; Lipid-mediated mechanotransduction,2
1382,MFSD2A,Other,3,9,Lipid-mediated mechanotransduction,1
1383,SONIC,Other,3,9,Ultrasound neuromodulation mechanisms,1
1384,CTX,Other,3,8,Mechanosensitive ion channels; Natriuretic peptide signaling; Ultrasound neuromodulation mechanisms,3
1385,SLV,Other,3,8,Lipid-mediated mechanotransduction; Mechanosensitive ion channels; Mechanotransduction signaling; TRP channels,4
1386,DMP,Other,3,8,Acid-sensing ion channels; Mechanotransduction signaling; Natriuretic peptide signaling,3
1387,LCS,Other,3,8,Gap junction mechanosensitivity; Lipid-mediated mechanotransduction; Mechanotransduction signaling,3
1388,NANC,Other,3,8,Chloride and anion channels; Mechanotransduction signaling; Natriuretic peptide signaling,3
1389,STUDY,Other,3,8,Inward rectifier potassium channels; Two-pore potassium channels (K2P); Ultrasound neuromodulation mechanisms,3
1390,NTS1,Other,3,8,Inward rectifier potassium channels; Two-pore potassium channels (K2P),2
1391,ATI,Other,3,8,Lipid-mediated mechanotransduction; Two-pore potassium channels (K2P),2
1392,OX1R,Other,3,8,Inward rectifier potassium channels; TRP channels; Two-pore potassium channels (K2P),3
1393,PECAM1,Other,3,8,Integrin mechanotransduction; Inward rectifier potassium channels; Lipid-mediated mechanotransduction; Two-pore potassium channels (K2P),4
1394,MPFC,Other,3,8,Natriuretic peptide signaling; Two-pore potassium channels (K2P),2
1395,KCNJ1,Kir,3,8,Inward rectifier potassium channels; Two-pore potassium channels (K2P),2
1396,GAD1,Other,3,8,Inward rectifier potassium channels; Ultrasound neuromodulation mechanisms,2
1397,CLC,Other,3,8,Chloride and anion channels; Inward rectifier potassium channels,2
1398,SCN4A,Nav,3,8,Voltage-gated sodium channels,1
1399,OCTA,Other,3,8,Chloride and anion channels; Voltage-gated sodium channels,2
1400,HTS,Other,3,8,Chloride and anion channels; TRP channels; Voltage-gated sodium channels,3
1401,DDT,Other,3,8,Voltage-gated sodium channels,1
1402,CDK5,Other,3,8,TRP channels; Ultrasound neuromodulation mechanisms,2
1403,BMP4,Other,3,8,Integrin mechanotransduction; TRP channels,2
1404,YIGSR,Other,3,8,Integrin mechanotransduction,1
1405,TSP,Other,3,8,Integrin mechanotransduction; Natriuretic peptide signaling,2
1406,MYC,Other,3,8,Gap junction mechanosensitivity; Integrin mechanotransduction; Ultrasound neuromodulation mechanisms,3
1407,DRM,Other,3,8,Lipid-mediated mechanotransduction,1
1408,PRC,Other,3,8,Lipid-mediated mechanotransduction; Natriuretic peptide signaling; Ultrasound neuromodulation mechanisms,3
1409,CPAE,Other,3,8,Chloride and anion channels; Lipid-mediated mechanotransduction,2
1410,CNGA2,Other,3,8,Chloride and anion channels; Lipid-mediated mechanotransduction; Natriuretic peptide signaling,3
1411,VRCC,Other,3,8,Chloride and anion channels,1
1412,ANO10,Chloride,3,8,Chloride and anion channels,1
1413,CNP1,Other,3,8,Natriuretic peptide signaling,1
1414,KHD,Other,3,8,Natriuretic peptide signaling,1
1415,URX,Other,3,8,Natriuretic peptide signaling,1
1416,EED,Other,3,8,Ultrasound neuromodulation mechanisms,1
1417,ACSL4,Other,3,7,Mechanosensitive ion channels; Mechanotransduction signaling; Natriuretic peptide signaling,3
1418,PK1,Other,3,7,Mechanosensitive ion channels; Natriuretic peptide signaling; TRP channels,3
1419,BET,Other,3,7,Integrin mechanotransduction; Mechanosensitive ion channels; Ultrasound neuromodulation mechanisms,3
1420,SYP,Other,3,7,Inward rectifier potassium channels; Lipid-mediated mechanotransduction; Mechanosensitive ion channels; Mechanotransduction signaling,4
1421,BDBD,Other,3,7,Gap junction mechanosensitivity; Integrin mechanotransduction; Mechanosensitive ion channels; Mechanotransduction signaling,4
1422,DRD1,Other,3,7,Integrin mechanotransduction; Mechanotransduction signaling; Ultrasound neuromodulation mechanisms,3
1423,NNA,Other,3,7,Mechanotransduction signaling; Natriuretic peptide signaling,2
1424,ECC,Other,3,7,Gap junction mechanosensitivity; Lipid-mediated mechanotransduction; Two-pore potassium channels (K2P),3
1425,CD14,Other,3,7,Inward rectifier potassium channels; Lipid-mediated mechanotransduction; Natriuretic peptide signaling,3
1426,SNX,Other,3,7,Inward rectifier potassium channels; Lipid-mediated mechanotransduction; Voltage-gated calcium channels,3
1427,LDT,Other,3,7,Inward rectifier potassium channels; Voltage-gated calcium channels,2
1428,BMD,Other,3,7,Chloride and anion channels; Inward rectifier potassium channels,2
1429,BMAL1,Other,3,7,Gap junction mechanosensitivity; Inward rectifier potassium channels; Voltage-gated sodium channels,3
1430,CNTNAP2,Other,3,7,Integrin mechanotransduction; Inward rectifier potassium channels; Lipid-mediated mechanotransduction,3
1431,MARCKS,Other,3,7,Inward rectifier potassium channels; Lipid-mediated mechanotransduction,2
1432,ODC,Other,3,7,Integrin mechanotransduction; Inward rectifier potassium channels; Ultrasound neuromodulation mechanisms,3
1433,OIPN,Other,3,7,TRP channels; Voltage-gated calcium channels; Voltage-gated sodium channels,3
1434,CCB,Other,3,7,Lipid-mediated mechanotransduction; Natriuretic peptide signaling; Voltage-gated calcium channels,3
1435,ICD,Other,3,7,Integrin mechanotransduction; Lipid-mediated mechanotransduction; Voltage-gated sodium channels,3
1436,KCNT1,Other,3,7,Voltage-gated sodium channels,1
1437,LRP4,Other,3,7,Integrin mechanotransduction; Lipid-mediated mechanotransduction; Voltage-gated sodium channels,3
1438,HFS,Other,3,7,Gap junction mechanosensitivity; Natriuretic peptide signaling; Voltage-gated sodium channels,3
1439,CTC,Other,3,7,Ultrasound neuromodulation mechanisms; Voltage-gated sodium channels,2
1440,ABP,Other,3,7,Acid-sensing ion channels; Natriuretic peptide signaling; TRP channels,3
1441,ECD,Other,3,7,Acid-sensing ion channels; Integrin mechanotransduction; Natriuretic peptide signaling,3
1442,PED,Other,3,7,Chloride and anion channels; TRP channels,2
1443,PDC,Other,3,7,Integrin mechanotransduction; TRP channels,2
1444,PTH,Other,3,7,Lipid-mediated mechanotransduction; Natriuretic peptide signaling; TRP channels,3
1445,STS,Other,3,7,Lipid-mediated mechanotransduction; Natriuretic peptide signaling; TRP channels,3
1446,ITGA1,Integrin,3,7,Integrin mechanotransduction,1
1447,CCR7,Other,3,7,Integrin mechanotransduction; Natriuretic peptide signaling,2
1448,TAK,Other,3,7,Integrin mechanotransduction; Lipid-mediated mechanotransduction; Natriuretic peptide signaling,3
1449,BBTB,Other,3,7,Integrin mechanotransduction,1
1450,TIMP1,Other,3,7,Integrin mechanotransduction,1
1451,VLO5,Other,3,7,Integrin mechanotransduction,1
1452,CSF1R,Other,3,7,Gap junction mechanosensitivity; Natriuretic peptide signaling; Ultrasound neuromodulation mechanisms,3
1453,NRG1,Other,3,7,Lipid-mediated mechanotransduction; Natriuretic peptide signaling; Ultrasound neuromodulation mechanisms,3
1454,PDMP,Other,3,7,Lipid-mediated mechanotransduction,1
1455,ANO6,Chloride,3,7,Chloride and anion channels,1
1456,PA14,Other,3,7,Natriuretic peptide signaling,1
1457,RIS,Other,3,7,Natriuretic peptide signaling,1
1458,PLS,Other,3,7,Ultrasound neuromodulation mechanisms,1
1459,PTCH1,Other,3,7,Ultrasound neuromodulation mechanisms,1
1460,NCAM1,Other,3,6,Inward rectifier potassium channels; Lipid-mediated mechanotransduction; Mechanosensitive ion channels; Mechanotransduction signaling,4
1461,NOX,Other,3,6,Chloride and anion channels; Mechanosensitive ion channels; Voltage-gated sodium channels,3
1462,CHANNEL,Other,3,6,Mechanosensitive ion channels; Mechanotransduction signaling; TRP channels; Voltage-gated calcium channels,4
1463,NPP,Other,3,6,Gap junction mechanosensitivity; Mechanosensitive ion channels; Mechanotransduction signaling; Two-pore potassium channels (K2P),4
1464,PCDH15,Other,3,6,Integrin mechanotransduction; Mechanosensitive ion channels; Mechanotransduction signaling,3
1465,DVA,Other,3,6,Mechanosensitive ion channels; Natriuretic peptide signaling,2
1466,NGN2,Other,3,6,Mechanotransduction signaling; Voltage-gated sodium channels,2
1467,ADAM,Other,3,6,Lipid-mediated mechanotransduction; Mechanotransduction signaling; Two-pore potassium channels (K2P),3
1468,TNFR1,Other,3,6,Mechanotransduction signaling; Voltage-gated sodium channels,2
1469,RIPK3,Other,3,6,Gap junction mechanosensitivity; Mechanotransduction signaling; Natriuretic peptide signaling,3
1470,BL6,Other,3,6,Acid-sensing ion channels; Mechanotransduction signaling; TRP channels,3
1471,AVM,Other,3,6,Gap junction mechanosensitivity; Integrin mechanotransduction; Mechanotransduction signaling,3
1472,NHERF,Other,3,6,Inward rectifier potassium channels; Lipid-mediated mechanotransduction; Two-pore potassium channels (K2P),3
1473,SHAP,Other,3,6,Natriuretic peptide signaling; Two-pore potassium channels (K2P); Ultrasound neuromodulation mechanisms,3
1474,SVR,Other,3,6,Natriuretic peptide signaling; Two-pore potassium channels (K2P); Ultrasound neuromodulation mechanisms,3
1475,PP1,Other,3,6,Chloride and anion channels; Natriuretic peptide signaling; Two-pore potassium channels (K2P),3
1476,BNST,Other,3,6,Acid-sensing ion channels; Two-pore potassium channels (K2P); Voltage-gated calcium channels,3
1477,TST,Other,3,6,Gap junction mechanosensitivity; Two-pore potassium channels (K2P); Ultrasound neuromodulation mechanisms,3
1478,CCR5,Other,3,6,Gap junction mechanosensitivity; Inward rectifier potassium channels,2
1479,ANA,Other,3,6,Inward rectifier potassium channels; Natriuretic peptide signaling,2
1480,KCNC1,Kv,3,6,Inward rectifier potassium channels,1
1481,NSCLC,Other,3,6,Ultrasound neuromodulation mechanisms; Voltage-gated calcium channels,2
1482,FLIPR,Other,3,6,Acid-sensing ion channels; Chloride and anion channels; Voltage-gated calcium channels,3
1483,BAM8,Other,3,6,TRP channels; Voltage-gated calcium channels,2
1484,VCR,Other,3,6,TRP channels; Voltage-gated calcium channels; Voltage-gated sodium channels,3
1485,PMWT,Other,3,6,Lipid-mediated mechanotransduction; Voltage-gated sodium channels,2
1486,SMG,Other,3,6,Natriuretic peptide signaling; Ultrasound neuromodulation mechanisms; Voltage-gated sodium channels,3
1487,PBO,Other,3,6,Acid-sensing ion channels; Voltage-gated sodium channels,2
1488,LVDP,Other,3,6,Natriuretic peptide signaling; TRP channels; Voltage-gated sodium channels,3
1489,TPEN,Other,3,6,Acid-sensing ion channels; TRP channels; Voltage-gated sodium channels,3
1490,NS20Y,Other,3,6,Acid-sensing ion channels,1
1491,PDE5,Other,3,6,Acid-sensing ion channels; Natriuretic peptide signaling; TRP channels,3
1492,FTH1,Other,3,6,Natriuretic peptide signaling; TRP channels,2
1493,WGCNA,Other,3,6,Gap junction mechanosensitivity; Integrin mechanotransduction; TRP channels,3
1494,AQP2,Other,3,6,Gap junction mechanosensitivity; TRP channels,2
1495,CDK,Other,3,6,Chloride and anion channels; Lipid-mediated mechanotransduction; TRP channels,3
1496,DPCPX,Other,3,6,Chloride and anion channels; Natriuretic peptide signaling; TRP channels,3
1497,TFEB,Other,3,6,TRP channels; Ultrasound neuromodulation mechanisms,2
1498,SIRP,Other,3,6,Integrin mechanotransduction; Lipid-mediated mechanotransduction,2
1499,CXCL13,Other,3,6,Integrin mechanotransduction; Ultrasound neuromodulation mechanisms,2
1500,SH3,Other,3,6,Integrin mechanotransduction; Lipid-mediated mechanotransduction,2
1501,SPP1,Other,3,6,Integrin mechanotransduction,1
1502,WASP,Other,3,6,Integrin mechanotransduction; Lipid-mediated mechanotransduction,2
1503,CSC,Other,3,6,Integrin mechanotransduction; Natriuretic peptide signaling,2
1504,CTL,Other,3,6,Gap junction mechanosensitivity; Integrin mechanotransduction; Ultrasound neuromodulation mechanisms,3
1505,PAGE,Other,3,6,Integrin mechanotransduction; Lipid-mediated mechanotransduction,2
1506,SRM,Other,3,6,Gap junction mechanosensitivity; Lipid-mediated mechanotransduction,2
1507,CME,Other,3,6,Lipid-mediated mechanotransduction,1
1508,PTRF,Other,3,6,Lipid-mediated mechanotransduction,1
1509,PGI,Other,3,6,Lipid-mediated mechanotransduction; Natriuretic peptide signaling,2
1510,AAC,Other,3,6,Lipid-mediated mechanotransduction; Natriuretic peptide signaling,2
1511,DSM,Other,3,6,Chloride and anion channels; Natriuretic peptide signaling; Ultrasound neuromodulation mechanisms,3
1512,HAMD,Other,3,6,Ultrasound neuromodulation mechanisms,1
1513,NICE,Other,3,6,Ultrasound neuromodulation mechanisms,1
1514,LAMP1,Other,3,5,Integrin mechanotransduction; Mechanosensitive ion channels; Mechanotransduction signaling,3
1515,ISI,Other,3,5,Acid-sensing ion channels; Mechanosensitive ion channels; Two-pore potassium channels (K2P); Voltage-gated calcium channels,4
1516,MPEP,Other,3,5,Inward rectifier potassium channels; Mechanosensitive ion channels; Voltage-gated calcium channels,3
1517,CHPG,Other,3,5,Lipid-mediated mechanotransduction; Mechanosensitive ion channels; TRP channels,3
1518,TPH2,Other,3,5,Mechanosensitive ion channels; Mechanotransduction signaling; TRP channels; Ultrasound neuromodulation mechanisms,4
1519,PP2A,Other,3,5,Mechanotransduction signaling; Natriuretic peptide signaling; Two-pore potassium channels (K2P),3
1520,WAY,Other,3,5,Inward rectifier potassium channels; Mechanotransduction signaling,2
1521,ADME,Other,3,5,TRP channels; Two-pore potassium channels (K2P); Voltage-gated sodium channels,3
1522,KDR,Other,3,5,Inward rectifier potassium channels,1
1523,SBFI,Other,3,5,Inward rectifier potassium channels; TRP channels; Voltage-gated sodium channels,3
1524,GTC,Other,3,5,Inward rectifier potassium channels; Voltage-gated calcium channels,2
1525,SLE,Other,3,5,Natriuretic peptide signaling; TRP channels; Voltage-gated calcium channels,3
1526,SOX10,Other,3,5,Gap junction mechanosensitivity; Integrin mechanotransduction; Voltage-gated calcium channels,3
1527,CACNA1E,Cav,3,5,Voltage-gated calcium channels,1
1528,CADD,Other,3,5,TRP channels; Voltage-gated calcium channels; Voltage-gated sodium channels,3
1529,IIS6,Other,3,5,Voltage-gated calcium channels; Voltage-gated sodium channels,2
1530,FHF,Other,3,5,Voltage-gated sodium channels,1
1531,MECP2,Other,3,5,TRP channels; Ultrasound neuromodulation mechanisms; Voltage-gated sodium channels,3
1532,DEF,Other,3,5,Voltage-gated sodium channels,1
1533,PTPN22,Other,3,5,Lipid-mediated mechanotransduction; TRP channels,2
1534,TAX,Other,3,5,Natriuretic peptide signaling; TRP channels,2
1535,CHRNA4,Other,3,5,Gap junction mechanosensitivity; TRP channels,2
1536,DCT,Other,3,5,Chloride and anion channels; Integrin mechanotransduction; Lipid-mediated mechanotransduction,3
1537,HCA,Other,3,5,Integrin mechanotransduction; Ultrasound neuromodulation mechanisms,2
1538,CD40,Other,3,5,Integrin mechanotransduction; Natriuretic peptide signaling,2
1539,OLIG2,Other,3,5,Integrin mechanotransduction,1
1540,ARL,Other,3,5,Gap junction mechanosensitivity; Integrin mechanotransduction; Lipid-mediated mechanotransduction,3
1541,TALEN,Other,3,5,Gap junction mechanosensitivity; Lipid-mediated mechanotransduction,2
1542,LOF,Other,3,5,Gap junction mechanosensitivity; Ultrasound neuromodulation mechanisms,2
1543,CT2A,Other,3,5,Gap junction mechanosensitivity; Lipid-mediated mechanotransduction,2
1544,IGF2,Other,3,5,Gap junction mechanosensitivity; Lipid-mediated mechanotransduction; Natriuretic peptide signaling; Ultrasound neuromodulation mechanisms,4
1545,IKK,Other,3,5,Gap junction mechanosensitivity; Lipid-mediated mechanotransduction; Natriuretic peptide signaling,3
1546,PRPH2,Other,3,5,Chloride and anion channels,1
1547,NPPA,Other,3,5,Natriuretic peptide signaling,1
1548,GCY,Other,3,5,Natriuretic peptide signaling,1
1549,LVFS,Other,3,5,Natriuretic peptide signaling,1
1550,FVC,Other,3,5,Natriuretic peptide signaling; Ultrasound neuromodulation mechanisms,2
1551,BBG,Other,3,4,Gap junction mechanosensitivity; Mechanosensitive ion channels,2
1552,CCL3,Other,3,4,Integrin mechanotransduction; Mechanosensitive ion channels; Mechanotransduction signaling; Natriuretic peptide signaling,4
1553,NOS2,Other,3,4,Mechanosensitive ion channels; Mechanotransduction signaling; Natriuretic peptide signaling; TRP channels,4
1554,CAMKII,Other,3,4,Integrin mechanotransduction; Mechanotransduction signaling; Natriuretic peptide signaling,3
1555,NCBI,Other,3,4,Gap junction mechanosensitivity; Lipid-mediated mechanotransduction; Mechanotransduction signaling,3
1556,HT2A,Other,3,4,Mechanotransduction signaling; Natriuretic peptide signaling,2
1557,BLAST,Other,3,4,Acid-sensing ion channels; Natriuretic peptide signaling; Two-pore potassium channels (K2P),3
1558,NEURON,Other,3,4,Inward rectifier potassium channels; Two-pore potassium channels (K2P); Voltage-gated calcium channels,3
1559,GYG,Other,3,4,Two-pore potassium channels (K2P),1
1560,NSF,Other,3,4,Acid-sensing ion channels; Lipid-mediated mechanotransduction; Two-pore potassium channels (K2P),3
1561,FMA,Other,3,4,Two-pore potassium channels (K2P); Ultrasound neuromodulation mechanisms,2
1562,PANSS,Other,3,4,Two-pore potassium channels (K2P); Ultrasound neuromodulation mechanisms,2
1563,EST,Other,3,4,Chloride and anion channels; Inward rectifier potassium channels; Voltage-gated calcium channels,3
1564,OXPHOS,Other,3,4,Gap junction mechanosensitivity; Inward rectifier potassium channels; Lipid-mediated mechanotransduction,3
1565,GLIA,Other,3,4,Inward rectifier potassium channels; Natriuretic peptide signaling; Ultrasound neuromodulation mechanisms,3
1566,DPOAE,Other,3,4,Gap junction mechanosensitivity; Voltage-gated calcium channels,2
1567,GAT1,Other,3,4,Ultrasound neuromodulation mechanisms; Voltage-gated calcium channels; Voltage-gated sodium channels,3
1568,MVIIC,Other,3,4,Voltage-gated calcium channels,1
1569,SWD,Other,3,4,Voltage-gated calcium channels,1
1570,SCOPUS,Other,3,4,TRP channels; Ultrasound neuromodulation mechanisms; Voltage-gated calcium channels,3
1571,RMSD,Other,3,4,Chloride and anion channels; TRP channels; Voltage-gated calcium channels; Voltage-gated sodium channels,4
1572,ODN,Other,3,4,Lipid-mediated mechanotransduction; Voltage-gated calcium channels; Voltage-gated sodium channels,3
1573,DPPC,Other,3,4,Lipid-mediated mechanotransduction; Voltage-gated sodium channels,2
1574,ADMET,Other,3,4,Chloride and anion channels; TRP channels; Voltage-gated sodium channels,3
1575,PDD,Other,3,4,Chloride and anion channels; TRP channels,2
1576,AWR,Other,3,4,TRP channels,1
1577,GANAB,Other,3,4,TRP channels,1
1578,ALG9,Other,3,4,TRP channels,1
1579,PNKD,Other,3,4,TRP channels,1
1580,SCBD,Other,3,4,Integrin mechanotransduction,1
1581,CSPG,Other,3,4,Integrin mechanotransduction; Ultrasound neuromodulation mechanisms,2
1582,TNFR,Other,3,4,Gap junction mechanosensitivity; Integrin mechanotransduction; Natriuretic peptide signaling,3
1583,GLUT,Other,3,4,Integrin mechanotransduction; Lipid-mediated mechanotransduction; Natriuretic peptide signaling,3
1584,INA,Other,3,4,Integrin mechanotransduction,1
1585,MMP1,Other,3,4,Integrin mechanotransduction; Natriuretic peptide signaling,2
1586,ALK1,Other,3,4,Gap junction mechanosensitivity; Integrin mechanotransduction; Lipid-mediated mechanotransduction,3
1587,CD46,Other,3,4,Gap junction mechanosensitivity; Integrin mechanotransduction; Natriuretic peptide signaling,3
1588,CTP,Other,3,4,Chloride and anion channels; Gap junction mechanosensitivity; Lipid-mediated mechanotransduction,3
1589,PVC,Other,3,4,Lipid-mediated mechanotransduction; Natriuretic peptide signaling; Ultrasound neuromodulation mechanisms,3
1590,LAMP,Other,3,4,Lipid-mediated mechanotransduction; Natriuretic peptide signaling,2
1591,BAEC,Other,3,4,Chloride and anion channels; Lipid-mediated mechanotransduction,2
1592,SITS,Other,3,4,Chloride and anion channels,1
1593,CMR,Other,3,4,Chloride and anion channels; Natriuretic peptide signaling; Ultrasound neuromodulation mechanisms,3
1594,NIO,Other,3,4,Natriuretic peptide signaling,1
1595,RING,Other,3,4,Natriuretic peptide signaling; Ultrasound neuromodulation mechanisms,2
1596,LPA1,Other,3,3,Gap junction mechanosensitivity; Mechanosensitive ion channels; Voltage-gated sodium channels,3
1597,OSCA,Other,3,3,Mechanotransduction signaling; Two-pore potassium channels (K2P),2
1598,NCT,Other,3,3,Mechanotransduction signaling; Natriuretic peptide signaling,2
1599,EDL,Other,3,3,Acid-sensing ion channels; Gap junction mechanosensitivity; Mechanotransduction signaling,3
1600,VEGFR,Other,3,3,Lipid-mediated mechanotransduction; Mechanotransduction signaling; Natriuretic peptide signaling,3
1601,NOS3,Other,3,3,Lipid-mediated mechanotransduction; Mechanotransduction signaling; Natriuretic peptide signaling,3
1602,SNR,Other,3,3,Acid-sensing ion channels; Two-pore potassium channels (K2P),2
1603,SHHS,Other,3,3,Two-pore potassium channels (K2P),1
1604,HT2C,Other,3,3,Natriuretic peptide signaling; Two-pore potassium channels (K2P),2
1605,MMP14,Other,3,3,Integrin mechanotransduction; Two-pore potassium channels (K2P); Ultrasound neuromodulation mechanisms,3
1606,PER,Other,3,3,Inward rectifier potassium channels; Lipid-mediated mechanotransduction,2
1607,IMAGEN,Other,3,3,Inward rectifier potassium channels,1
1608,ABCCC8,Other,3,3,Inward rectifier potassium channels,1
1609,SCID,Other,3,3,Integrin mechanotransduction; Inward rectifier potassium channels; TRP channels,3
1610,ED50,Other,3,3,Natriuretic peptide signaling; Voltage-gated calcium channels,2
1611,DWI,Other,3,3,Ultrasound neuromodulation mechanisms; Voltage-gated sodium channels,2
1612,MAP2,Other,3,3,Integrin mechanotransduction; Lipid-mediated mechanotransduction; Voltage-gated sodium channels,3
1613,GEPIA,Other,3,3,Acid-sensing ion channels; Integrin mechanotransduction,2
1614,SIROF,Other,3,3,Acid-sensing ion channels,1
1615,TSMC,Other,3,3,Acid-sensing ion channels,1
1616,HTR2A,Other,3,3,Natriuretic peptide signaling; TRP channels,2
1617,ODR,Other,3,3,Natriuretic peptide signaling; TRP channels,2
1618,CDK1,Other,3,3,Integrin mechanotransduction; Natriuretic peptide signaling; TRP channels,3
1619,AKT1,Other,3,3,Gap junction mechanosensitivity; Lipid-mediated mechanotransduction; TRP channels,3
1620,BMEC,Other,3,3,Lipid-mediated mechanotransduction; TRP channels,2
1621,KIT,Other,3,3,Integrin mechanotransduction; Lipid-mediated mechanotransduction; Natriuretic peptide signaling,3
1622,NRP1,Other,3,3,Integrin mechanotransduction; Natriuretic peptide signaling,2
1623,ATG,Other,3,3,Integrin mechanotransduction; Lipid-mediated mechanotransduction; Natriuretic peptide signaling,3
1624,SQSTM1,Other,3,3,Gap junction mechanosensitivity; Integrin mechanotransduction; Natriuretic peptide signaling,3
1625,ATF,Other,3,3,Gap junction mechanosensitivity; Integrin mechanotransduction,2
1626,GATA4,Other,3,3,Gap junction mechanosensitivity; Natriuretic peptide signaling,2
1627,MALDI,Other,3,3,Gap junction mechanosensitivity; Lipid-mediated mechanotransduction,2
1628,LAMP2,Other,3,3,Lipid-mediated mechanotransduction; Ultrasound neuromodulation mechanisms,2
1629,RIA,Other,3,3,Natriuretic peptide signaling,1
1630,IPAH,Other,2,40,Natriuretic peptide signaling,1
1631,LPHN2,Other,2,39,Mechanosensitive ion channels; Mechanotransduction signaling,2
1632,HSA,Other,2,31,Natriuretic peptide signaling; TRP channels,2
1633,NMO,Other,2,31,Gap junction mechanosensitivity,1
1634,ANOH,Chloride,2,28,Chloride and anion channels; Integrin mechanotransduction; Mechanosensitive ion channels; Mechanotransduction signaling,4
1635,WMI,Other,2,27,Mechanosensitive ion channels; Mechanotransduction signaling; Ultrasound neuromodulation mechanisms,3
1636,TMC7,Other,2,26,Mechanosensitive ion channels; Mechanotransduction signaling,2
1637,KOA,Other,2,26,TRP channels,1
1638,DMF,Other,2,26,Gap junction mechanosensitivity; Integrin mechanotransduction,2
1639,ONOO,Other,2,25,Chloride and anion channels; Mechanosensitive ion channels,2
1640,MFGE8,Other,2,25,Integrin mechanotransduction,1
1641,LMAN,Other,2,22,Voltage-gated calcium channels,1
1642,MWCNT,Other,2,22,Gap junction mechanosensitivity; Integrin mechanotransduction,2
1643,MTX,Other,2,22,Chloride and anion channels; Gap junction mechanosensitivity,2
1644,LXR,Other,2,22,Lipid-mediated mechanotransduction,1
1645,NEB,Other,2,21,Mechanosensitive ion channels; TRP channels; Two-pore potassium channels (K2P),3
1646,GVA,Other,2,21,Mechanotransduction signaling; TRP channels,2
1647,SLD,Other,2,21,Mechanotransduction signaling,1
1648,BASP1,Other,2,21,Gap junction mechanosensitivity; Lipid-mediated mechanotransduction,2
1649,BVE,Other,2,20,Mechanosensitive ion channels; Natriuretic peptide signaling,2
1650,DLG1,Other,2,20,Inward rectifier potassium channels; TRP channels,2
1651,DMI,Other,2,20,Lipid-mediated mechanotransduction; TRP channels,2
1652,MMF,Other,2,20,Gap junction mechanosensitivity; Integrin mechanotransduction,2
1653,BNIP3L,Other,2,20,Integrin mechanotransduction; Lipid-mediated mechanotransduction,2
1654,TRFS,Other,2,20,Ultrasound neuromodulation mechanisms,1
1655,NAWM,Other,2,20,Ultrasound neuromodulation mechanisms,1
1656,MLCK,Other,2,19,Gap junction mechanosensitivity; Lipid-mediated mechanotransduction; Mechanotransduction signaling; TRP channels,4
1657,KCNQ5,Kv,2,19,Inward rectifier potassium channels; Lipid-mediated mechanotransduction,2
1658,SIF,Other,2,19,Voltage-gated calcium channels,1
1659,HDAC5,Other,2,19,TRP channels; Voltage-gated sodium channels,2
1660,EV71,Other,2,19,Integrin mechanotransduction; Lipid-mediated mechanotransduction,2
1661,URO,Other,2,19,Natriuretic peptide signaling,1
1662,SBI,Other,2,18,Gap junction mechanosensitivity; Two-pore potassium channels (K2P),2
1663,ARDS,Other,2,18,TRP channels; Two-pore potassium channels (K2P),2
1664,CGX,Other,2,18,Voltage-gated calcium channels,1
1665,GLA,Other,2,18,Lipid-mediated mechanotransduction; Voltage-gated sodium channels,2
1666,DIPG,Other,2,18,Integrin mechanotransduction,1
1667,PLD4,Phospholipase,2,18,Lipid-mediated mechanotransduction,1
1668,DEGT,Other,2,17,Acid-sensing ion channels; Mechanotransduction signaling,2
1669,CDC,Other,2,17,Two-pore potassium channels (K2P); Voltage-gated sodium channels,2
1670,ALI,Other,2,17,Gap junction mechanosensitivity; Two-pore potassium channels (K2P),2
1671,DAP,Other,2,17,Inward rectifier potassium channels; Voltage-gated calcium channels,2
1672,NTC,Other,2,17,Voltage-gated calcium channels,1
1673,LTG,Other,2,17,Gap junction mechanosensitivity; Voltage-gated calcium channels,2
1674,NEAT1,Other,2,17,Gap junction mechanosensitivity; Lipid-mediated mechanotransduction,2
1675,AMR,Other,2,16,Integrin mechanotransduction; Mechanotransduction signaling; Natriuretic peptide signaling,3
1676,WADII,Other,2,16,Mechanotransduction signaling,1
1677,CBS,Other,2,16,Inward rectifier potassium channels; TRP channels,2
1678,NTZ,Other,2,16,Integrin mechanotransduction; Ultrasound neuromodulation mechanisms,2
1679,XCL1,Other,2,16,Integrin mechanotransduction,1
1680,CALHM,Other,2,16,Chloride and anion channels; Gap junction mechanosensitivity,2
1681,CHD,Other,2,16,Natriuretic peptide signaling,1
1682,AQP5,Other,2,15,Mechanosensitive ion channels; TRP channels,2
1683,ROMK,Other,2,15,Inward rectifier potassium channels,1
1684,PIT,Other,2,15,Chloride and anion channels; Inward rectifier potassium channels,2
1685,NAN,Other,2,15,Voltage-gated calcium channels; Voltage-gated sodium channels,2
1686,THQ,Other,2,15,Natriuretic peptide signaling; Voltage-gated calcium channels,2
1687,ZNRF1,Other,2,15,Lipid-mediated mechanotransduction; Voltage-gated sodium channels,2
1688,SSTR2,Other,2,15,Acid-sensing ion channels,1
1689,BCPNN,Other,2,15,Acid-sensing ion channels,1
1690,PGJ2,Other,2,15,TRP channels,1
1691,NOX4,Other,2,15,Chloride and anion channels; TRP channels,2
1692,ACEA,Other,2,15,TRP channels,1
1693,AC5,Other,2,15,TRP channels,1
1694,NSPC,Other,2,15,Integrin mechanotransduction; Lipid-mediated mechanotransduction,2
1695,MALAT1,Other,2,15,Lipid-mediated mechanotransduction,1
1696,ESA,Other,2,15,Lipid-mediated mechanotransduction; Natriuretic peptide signaling,2
1697,DLCO,Other,2,15,Natriuretic peptide signaling; Ultrasound neuromodulation mechanisms,2
1698,CIB,Other,2,14,Chloride and anion channels; Integrin mechanotransduction; Mechanosensitive ion channels; Mechanotransduction signaling,4
1699,FAST,Other,2,14,Acid-sensing ion channels; Integrin mechanotransduction; Mechanosensitive ion channels; TRP channels,4
1700,SA1,Other,2,14,Acid-sensing ion channels; Mechanosensitive ion channels,2
1701,PPA,Other,2,14,Two-pore potassium channels (K2P); Ultrasound neuromodulation mechanisms,2
1702,IPC,Other,2,14,Lipid-mediated mechanotransduction; Voltage-gated calcium channels,2
1703,LPI,Other,2,14,Lipid-mediated mechanotransduction; Voltage-gated calcium channels,2
1704,GHS,Other,2,14,Acid-sensing ion channels,1
1705,STOM,Other,2,14,Acid-sensing ion channels,1
1706,AIM2,Other,2,14,Gap junction mechanosensitivity; TRP channels,2
1707,LACI,Other,2,14,Integrin mechanotransduction,1
1708,PACSIN,Other,2,14,Lipid-mediated mechanotransduction,1
1709,NIA,Other,2,14,Chloride and anion channels,1
1710,LVAD,Other,2,14,Natriuretic peptide signaling,1
1711,MIND,Other,2,14,Ultrasound neuromodulation mechanisms,1
1712,CCN1,Other,2,13,Integrin mechanotransduction; Mechanosensitive ion channels; Mechanotransduction signaling,3
1713,ISC,Other,2,13,Gap junction mechanosensitivity; Mechanosensitive ion channels; Mechanotransduction signaling,3
1714,LSN,Other,2,13,Mechanosensitive ion channels; Two-pore potassium channels (K2P); Voltage-gated sodium channels,3
1715,MOF,Other,2,13,Mechanotransduction signaling; Ultrasound neuromodulation mechanisms,2
1716,OPM,Other,2,13,TRP channels; Two-pore potassium channels (K2P),2
1717,MC4R,Other,2,13,Inward rectifier potassium channels,1
1718,MDT,Other,2,13,Ultrasound neuromodulation mechanisms; Voltage-gated calcium channels,2
1719,CYD,Other,2,13,Voltage-gated sodium channels,1
1720,ELA,Other,2,13,Natriuretic peptide signaling; Voltage-gated sodium channels,2
1721,SMIR,Other,2,13,Lipid-mediated mechanotransduction; Voltage-gated sodium channels,2
1722,IMP,Other,2,13,Acid-sensing ion channels; TRP channels,2
1723,UCN1,Other,2,13,TRP channels,1
1724,FN1,Other,2,13,Integrin mechanotransduction,1
1725,HPCA,Other,2,13,Integrin mechanotransduction; Lipid-mediated mechanotransduction,2
1726,PGRMC1,Other,2,13,Integrin mechanotransduction; Ultrasound neuromodulation mechanisms,2
1727,TREM2,Other,2,13,Lipid-mediated mechanotransduction; Ultrasound neuromodulation mechanisms,2
1728,PSA,Other,2,13,Lipid-mediated mechanotransduction,1
1729,PDE9A,Other,2,13,Natriuretic peptide signaling,1
1730,FTO,Other,2,13,Natriuretic peptide signaling; Ultrasound neuromodulation mechanisms,2
1731,ECF,Other,2,12,Lipid-mediated mechanotransduction; Mechanosensitive ion channels; TRP channels,3
1732,HIBD,Other,2,12,Inward rectifier potassium channels; Mechanosensitive ion channels,2
1733,CIB3,Other,2,12,Integrin mechanotransduction; Mechanotransduction signaling,2
1734,HSCR,Other,2,12,Integrin mechanotransduction; Two-pore potassium channels (K2P),2
1735,SNCA,Other,2,12,Gap junction mechanosensitivity; Inward rectifier potassium channels,2
1736,PTS,Other,2,12,Inward rectifier potassium channels; Lipid-mediated mechanotransduction,2
1737,PINP,Other,2,12,TRP channels; Voltage-gated sodium channels,2
1738,STOML1,Other,2,12,Acid-sensing ion channels,1
1739,CIM,Other,2,12,Acid-sensing ion channels; Natriuretic peptide signaling,2
1740,GLIC,Other,2,12,Acid-sensing ion channels,1
1741,SIV,Other,2,12,Gap junction mechanosensitivity; TRP channels,2
1742,RPM,Other,2,12,Integrin mechanotransduction; TRP channels,2
1743,DDI,Other,2,12,Chloride and anion channels; TRP channels,2
1744,PBMT,Other,2,12,Gap junction mechanosensitivity; TRP channels,2
1745,SHS,Other,2,12,Integrin mechanotransduction; Natriuretic peptide signaling,2
1746,PCOS,Other,2,12,Integrin mechanotransduction; Natriuretic peptide signaling,2
1747,LUAD,Other,2,12,Integrin mechanotransduction,1
1748,GNP,Other,2,12,Integrin mechanotransduction; Ultrasound neuromodulation mechanisms,2
1749,FOXA2,Other,2,12,Integrin mechanotransduction; Ultrasound neuromodulation mechanisms,2
1750,MHWT,Other,2,12,Gap junction mechanosensitivity,1
1751,INI,Other,2,12,Gap junction mechanosensitivity,1
1752,HACE,Other,2,12,Lipid-mediated mechanotransduction,1
1753,IRD,Other,2,12,Chloride and anion channels,1
1754,NP1,Other,2,12,Natriuretic peptide signaling,1
1755,RTK,Other,2,11,Chloride and anion channels; Gap junction mechanosensitivity; Integrin mechanotransduction; Mechanosensitive ion channels; Mechanotransduction signaling; Two-pore potassium channels (K2P),6
1756,ILC2,Other,2,11,Integrin mechanotransduction; Mechanosensitive ion channels; Mechanotransduction signaling,3
1757,CTSD,Other,2,11,Lipid-mediated mechanotransduction; Mechanosensitive ion channels; Mechanotransduction signaling,3
1758,SMAD1,Other,2,11,Gap junction mechanosensitivity; Mechanotransduction signaling,2
1759,AKAP13,Other,2,11,Mechanotransduction signaling,1
1760,TM4,Other,2,11,Lipid-mediated mechanotransduction; Two-pore potassium channels (K2P),2
1761,GAD2,Other,2,11,Inward rectifier potassium channels; Voltage-gated calcium channels,2
1762,HDP,Other,2,11,Inward rectifier potassium channels; Natriuretic peptide signaling,2
1763,FVB,Other,2,11,Inward rectifier potassium channels; Natriuretic peptide signaling,2
1764,ELF,Other,2,11,Voltage-gated calcium channels,1
1765,AGS,Other,2,11,Integrin mechanotransduction; Voltage-gated calcium channels,2
1766,PSNL,Other,2,11,Gap junction mechanosensitivity; Voltage-gated calcium channels,2
1767,CICR,Other,2,11,Voltage-gated calcium channels,1
1768,CBG,Other,2,11,Voltage-gated calcium channels; Voltage-gated sodium channels,2
1769,POPG,Other,2,11,Chloride and anion channels; Lipid-mediated mechanotransduction; Voltage-gated sodium channels,3
1770,VRT,Other,2,11,Voltage-gated sodium channels,1
1771,ATRA,Other,2,11,Natriuretic peptide signaling; Voltage-gated sodium channels,2
1772,ETS,Other,2,11,Lipid-mediated mechanotransduction; TRP channels,2
1773,KIF3B,Other,2,11,TRP channels,1
1774,MTM1,Other,2,11,Integrin mechanotransduction; Lipid-mediated mechanotransduction,2
1775,RSK2,Other,2,11,Lipid-mediated mechanotransduction,1
1776,GCX,Other,2,11,Lipid-mediated mechanotransduction,1
1777,OSTN,Other,2,11,Natriuretic peptide signaling,1
1778,LVH,Other,2,11,Natriuretic peptide signaling,1
1779,LHFPL5,Other,2,10,Mechanosensitive ion channels; Mechanotransduction signaling,2
1780,CWP,Other,2,10,Acid-sensing ion channels; Mechanosensitive ion channels; TRP channels,3
1781,VNUT,Other,2,10,Gap junction mechanosensitivity; Mechanosensitive ion channels; TRP channels,3
1782,SNHL,Other,2,10,Mechanotransduction signaling; Natriuretic peptide signaling,2
1783,MWL,Other,2,10,Two-pore potassium channels (K2P); Voltage-gated sodium channels,2
1784,KCNK7,K2P,2,10,Two-pore potassium channels (K2P),1
1785,KCNJ8,Kir,2,10,Inward rectifier potassium channels; Two-pore potassium channels (K2P),2
1786,TPN,Other,2,10,Inward rectifier potassium channels,1
1787,CTCF,Other,2,10,Integrin mechanotransduction; Inward rectifier potassium channels,2
1788,SWAS,Other,2,10,Voltage-gated calcium channels,1
1789,VHS,Other,2,10,TRP channels; Voltage-gated calcium channels; Voltage-gated sodium channels,3
1790,GAL,Other,2,10,TRP channels; Voltage-gated sodium channels,2
1791,SDF1,Other,2,10,Gap junction mechanosensitivity; Voltage-gated sodium channels,2
1792,PAK1,Other,2,10,Gap junction mechanosensitivity; Voltage-gated sodium channels,2
1793,CCK1R,Other,2,10,Acid-sensing ion channels; TRP channels,2
1794,PMS,Other,2,10,Acid-sensing ion channels,1
1795,EP1,Other,2,10,Acid-sensing ion channels; TRP channels,2
1796,CLDN1,Other,2,10,TRP channels,1
1797,AVS,Other,2,10,TRP channels,1
1798,CAKUT,Other,2,10,Integrin mechanotransduction; TRP channels,2
1799,CLHM,Other,2,10,Chloride and anion channels; TRP channels,2
1800,CIL,Other,2,10,TRP channels,1
1801,PCNSL,Other,2,10,Integrin mechanotransduction; Ultrasound neuromodulation mechanisms,2
1802,KLF9,Other,2,10,Integrin mechanotransduction; Natriuretic peptide signaling,2
1803,CRE,Other,2,10,Gap junction mechanosensitivity; Integrin mechanotransduction,2
1804,TRS,Other,2,10,Gap junction mechanosensitivity; Ultrasound neuromodulation mechanisms,2
1805,DEHP,Other,2,10,Gap junction mechanosensitivity; Lipid-mediated mechanotransduction,2
1806,FBP17,Other,2,10,Lipid-mediated mechanotransduction,1
1807,ADAM23,Other,2,10,Lipid-mediated mechanotransduction,1
1808,BDL,Other,2,10,Lipid-mediated mechanotransduction; Ultrasound neuromodulation mechanisms,2
1809,GCA,Other,2,10,Natriuretic peptide signaling,1
1810,POAF,Other,2,10,Natriuretic peptide signaling,1
1811,RDN,Other,2,10,Natriuretic peptide signaling,1
1812,KCASH2,Other,2,10,Ultrasound neuromodulation mechanisms,1
1813,UNMOD,Other,2,10,Ultrasound neuromodulation mechanisms,1
1814,PLS1,Other,2,10,Ultrasound neuromodulation mechanisms,1
1815,UTMC,Other,2,10,Ultrasound neuromodulation mechanisms,1
1816,NT3,Other,2,9,Acid-sensing ion channels; Mechanosensitive ion channels; Voltage-gated calcium channels,3
1817,GLR,Other,2,9,Mechanosensitive ion channels; Mechanotransduction signaling; Natriuretic peptide signaling; TRP channels,4
1818,POI,Other,2,9,Chloride and anion channels; Mechanosensitive ion channels; Mechanotransduction signaling,3
1819,BRS,Other,2,9,Acid-sensing ion channels; Mechanotransduction signaling; Natriuretic peptide signaling,3
1820,MFN2,Other,2,9,Lipid-mediated mechanotransduction; Mechanotransduction signaling,2
1821,CDH23,Other,2,9,Integrin mechanotransduction; Mechanotransduction signaling,2
1822,PBOO,Other,2,9,Two-pore potassium channels (K2P),1
1823,VLM,Other,2,9,Acid-sensing ion channels; Two-pore potassium channels (K2P),2
1824,PMV,Other,2,9,Inward rectifier potassium channels; Natriuretic peptide signaling,2
1825,NCD,Other,2,9,Gap junction mechanosensitivity; Voltage-gated calcium channels,2
1826,VPM,Other,2,9,Gap junction mechanosensitivity; Voltage-gated calcium channels,2
1827,CRPS,Other,2,9,TRP channels; Voltage-gated sodium channels,2
1828,DEE52,Other,2,9,Voltage-gated sodium channels,1
1829,CPA,Other,2,9,Natriuretic peptide signaling; Voltage-gated sodium channels,2
1830,FHF1,Other,2,9,Voltage-gated sodium channels,1
1831,BSCB,Other,2,9,Integrin mechanotransduction; Voltage-gated sodium channels,2
1832,PIPNP,Other,2,9,TRP channels,1
1833,BNIP3,Other,2,9,Integrin mechanotransduction; TRP channels,2
1834,RES,Other,2,9,TRP channels; Ultrasound neuromodulation mechanisms,2
1835,NED,Other,2,9,TRP channels; Ultrasound neuromodulation mechanisms,2
1836,DISC1,Other,2,9,Gap junction mechanosensitivity; TRP channels,2
1837,PVF,Other,2,9,Gap junction mechanosensitivity; Integrin mechanotransduction,2
1838,FAE,Other,2,9,Integrin mechanotransduction; Lipid-mediated mechanotransduction,2
1839,PDGFB,Other,2,9,Integrin mechanotransduction; Lipid-mediated mechanotransduction,2
1840,MMD,Other,2,9,Integrin mechanotransduction; Lipid-mediated mechanotransduction,2
1841,XCR1,Other,2,9,Integrin mechanotransduction,1
1842,NIRF,Other,2,9,Integrin mechanotransduction,1
1843,PTB,Other,2,9,Integrin mechanotransduction; Ultrasound neuromodulation mechanisms,2
1844,INX,Other,2,9,Gap junction mechanosensitivity,1
1845,HT7R,Other,2,9,Gap junction mechanosensitivity,1
1846,PAP2,Other,2,9,Lipid-mediated mechanotransduction,1
1847,SDC1,Other,2,9,Lipid-mediated mechanotransduction; Natriuretic peptide signaling,2
1848,ERK2,Other,2,9,Lipid-mediated mechanotransduction,1
1849,CAAC,Other,2,9,Chloride and anion channels,1
1850,CVP,Other,2,9,Natriuretic peptide signaling; Ultrasound neuromodulation mechanisms,2
1851,TAVI,Other,2,9,Natriuretic peptide signaling,1
1852,PRG,Other,2,9,Natriuretic peptide signaling,1
1853,SGK1,Other,2,8,Lipid-mediated mechanotransduction; Mechanosensitive ion channels; Mechanotransduction signaling; TRP channels,4
1854,PBG,Other,2,8,Mechanosensitive ion channels; Natriuretic peptide signaling,2
1855,QGP,Other,2,8,Mechanosensitive ion channels; TRP channels; Ultrasound neuromodulation mechanisms,3
1856,AVA,Other,2,8,Mechanotransduction signaling; Natriuretic peptide signaling,2
1857,AOA,Other,2,8,Chloride and anion channels; Mechanotransduction signaling,2
1858,RIP3,Other,2,8,Natriuretic peptide signaling; Two-pore potassium channels (K2P),2
1859,RIP1,Other,2,8,Natriuretic peptide signaling; Two-pore potassium channels (K2P),2
1860,FPS,Other,2,8,Lipid-mediated mechanotransduction; Two-pore potassium channels (K2P),2
1861,TPK,Other,2,8,Two-pore potassium channels (K2P),1
1862,TPM,Other,2,8,Gap junction mechanosensitivity; Inward rectifier potassium channels,2
1863,PDR,Other,2,8,Integrin mechanotransduction; Inward rectifier potassium channels,2
1864,SPS,Other,2,8,Inward rectifier potassium channels; Lipid-mediated mechanotransduction,2
1865,SMS,Other,2,8,TRP channels; Voltage-gated calcium channels,2
1866,MSI,Other,2,8,Ultrasound neuromodulation mechanisms; Voltage-gated calcium channels,2
1867,CVH,Other,2,8,Voltage-gated sodium channels,1
1868,MGO,Other,2,8,Ultrasound neuromodulation mechanisms; Voltage-gated sodium channels,2
1869,FCD,Other,2,8,Natriuretic peptide signaling; Voltage-gated sodium channels,2
1870,HBO,Other,2,8,Natriuretic peptide signaling; Voltage-gated sodium channels,2
1871,PASMC,Other,2,8,Acid-sensing ion channels; Lipid-mediated mechanotransduction,2
1872,GALR2,Other,2,8,Chloride and anion channels; TRP channels,2
1873,DIO,Other,2,8,Natriuretic peptide signaling; TRP channels,2
1874,KCNN4,Other,2,8,Gap junction mechanosensitivity; TRP channels,2
1875,CCPP,Other,2,8,TRP channels,1
1876,NPHP,Other,2,8,TRP channels,1
1877,HNO,Other,2,8,Natriuretic peptide signaling; TRP channels,2
1878,DDR1,Other,2,8,Integrin mechanotransduction,1
1879,SCO,Other,2,8,Integrin mechanotransduction,1
1880,TLR3,Other,2,8,Gap junction mechanosensitivity; Integrin mechanotransduction,2
1881,PERK,Other,2,8,Gap junction mechanosensitivity; Integrin mechanotransduction,2
1882,FLS,Other,2,8,Gap junction mechanosensitivity; Ultrasound neuromodulation mechanisms,2
1883,PEF,Other,2,8,Gap junction mechanosensitivity; Natriuretic peptide signaling,2
1884,PLD6,Phospholipase,2,8,Lipid-mediated mechanotransduction,1
1885,ECB,Other,2,8,Lipid-mediated mechanotransduction,1
1886,BAD,Other,2,8,Lipid-mediated mechanotransduction; Natriuretic peptide signaling,2
1887,MCPG,Other,2,8,Lipid-mediated mechanotransduction; Natriuretic peptide signaling,2
1888,DNDS,Other,2,8,Chloride and anion channels,1
1889,DMPP,Other,2,8,Chloride and anion channels,1
1890,BBB4,Other,2,8,Natriuretic peptide signaling,1
1891,WMD,Other,2,8,Natriuretic peptide signaling,1
1892,MCTD,Other,2,8,Natriuretic peptide signaling,1
1893,MIH,Other,2,8,Natriuretic peptide signaling,1
1894,SOS,Other,2,8,Ultrasound neuromodulation mechanisms,1
1895,SNF,Other,2,7,Mechanosensitive ion channels; Natriuretic peptide signaling; Voltage-gated sodium channels,3
1896,KOR,Other,2,7,Mechanosensitive ion channels; Natriuretic peptide signaling,2
1897,OIR,Other,2,7,Integrin mechanotransduction; Mechanosensitive ion channels; Mechanotransduction signaling; TRP channels,4
1898,SYN,Other,2,7,Lipid-mediated mechanotransduction; Mechanosensitive ion channels; Mechanotransduction signaling,3
1899,FGF12,Other,2,7,Mechanotransduction signaling; Voltage-gated sodium channels,2
1900,MFS,Other,2,7,Integrin mechanotransduction; Mechanotransduction signaling,2
1901,KLF2,Other,2,7,Mechanotransduction signaling,1
1902,WSS,Other,2,7,Mechanotransduction signaling; Ultrasound neuromodulation mechanisms,2
1903,FHM2,Other,2,7,Inward rectifier potassium channels; Two-pore potassium channels (K2P),2
1904,DPP6,Other,2,7,Two-pore potassium channels (K2P),1
1905,NIBS,Other,2,7,Two-pore potassium channels (K2P); Ultrasound neuromodulation mechanisms,2
1906,TRF,Other,2,7,TRP channels; Two-pore potassium channels (K2P),2
1907,TSA,Other,2,7,Inward rectifier potassium channels; Natriuretic peptide signaling,2
1908,RMC,Other,2,7,Inward rectifier potassium channels; Natriuretic peptide signaling,2
1909,QPCR,Other,2,7,Acid-sensing ion channels; Inward rectifier potassium channels,2
1910,BRVO,Other,2,7,Chloride and anion channels; Inward rectifier potassium channels,2
1911,MDR,Other,2,7,Chloride and anion channels; Inward rectifier potassium channels,2
1912,SNA,Other,2,7,Natriuretic peptide signaling; Voltage-gated calcium channels,2
1913,HEI,Other,2,7,Ultrasound neuromodulation mechanisms; Voltage-gated calcium channels,2
1914,OC1,Other,2,7,Ultrasound neuromodulation mechanisms; Voltage-gated calcium channels,2
1915,CBR,Other,2,7,Lipid-mediated mechanotransduction; Natriuretic peptide signaling; Voltage-gated calcium channels,3
1916,GABAAR,Other,2,7,Chloride and anion channels; Voltage-gated calcium channels,2
1917,DCK,Other,2,7,Natriuretic peptide signaling; Voltage-gated calcium channels,2
1918,PHD,Other,2,7,Natriuretic peptide signaling; Voltage-gated calcium channels,2
1919,CDD,Other,2,7,Gap junction mechanosensitivity; Lipid-mediated mechanotransduction; Voltage-gated calcium channels,3
1920,DPDPE,Other,2,7,TRP channels; Voltage-gated calcium channels,2
1921,FLX,Other,2,7,Natriuretic peptide signaling; Voltage-gated sodium channels,2
1922,DOMS,Other,2,7,Acid-sensing ion channels; TRP channels,2
1923,BMI1,Other,2,7,Integrin mechanotransduction; TRP channels,2
1924,PTC,Other,2,7,TRP channels; Ultrasound neuromodulation mechanisms,2
1925,IFT20,Other,2,7,TRP channels,1
1926,OFD1,Other,2,7,TRP channels,1
1927,ESRD,Other,2,7,Natriuretic peptide signaling; TRP channels,2
1928,TTLL,Other,2,7,TRP channels,1
1929,VHL,Other,2,7,Gap junction mechanosensitivity; TRP channels,2
1930,BCAS,Other,2,7,Lipid-mediated mechanotransduction; TRP channels,2
1931,MDMA,Other,2,7,TRP channels; Ultrasound neuromodulation mechanisms,2
1932,AHN,Other,2,7,Integrin mechanotransduction; Lipid-mediated mechanotransduction,2
1933,SHP2,Other,2,7,Integrin mechanotransduction; Ultrasound neuromodulation mechanisms,2
1934,GMH,Other,2,7,Integrin mechanotransduction; Ultrasound neuromodulation mechanisms,2
1935,HOBIT,Other,2,7,Gap junction mechanosensitivity,1
1936,PLP1,Other,2,7,Gap junction mechanosensitivity,1
1937,UCHL1,Other,2,7,Gap junction mechanosensitivity,1
1938,APOE3,Other,2,7,Lipid-mediated mechanotransduction; Ultrasound neuromodulation mechanisms,2
1939,BPH,Other,2,7,Lipid-mediated mechanotransduction,1
1940,GPRC5B,Other,2,7,Chloride and anion channels,1
1941,LVEDP,Other,2,7,Natriuretic peptide signaling,1
1942,EPH,Other,2,7,Natriuretic peptide signaling; Ultrasound neuromodulation mechanisms,2
1943,RFCA,Other,2,7,Natriuretic peptide signaling,1
1944,ERA,Other,2,7,Natriuretic peptide signaling,1
1945,DFA,Other,2,7,Natriuretic peptide signaling,1
1946,ADMA,Other,2,7,Natriuretic peptide signaling,1
1947,CGNP,Other,2,7,Ultrasound neuromodulation mechanisms,1
1948,ADGRL2,Other,2,6,Mechanosensitive ion channels; Mechanotransduction signaling,2
1949,DMS,Other,2,6,Integrin mechanotransduction; Mechanosensitive ion channels,2
1950,AIP,Other,2,6,Acid-sensing ion channels; Mechanosensitive ion channels,2
1951,TBARS,Other,2,6,Mechanosensitive ion channels; TRP channels,2
1952,ONH,Other,2,6,Mechanosensitive ion channels; Mechanotransduction signaling,2
1953,TRPM6,TRP,2,6,Mechanosensitive ion channels; TRP channels,2
1954,ESG,Other,2,6,Mechanotransduction signaling; Natriuretic peptide signaling,2
1955,QTL,Other,2,6,Lipid-mediated mechanotransduction; Mechanotransduction signaling; Voltage-gated calcium channels,3
1956,OSA,Other,2,6,Natriuretic peptide signaling; Two-pore potassium channels (K2P),2
1957,CR1,Other,2,6,Integrin mechanotransduction; Two-pore potassium channels (K2P),2
1958,ML67,Other,2,6,Two-pore potassium channels (K2P),1
1959,KCNJ5,Kir,2,6,Inward rectifier potassium channels; Two-pore potassium channels (K2P),2
1960,RMT,Other,2,6,Integrin mechanotransduction; Two-pore potassium channels (K2P),2
1961,SSVEP,Other,2,6,Two-pore potassium channels (K2P),1
1962,SAT,Other,2,6,Natriuretic peptide signaling; Two-pore potassium channels (K2P),2
1963,PMC,Other,2,6,Two-pore potassium channels (K2P); Ultrasound neuromodulation mechanisms,2
1964,NIRS,Other,2,6,Acid-sensing ion channels; Two-pore potassium channels (K2P),2
1965,MDS,Other,2,6,Two-pore potassium channels (K2P); Voltage-gated calcium channels; Voltage-gated sodium channels,3
1966,RMSE,Other,2,6,Two-pore potassium channels (K2P); Ultrasound neuromodulation mechanisms,2
1967,ENDO,Other,2,6,TRP channels; Two-pore potassium channels (K2P),2
1968,MEMRI,Other,2,6,Gap junction mechanosensitivity; Two-pore potassium channels (K2P),2
1969,CPH,Other,2,6,Inward rectifier potassium channels; Ultrasound neuromodulation mechanisms,2
1970,PCNA,Other,2,6,Inward rectifier potassium channels,1
1971,NBD,Other,2,6,Inward rectifier potassium channels; Lipid-mediated mechanotransduction,2
1972,AEP,Other,2,6,Inward rectifier potassium channels,1
1973,KCNN3,Other,2,6,Inward rectifier potassium channels,1
1974,IANX,Other,2,6,Gap junction mechanosensitivity; Inward rectifier potassium channels,2
1975,DGC,Other,2,6,Inward rectifier potassium channels; Lipid-mediated mechanotransduction,2
1976,SED,Other,2,6,Gap junction mechanosensitivity; Inward rectifier potassium channels,2
1977,DKO,Other,2,6,Voltage-gated calcium channels; Voltage-gated sodium channels,2
1978,NTSR2,Other,2,6,Voltage-gated calcium channels,1
1979,LTCS,Other,2,6,Voltage-gated calcium channels,1
1980,LVACC,Other,2,6,Voltage-gated calcium channels,1
1981,MNK1,Other,2,6,TRP channels; Voltage-gated calcium channels,2
1982,GABRG2,Other,2,6,Voltage-gated calcium channels; Voltage-gated sodium channels,2
1983,LFCN,Other,2,6,Ultrasound neuromodulation mechanisms; Voltage-gated sodium channels,2
1984,CSM,Other,2,6,Voltage-gated sodium channels,1
1985,POD,Other,2,6,Lipid-mediated mechanotransduction; Voltage-gated sodium channels,2
1986,DDR,Other,2,6,Integrin mechanotransduction; Voltage-gated sodium channels,2
1987,DZP,Other,2,6,Voltage-gated sodium channels,1
1988,CCL20,Other,2,6,Integrin mechanotransduction; TRP channels,2
1989,PDIA3,Other,2,6,Integrin mechanotransduction; TRP channels,2
1990,MCP1,Other,2,6,Natriuretic peptide signaling; TRP channels,2
1991,LRR,Other,2,6,Lipid-mediated mechanotransduction; TRP channels,2
1992,CK2,Other,2,6,Lipid-mediated mechanotransduction; TRP channels,2
1993,HOB,Other,2,6,TRP channels,1
1994,ADNFLE,Other,2,6,TRP channels,1
1995,LES,Other,2,6,Chloride and anion channels; TRP channels,2
1996,MTL,Other,2,6,TRP channels; Ultrasound neuromodulation mechanisms,2
1997,VSM,Other,2,6,Integrin mechanotransduction; Lipid-mediated mechanotransduction,2
1998,ANXA2,Other,2,6,Integrin mechanotransduction; Lipid-mediated mechanotransduction,2
1999,BCSFB,Other,2,6,Integrin mechanotransduction,1
2000,OGT,Other,2,6,Integrin mechanotransduction; Ultrasound neuromodulation mechanisms,2
2001,HCD,Other,2,6,Gap junction mechanosensitivity; Integrin mechanotransduction,2
2002,GATOR1,Other,2,6,Integrin mechanotransduction; Natriuretic peptide signaling,2
2003,PTI,Other,2,6,Gap junction mechanosensitivity; Integrin mechanotransduction,2
2004,SLAM,Other,2,6,Integrin mechanotransduction; Natriuretic peptide signaling,2
2005,CCM2,Other,2,6,Integrin mechanotransduction; Natriuretic peptide signaling,2
2006,STED,Other,2,6,Gap junction mechanosensitivity; Ultrasound neuromodulation mechanisms,2
2007,GAP19,Other,2,6,Gap junction mechanosensitivity,1
2008,NIHSS,Other,2,6,Gap junction mechanosensitivity; Natriuretic peptide signaling,2
2009,LEI,Other,2,6,Lipid-mediated mechanotransduction,1
2010,RGS7,Other,2,6,Lipid-mediated mechanotransduction,1
2011,HSP60,Other,2,6,Lipid-mediated mechanotransduction; Natriuretic peptide signaling,2
2012,NHEK,Other,2,6,Chloride and anion channels; Lipid-mediated mechanotransduction,2
2013,ALD,Other,2,6,Lipid-mediated mechanotransduction; Natriuretic peptide signaling,2
2014,PVS,Other,2,6,Lipid-mediated mechanotransduction,1
2015,KCNE3,Other,2,6,Lipid-mediated mechanotransduction,1
2016,ONE,Other,2,6,Chloride and anion channels; Natriuretic peptide signaling,2
2017,CLCA4,Other,2,6,Chloride and anion channels,1
2018,NOAA,Other,2,6,Chloride and anion channels,1
2019,NPA,Other,2,6,Chloride and anion channels; Natriuretic peptide signaling,2
2020,SAP,Other,2,6,Natriuretic peptide signaling,1
2021,KIM,Other,2,6,Natriuretic peptide signaling,1
2022,UMIN,Other,2,6,Natriuretic peptide signaling,1
2023,HHF,Other,2,6,Natriuretic peptide signaling,1
2024,CPS,Other,2,6,Natriuretic peptide signaling,1
2025,PSP,Other,2,6,Ultrasound neuromodulation mechanisms,1
2026,KCTD15,Other,2,6,Ultrasound neuromodulation mechanisms,1
2027,BMP7,Other,2,6,Ultrasound neuromodulation mechanisms,1
2028,PSI,Other,2,5,Mechanosensitive ion channels; Ultrasound neuromodulation mechanisms,2
2029,SSN,Other,2,5,Mechanosensitive ion channels; Mechanotransduction signaling; TRP channels,3
2030,CTLA4,Other,2,5,Integrin mechanotransduction; Mechanosensitive ion channels; Mechanotransduction signaling,3
2031,BMP2,Other,2,5,Integrin mechanotransduction; Mechanosensitive ion channels; Mechanotransduction signaling,3
2032,NMDG,Other,2,5,Chloride and anion channels; Mechanosensitive ion channels,2
2033,DOCA,Other,2,5,Mechanotransduction signaling; Natriuretic peptide signaling,2
2034,ALP,Other,2,5,Mechanotransduction signaling; TRP channels,2
2035,CADM1,Other,2,5,Integrin mechanotransduction; Mechanotransduction signaling,2
2036,LFA1,Other,2,5,Integrin mechanotransduction; Mechanotransduction signaling,2
2037,PMF,Other,2,5,Integrin mechanotransduction; Mechanotransduction signaling,2
2038,VIDEO,Other,2,5,Integrin mechanotransduction; Mechanotransduction signaling; Voltage-gated calcium channels,3
2039,ADIP,Other,2,5,Mechanotransduction signaling,1
2040,NDO,Other,2,5,Mechanotransduction signaling; Voltage-gated calcium channels,2
2041,ANSD,Other,2,5,Gap junction mechanosensitivity; Two-pore potassium channels (K2P),2
2042,MT1,Other,2,5,Lipid-mediated mechanotransduction; Two-pore potassium channels (K2P),2
2043,AAA,Other,2,5,Chloride and anion channels; Two-pore potassium channels (K2P),2
2044,ONO,Other,2,5,Gap junction mechanosensitivity; Two-pore potassium channels (K2P),2
2045,CRAC,Other,2,5,Lipid-mediated mechanotransduction; Two-pore potassium channels (K2P),2
2046,BFP,Other,2,5,Two-pore potassium channels (K2P); Voltage-gated sodium channels,2
2047,DEA,Other,2,5,Natriuretic peptide signaling; Two-pore potassium channels (K2P),2
2048,BCG,Other,2,5,Two-pore potassium channels (K2P); Ultrasound neuromodulation mechanisms,2
2049,IMU,Other,2,5,Two-pore potassium channels (K2P),1
2050,VIM,Other,2,5,Two-pore potassium channels (K2P); Ultrasound neuromodulation mechanisms,2
2051,SFG,Other,2,5,Two-pore potassium channels (K2P); Ultrasound neuromodulation mechanisms,2
2052,TPJ,Other,2,5,Inward rectifier potassium channels; Two-pore potassium channels (K2P),2
2053,TOM,Other,2,5,Gap junction mechanosensitivity; Two-pore potassium channels (K2P),2
2054,BCL2,Other,2,5,Inward rectifier potassium channels; Natriuretic peptide signaling,2
2055,SOC,Other,2,5,Chloride and anion channels; Inward rectifier potassium channels,2
2056,KCNJ13,Kir,2,5,Inward rectifier potassium channels,1
2057,GCD,Other,2,5,Inward rectifier potassium channels; Voltage-gated calcium channels,2
2058,DM20,Other,2,5,Inward rectifier potassium channels; Natriuretic peptide signaling,2
2059,WNK,Other,2,5,Gap junction mechanosensitivity; Inward rectifier potassium channels,2
2060,CV4,Other,2,5,Inward rectifier potassium channels,1
2061,TLR7,Other,2,5,Lipid-mediated mechanotransduction; Voltage-gated calcium channels,2
2062,SPW,Other,2,5,Natriuretic peptide signaling; Voltage-gated calcium channels,2
2063,LBD,Other,2,5,Lipid-mediated mechanotransduction; Voltage-gated calcium channels,2
2064,MONIRO,Other,2,5,Voltage-gated calcium channels,1
2065,EYFP,Other,2,5,Integrin mechanotransduction; Voltage-gated calcium channels,2
2066,SERCA,Other,2,5,Natriuretic peptide signaling; Voltage-gated calcium channels,2
2067,PRP,Other,2,5,Voltage-gated calcium channels; Voltage-gated sodium channels,2
2068,VACC,Other,2,5,Integrin mechanotransduction; Voltage-gated calcium channels,2
2069,DLS,Other,2,5,Gap junction mechanosensitivity; Voltage-gated calcium channels,2
2070,QST,Other,2,5,Ultrasound neuromodulation mechanisms; Voltage-gated sodium channels,2
2071,DOPC,Other,2,5,Lipid-mediated mechanotransduction; Voltage-gated sodium channels,2
2072,IMI,Other,2,5,Lipid-mediated mechanotransduction; Voltage-gated sodium channels,2
2073,SICI,Other,2,5,TRP channels; Voltage-gated sodium channels,2
2074,BTBR,Other,2,5,Acid-sensing ion channels; Voltage-gated sodium channels,2
2075,FFAR4,Other,2,5,TRP channels; Voltage-gated sodium channels,2
2076,SMEI,Other,2,5,Voltage-gated sodium channels,1
2077,ABHD6,Other,2,5,Lipid-mediated mechanotransduction; Voltage-gated sodium channels,2
2078,SYN1,Other,2,5,Lipid-mediated mechanotransduction; Voltage-gated sodium channels,2
2079,RIM,Other,2,5,Natriuretic peptide signaling; Voltage-gated sodium channels,2
2080,GMQ,Other,2,5,Acid-sensing ion channels,1
2081,VSN,Other,2,5,Chloride and anion channels; TRP channels,2
2082,TIME,Other,2,5,Integrin mechanotransduction; TRP channels,2
2083,PEMF,Other,2,5,TRP channels; Ultrasound neuromodulation mechanisms,2
2084,PBC,Other,2,5,Lipid-mediated mechanotransduction; TRP channels,2
2085,PCM,Other,2,5,Gap junction mechanosensitivity; TRP channels,2
2086,ARL13B,Other,2,5,TRP channels,1
2087,PKD3,TRP,2,5,TRP channels,1
2088,IMCD3,Other,2,5,Gap junction mechanosensitivity; TRP channels,2
2089,CAS,Other,2,5,Natriuretic peptide signaling; TRP channels,2
2090,PIA,Other,2,5,Lipid-mediated mechanotransduction; TRP channels,2
2091,PDGFRB,Other,2,5,Integrin mechanotransduction; Lipid-mediated mechanotransduction,2
2092,TLN1,Other,2,5,Integrin mechanotransduction,1
2093,GIC,Other,2,5,Integrin mechanotransduction,1
2094,BPC,Other,2,5,Integrin mechanotransduction; Lipid-mediated mechanotransduction,2
2095,CHIP,Other,2,5,Chloride and anion channels; Integrin mechanotransduction,2
2096,IPA,Other,2,5,Integrin mechanotransduction; Lipid-mediated mechanotransduction,2
2097,LAMB2,Other,2,5,Gap junction mechanosensitivity; Integrin mechanotransduction,2
2098,TGFB1,Other,2,5,Chloride and anion channels; Integrin mechanotransduction,2
2099,PTPRC,Other,2,5,Integrin mechanotransduction,1
2100,RCAS,Other,2,5,Integrin mechanotransduction; Lipid-mediated mechanotransduction,2
2101,DPSC,Other,2,5,Integrin mechanotransduction; Ultrasound neuromodulation mechanisms,2
2102,TIC,Other,2,5,Integrin mechanotransduction,1
2103,SDC,Other,2,5,Integrin mechanotransduction; Natriuretic peptide signaling,2
2104,MIP,Other,2,5,Gap junction mechanosensitivity,1
2105,EPC,Other,2,5,Gap junction mechanosensitivity; Lipid-mediated mechanotransduction,2
2106,CMT1X,Other,2,5,Gap junction mechanosensitivity,1
2107,HSD,Other,2,5,Gap junction mechanosensitivity,1
2108,CMTX,Other,2,5,Gap junction mechanosensitivity,1
2109,RSG,Other,2,5,Gap junction mechanosensitivity; Lipid-mediated mechanotransduction,2
2110,VAD,Other,2,5,Gap junction mechanosensitivity; Natriuretic peptide signaling,2
2111,AFD,Other,2,5,Gap junction mechanosensitivity; Natriuretic peptide signaling,2
2112,GPR18,Other,2,5,Lipid-mediated mechanotransduction,1
2113,CJD,Other,2,5,Lipid-mediated mechanotransduction,1
2114,NAG,Other,2,5,Lipid-mediated mechanotransduction; Natriuretic peptide signaling,2
2115,EVT,Other,2,5,Lipid-mediated mechanotransduction; Natriuretic peptide signaling,2
2116,CLCA1,Other,2,5,Chloride and anion channels,1
2117,PDLLA,Other,2,5,Chloride and anion channels,1
2118,DREZ,Other,2,5,Natriuretic peptide signaling,1
2119,CD16,Other,2,5,Natriuretic peptide signaling; Ultrasound neuromodulation mechanisms,2
2120,PAWP,Other,2,5,Natriuretic peptide signaling,1
2121,AUROC,Other,2,5,Natriuretic peptide signaling,1
2122,SVD,Other,2,5,Natriuretic peptide signaling; Ultrasound neuromodulation mechanisms,2
2123,TIS,Other,2,5,Natriuretic peptide signaling,1
2124,DOP,Other,2,5,Natriuretic peptide signaling,1
2125,HECW,Other,2,5,Natriuretic peptide signaling,1
2126,RATE,Other,2,5,Natriuretic peptide signaling,1
2127,TTE,Other,2,5,Natriuretic peptide signaling,1
2128,DMT,Other,2,5,Natriuretic peptide signaling; Ultrasound neuromodulation mechanisms,2
2129,PDT,Other,2,5,Ultrasound neuromodulation mechanisms,1
2130,VPS35,Other,2,5,Ultrasound neuromodulation mechanisms,1
2131,LFB,Other,2,4,Inward rectifier potassium channels; Mechanosensitive ion channels; Mechanotransduction signaling,3
2132,MID,Other,2,4,Mechanosensitive ion channels,1
2133,DMPC,Other,2,4,Lipid-mediated mechanotransduction; Mechanosensitive ion channels,2
2134,BCAL,Other,2,4,Integrin mechanotransduction; Mechanosensitive ion channels,2
2135,HOMA,Other,2,4,Mechanosensitive ion channels; Natriuretic peptide signaling; Ultrasound neuromodulation mechanisms,3
2136,CHRNA7,Other,2,4,Gap junction mechanosensitivity; Mechanosensitive ion channels; Mechanotransduction signaling,3
2137,DKD,Other,2,4,Mechanotransduction signaling; Natriuretic peptide signaling,2
2138,MLV,Other,2,4,Mechanotransduction signaling; Voltage-gated sodium channels,2
2139,HBEGF,Other,2,4,Integrin mechanotransduction; Mechanotransduction signaling,2
2140,FTIR,Other,2,4,Lipid-mediated mechanotransduction; Mechanotransduction signaling,2
2141,MRE,Other,2,4,Mechanotransduction signaling; Voltage-gated calcium channels,2
2142,COPI,Other,2,4,Mechanotransduction signaling; TRP channels,2
2143,LRP5,Other,2,4,Mechanotransduction signaling; TRP channels,2
2144,ALM,Other,2,4,Mechanotransduction signaling; Natriuretic peptide signaling,2
2145,NECA,Other,2,4,Mechanotransduction signaling; TRP channels,2
2146,MT2,Other,2,4,Two-pore potassium channels (K2P),1
2147,OCH3,Other,2,4,Lipid-mediated mechanotransduction; Two-pore potassium channels (K2P),2
2148,KCNK6,K2P,2,4,Two-pore potassium channels (K2P),1
2149,THIP,Other,2,4,Chloride and anion channels; Two-pore potassium channels (K2P),2
2150,KCNK12,K2P,2,4,Two-pore potassium channels (K2P),1
2151,DAMP,Other,2,4,Gap junction mechanosensitivity; Two-pore potassium channels (K2P),2
2152,PBI,Other,2,4,Two-pore potassium channels (K2P),1
2153,CEN,Other,2,4,Two-pore potassium channels (K2P); Ultrasound neuromodulation mechanisms,2
2154,VAE,Other,2,4,Two-pore potassium channels (K2P),1
2155,LPP,Other,2,4,Two-pore potassium channels (K2P),1
2156,CLIA,Other,2,4,Chloride and anion channels; Two-pore potassium channels (K2P),2
2157,OX2R,Other,2,4,Inward rectifier potassium channels; TRP channels,2
2158,GABBR1,Other,2,4,Inward rectifier potassium channels; TRP channels,2
2159,HTR2C,Other,2,4,Inward rectifier potassium channels; Ultrasound neuromodulation mechanisms,2
2160,KCNJ3,Kir,2,4,Chloride and anion channels; Inward rectifier potassium channels,2
2161,CELLS,Other,2,4,Inward rectifier potassium channels; TRP channels,2
2162,HPC,Other,2,4,Inward rectifier potassium channels; Lipid-mediated mechanotransduction,2
2163,FTL,Other,2,4,Inward rectifier potassium channels; Ultrasound neuromodulation mechanisms,2
2164,NSC34,Other,2,4,Inward rectifier potassium channels; Ultrasound neuromodulation mechanisms,2
2165,ETA,Other,2,4,Inward rectifier potassium channels; Natriuretic peptide signaling,2
2166,SGZ,Other,2,4,Inward rectifier potassium channels; Natriuretic peptide signaling,2
2167,JOURNAL,Other,2,4,Gap junction mechanosensitivity; Voltage-gated calcium channels,2
2168,TSLP,Other,2,4,TRP channels; Voltage-gated calcium channels,2
2169,CEP,Other,2,4,Natriuretic peptide signaling; Voltage-gated calcium channels,2
2170,SNB,Other,2,4,Natriuretic peptide signaling; Voltage-gated calcium channels,2
2171,OPL,Other,2,4,Natriuretic peptide signaling; Voltage-gated calcium channels,2
2172,PPF,Other,2,4,Natriuretic peptide signaling; Voltage-gated calcium channels,2
2173,CSNO,Other,2,4,Natriuretic peptide signaling; Voltage-gated calcium channels,2
2174,HEPES,Other,2,4,Acid-sensing ion channels; Voltage-gated calcium channels,2
2175,CBA,Other,2,4,Natriuretic peptide signaling; Voltage-gated calcium channels,2
2176,IENF,Other,2,4,Natriuretic peptide signaling; Voltage-gated sodium channels,2
2177,EIEE,Other,2,4,Voltage-gated sodium channels,1
2178,EAP,Other,2,4,Acid-sensing ion channels; Voltage-gated sodium channels,2
2179,PSN,Other,2,4,TRP channels; Voltage-gated sodium channels,2
2180,SICM,Other,2,4,Natriuretic peptide signaling; Voltage-gated sodium channels,2
2181,BTX,Other,2,4,Ultrasound neuromodulation mechanisms; Voltage-gated sodium channels,2
2182,DEM,Other,2,4,Voltage-gated sodium channels,1
2183,CHAT,Other,2,4,Natriuretic peptide signaling; Voltage-gated sodium channels,2
2184,LQT3,Other,2,4,Lipid-mediated mechanotransduction; Voltage-gated sodium channels,2
2185,LDHA,Other,2,4,Acid-sensing ion channels; Gap junction mechanosensitivity,2
2186,PTGS2,Other,2,4,Acid-sensing ion channels; TRP channels,2
2187,PTP,Other,2,4,Acid-sensing ion channels; Lipid-mediated mechanotransduction,2
2188,FET,Other,2,4,Acid-sensing ion channels; Ultrasound neuromodulation mechanisms,2
2189,NAM,Other,2,4,Acid-sensing ion channels; Chloride and anion channels,2
2190,CSN,Other,2,4,Acid-sensing ion channels; TRP channels,2
2191,MDEG2,Other,2,4,Acid-sensing ion channels,1
2192,MLC2,Other,2,4,Integrin mechanotransduction; TRP channels,2
2193,SLIGRL,Other,2,4,Natriuretic peptide signaling; TRP channels,2
2194,LTM,Other,2,4,Lipid-mediated mechanotransduction; TRP channels,2
2195,HSP90,Other,2,4,TRP channels,1
2196,CBDV,Other,2,4,TRP channels,1
2197,VIC,Other,2,4,TRP channels,1
2198,IL8,Other,2,4,Integrin mechanotransduction; TRP channels,2
2199,ETC,Other,2,4,Chloride and anion channels; TRP channels,2
2200,MFI,Other,2,4,Integrin mechanotransduction; TRP channels,2
2201,CAC,Other,2,4,Chloride and anion channels; TRP channels,2
2202,UMOD,Other,2,4,Lipid-mediated mechanotransduction; TRP channels,2
2203,PLAT,Other,2,4,TRP channels,1
2204,ICCA,Other,2,4,TRP channels,1
2205,MIN6,Other,2,4,Chloride and anion channels; TRP channels,2
2206,DON,Other,2,4,Integrin mechanotransduction; TRP channels,2
2207,BMAA,Other,2,4,Integrin mechanotransduction; TRP channels,2
2208,CSK,Other,2,4,Integrin mechanotransduction; Lipid-mediated mechanotransduction,2
2209,SOX9,Other,2,4,Chloride and anion channels; Integrin mechanotransduction,2
2210,CCL19,Other,2,4,Integrin mechanotransduction,1
2211,IRS1,Other,2,4,Integrin mechanotransduction; Lipid-mediated mechanotransduction,2
2212,VLDLR,Other,2,4,Integrin mechanotransduction,1
2213,CD5,Other,2,4,Integrin mechanotransduction; Natriuretic peptide signaling,2
2214,ATL,Other,2,4,Integrin mechanotransduction; Ultrasound neuromodulation mechanisms,2
2215,TEC,Other,2,4,Integrin mechanotransduction,1
2216,VTN,Other,2,4,Integrin mechanotransduction,1
2217,MLD,Other,2,4,Integrin mechanotransduction,1
2218,CEST,Other,2,4,Integrin mechanotransduction; Ultrasound neuromodulation mechanisms,2
2219,RMS,Other,2,4,Integrin mechanotransduction,1
2220,FASD,Other,2,4,Integrin mechanotransduction; Ultrasound neuromodulation mechanisms,2
2221,GDI,Other,2,4,Integrin mechanotransduction; Lipid-mediated mechanotransduction,2
2222,UPR,Other,2,4,Gap junction mechanosensitivity; Integrin mechanotransduction,2
2223,CPC,Other,2,4,Integrin mechanotransduction; Natriuretic peptide signaling,2
2224,NEDD4,Other,2,4,Chloride and anion channels; Gap junction mechanosensitivity,2
2225,HT7,Other,2,4,Gap junction mechanosensitivity; Natriuretic peptide signaling,2
2226,CVS,Other,2,4,Lipid-mediated mechanotransduction; Ultrasound neuromodulation mechanisms,2
2227,STD,Other,2,4,Lipid-mediated mechanotransduction; Natriuretic peptide signaling,2
2228,ADNI,Other,2,4,Lipid-mediated mechanotransduction; Ultrasound neuromodulation mechanisms,2
2229,NPF,Other,2,4,Lipid-mediated mechanotransduction; Natriuretic peptide signaling,2
2230,CDC42,Other,2,4,Lipid-mediated mechanotransduction,1
2231,HNSCC,Other,2,4,Chloride and anion channels; Lipid-mediated mechanotransduction,2
2232,CLIC,Other,2,4,Lipid-mediated mechanotransduction,1
2233,EEA1,Other,2,4,Lipid-mediated mechanotransduction,1
2234,MIO,Other,2,4,Chloride and anion channels; Lipid-mediated mechanotransduction,2
2235,FAP,Other,2,4,Lipid-mediated mechanotransduction; Ultrasound neuromodulation mechanisms,2
2236,LGMD,Other,2,4,Chloride and anion channels; Lipid-mediated mechanotransduction,2
2237,RPE1,Other,2,4,Lipid-mediated mechanotransduction; Ultrasound neuromodulation mechanisms,2
2238,NO3,Other,2,4,Chloride and anion channels,1
2239,ICGA,Other,2,4,Chloride and anion channels,1
2240,PLR,Other,2,4,Chloride and anion channels; Natriuretic peptide signaling,2
2241,CNP4,Other,2,4,Natriuretic peptide signaling,1
2242,THP1,Other,2,4,Natriuretic peptide signaling,1
2243,SFO,Other,2,4,Natriuretic peptide signaling,1
2244,APACHE,Other,2,4,Natriuretic peptide signaling,1
2245,SIRT3,Other,2,4,Natriuretic peptide signaling,1
2246,NGAL,Other,2,4,Natriuretic peptide signaling,1
2247,CABG,Other,2,4,Natriuretic peptide signaling,1
2248,AUG,Other,2,4,Natriuretic peptide signaling,1
2249,GSA,Other,2,4,Natriuretic peptide signaling,1
2250,SKN,Other,2,4,Natriuretic peptide signaling,1
2251,HOCM,Other,2,4,Natriuretic peptide signaling,1
2252,TES,Other,2,4,Ultrasound neuromodulation mechanisms,1
2253,TFUS,Other,2,4,Ultrasound neuromodulation mechanisms,1
2254,NORAD,Other,2,4,Ultrasound neuromodulation mechanisms,1
2255,SBM,Other,2,4,Ultrasound neuromodulation mechanisms,1
2256,ALFA,Other,2,4,Ultrasound neuromodulation mechanisms,1
2257,MVF,Other,2,4,Ultrasound neuromodulation mechanisms,1
2258,CCN,Other,2,3,Integrin mechanotransduction; Mechanosensitive ion channels; Mechanotransduction signaling,3
2259,ATM,Other,2,3,Integrin mechanotransduction; Mechanosensitive ion channels; Mechanotransduction signaling,3
2260,YODA,Other,2,3,Mechanosensitive ion channels; Mechanotransduction signaling,2
2261,EIA,Other,2,3,Mechanosensitive ion channels; TRP channels; Voltage-gated sodium channels,3
2262,MTEP,Other,2,3,Mechanosensitive ion channels; TRP channels,2
2263,APDC,Other,2,3,Inward rectifier potassium channels; Mechanosensitive ion channels; Two-pore potassium channels (K2P),3
2264,POSTN,Other,2,3,Lipid-mediated mechanotransduction; Mechanosensitive ion channels; Mechanotransduction signaling,3
2265,AVC,Other,2,3,Mechanosensitive ion channels; TRP channels,2
2266,FMD,Other,2,3,Mechanosensitive ion channels; Mechanotransduction signaling,2
2267,GMCSF,Other,2,3,Mechanosensitive ion channels; Mechanotransduction signaling; TRP channels,3
2268,CASP3,Other,2,3,Lipid-mediated mechanotransduction; Mechanosensitive ion channels; Mechanotransduction signaling,3
2269,FBN1,Other,2,3,Mechanotransduction signaling; TRP channels,2
2270,CRLR,Other,2,3,Mechanotransduction signaling,1
2271,CFD,Other,2,3,Gap junction mechanosensitivity; Mechanotransduction signaling,2
2272,NFH,Other,2,3,Acid-sensing ion channels; Mechanotransduction signaling,2
2273,ASE,Other,2,3,Mechanotransduction signaling; Natriuretic peptide signaling,2
2274,GRP75,Other,2,3,Mechanotransduction signaling; Two-pore potassium channels (K2P),2
2275,MEK5,Other,2,3,Mechanotransduction signaling; Natriuretic peptide signaling,2
2276,HCEC,Other,2,3,Mechanotransduction signaling; TRP channels,2
2277,S1PR1,Other,2,3,Chloride and anion channels; Mechanotransduction signaling,2
2278,PLM,Other,2,3,Mechanotransduction signaling; Natriuretic peptide signaling,2
2279,CCK1,Other,2,3,Mechanotransduction signaling; TRP channels,2
2280,EBEC,Other,2,3,Two-pore potassium channels (K2P),1
2281,OGR1,Other,2,3,Acid-sensing ion channels; Two-pore potassium channels (K2P),2
2282,TDAG8,Other,2,3,Acid-sensing ion channels; Two-pore potassium channels (K2P),2
2283,FHM,Other,2,3,Gap junction mechanosensitivity; Two-pore potassium channels (K2P),2
2284,DPP10,Other,2,3,Chloride and anion channels; Two-pore potassium channels (K2P),2
2285,DLK1,Other,2,3,Inward rectifier potassium channels; Two-pore potassium channels (K2P),2
2286,NCX1,Other,2,3,Two-pore potassium channels (K2P); Voltage-gated sodium channels,2
2287,CMV,Other,2,3,Gap junction mechanosensitivity; Two-pore potassium channels (K2P); Voltage-gated calcium channels,3
2288,PTL,Other,2,3,Two-pore potassium channels (K2P); Ultrasound neuromodulation mechanisms,2
2289,FPA,Other,2,3,Two-pore potassium channels (K2P),1
2290,PHQ,Other,2,3,Natriuretic peptide signaling; Two-pore potassium channels (K2P),2
2291,MNIST,Other,2,3,Acid-sensing ion channels; Two-pore potassium channels (K2P),2
2292,FPN,Other,2,3,Two-pore potassium channels (K2P); Ultrasound neuromodulation mechanisms,2
2293,MCC,Other,2,3,Two-pore potassium channels (K2P); Ultrasound neuromodulation mechanisms,2
2294,RHAMM,Other,2,3,Integrin mechanotransduction; Two-pore potassium channels (K2P),2
2295,BCEC,Other,2,3,Inward rectifier potassium channels,1
2296,BB2,Other,2,3,Inward rectifier potassium channels,1
2297,AZA,Other,2,3,Integrin mechanotransduction; Inward rectifier potassium channels,2
2298,KCNJ16,Kir,2,3,Inward rectifier potassium channels,1
2299,HAR,Other,2,3,Inward rectifier potassium channels; Ultrasound neuromodulation mechanisms,2
2300,LASER,Other,2,3,Inward rectifier potassium channels; Ultrasound neuromodulation mechanisms,2
2301,MCT1,Other,2,3,Chloride and anion channels; Inward rectifier potassium channels,2
2302,MEK1,Other,2,3,Inward rectifier potassium channels; Lipid-mediated mechanotransduction,2
2303,HSF1,Other,2,3,Inward rectifier potassium channels; TRP channels,2
2304,QRT,Other,2,3,Inward rectifier potassium channels; Ultrasound neuromodulation mechanisms,2
2305,STXBP1,Other,2,3,Inward rectifier potassium channels; Voltage-gated sodium channels,2
2306,SEA,Other,2,3,Inward rectifier potassium channels; Natriuretic peptide signaling,2
2307,DFP,Other,2,3,Inward rectifier potassium channels; Ultrasound neuromodulation mechanisms,2
2308,CIN,Other,2,3,Inward rectifier potassium channels,1
2309,SKP,Other,2,3,Integrin mechanotransduction; Inward rectifier potassium channels,2
2310,IS4,Other,2,3,Voltage-gated calcium channels,1
2311,MBH,Other,2,3,Natriuretic peptide signaling; Voltage-gated calcium channels,2
2312,PND9,Other,2,3,TRP channels; Voltage-gated calcium channels,2
2313,CALCIUM,Other,2,3,TRP channels; Voltage-gated calcium channels,2
2314,HCT,Other,2,3,Natriuretic peptide signaling; Voltage-gated calcium channels,2
2315,LTCP,Other,2,3,Voltage-gated calcium channels,1
2316,JPH4,Other,2,3,Lipid-mediated mechanotransduction; Voltage-gated calcium channels,2
2317,IGE,Other,2,3,Voltage-gated calcium channels,1
2318,UBC,Other,2,3,Acid-sensing ion channels; Voltage-gated calcium channels,2
2319,NMBR,Other,2,3,Natriuretic peptide signaling; Voltage-gated calcium channels,2
2320,DIVS6,Other,2,3,Voltage-gated sodium channels,1
2321,VTD,Other,2,3,Voltage-gated sodium channels,1
2322,OMI,Other,2,3,Natriuretic peptide signaling; Voltage-gated sodium channels,2
2323,PWT,Other,2,3,Voltage-gated sodium channels,1
2324,ANK,Other,2,3,Voltage-gated sodium channels,1
2325,NBI,Other,2,3,Gap junction mechanosensitivity; Voltage-gated sodium channels,2
2326,CDKL5,Other,2,3,Gap junction mechanosensitivity; Voltage-gated sodium channels,2
2327,KN93,Other,2,3,Gap junction mechanosensitivity; Voltage-gated sodium channels,2
2328,TSC1,Other,2,3,TRP channels; Voltage-gated sodium channels,2
2329,CHK1,Other,2,3,Integrin mechanotransduction; Voltage-gated sodium channels,2
2330,DSC1,Other,2,3,Voltage-gated sodium channels,1
2331,BFNIS,Other,2,3,Voltage-gated sodium channels,1
2332,TRAP,Other,2,3,TRP channels; Voltage-gated sodium channels,2
2333,AZD,Other,2,3,Acid-sensing ion channels,1
2334,ASA,Other,2,3,Acid-sensing ion channels; Natriuretic peptide signaling,2
2335,STOP,Other,2,3,Acid-sensing ion channels; Lipid-mediated mechanotransduction; Natriuretic peptide signaling,3
2336,VAMP2,Other,2,3,Lipid-mediated mechanotransduction; TRP channels,2
2337,HMG,Other,2,3,TRP channels,1
2338,BRET,Other,2,3,TRP channels,1
2339,BIM,Other,2,3,Lipid-mediated mechanotransduction; TRP channels,2
2340,SPF,Other,2,3,Natriuretic peptide signaling; TRP channels,2
2341,CXCL,Other,2,3,Integrin mechanotransduction; TRP channels,2
2342,HRMS,Other,2,3,Natriuretic peptide signaling; TRP channels,2
2343,JNJ,Other,2,3,Gap junction mechanosensitivity; TRP channels,2
2344,MST,Other,2,3,Integrin mechanotransduction; TRP channels,2
2345,CD73,Other,2,3,Gap junction mechanosensitivity; TRP channels,2
2346,CD90,Other,2,3,Integrin mechanotransduction; TRP channels,2
2347,MLPA,Other,2,3,TRP channels,1
2348,MKL,Other,2,3,Integrin mechanotransduction; TRP channels,2
2349,NTF,Other,2,3,Integrin mechanotransduction; TRP channels,2
2350,KIF17,Other,2,3,TRP channels,1
2351,HNF,Other,2,3,TRP channels,1
2352,CLDN,Other,2,3,Lipid-mediated mechanotransduction; TRP channels,2
2353,CLDN5,Other,2,3,Lipid-mediated mechanotransduction; TRP channels,2
2354,PHSRN,Other,2,3,Integrin mechanotransduction,1
2355,PAK,Other,2,3,Integrin mechanotransduction,1
2356,TP53,Other,2,3,Integrin mechanotransduction; Ultrasound neuromodulation mechanisms,2
2357,PSGL,Other,2,3,Gap junction mechanosensitivity; Integrin mechanotransduction,2
2358,PLVAP,Other,2,3,Integrin mechanotransduction; Lipid-mediated mechanotransduction,2
2359,RAC1,Other,2,3,Integrin mechanotransduction,1
2360,CMD,Other,2,3,Integrin mechanotransduction; Natriuretic peptide signaling,2
2361,IL6R,Other,2,3,Integrin mechanotransduction; Ultrasound neuromodulation mechanisms,2
2362,DPP4,Other,2,3,Integrin mechanotransduction; Lipid-mediated mechanotransduction,2
2363,ERBB4,Other,2,3,Integrin mechanotransduction; Ultrasound neuromodulation mechanisms,2
2364,TGFBR1,Other,2,3,Integrin mechanotransduction,1
2365,FLNA,Other,2,3,Integrin mechanotransduction,1
2366,KLF4,Other,2,3,Integrin mechanotransduction; Ultrasound neuromodulation mechanisms,2
2367,DCC,Other,2,3,Gap junction mechanosensitivity; Integrin mechanotransduction,2
2368,TMA,Other,2,3,Integrin mechanotransduction; Lipid-mediated mechanotransduction,2
2369,ATF2,Other,2,3,Integrin mechanotransduction; Natriuretic peptide signaling,2
2370,TEAD,Other,2,3,Integrin mechanotransduction; Lipid-mediated mechanotransduction,2
2371,ADAMTS,Other,2,3,Gap junction mechanosensitivity; Natriuretic peptide signaling,2
2372,RBE4,Other,2,3,Gap junction mechanosensitivity,1
2373,GJC3,Other,2,3,Gap junction mechanosensitivity,1
2374,FGF2,Other,2,3,Gap junction mechanosensitivity,1
2375,FFPE,Other,2,3,Gap junction mechanosensitivity; Ultrasound neuromodulation mechanisms,2
2376,CNTN2,Other,2,3,Lipid-mediated mechanotransduction,1
2377,IEC,Other,2,3,Lipid-mediated mechanotransduction; Natriuretic peptide signaling,2
2378,MIM,Other,2,3,Lipid-mediated mechanotransduction; Ultrasound neuromodulation mechanisms,2
2379,VAMP,Other,2,3,Lipid-mediated mechanotransduction,1
2380,HRP,Other,2,3,Lipid-mediated mechanotransduction,1
2381,DDAH1,Other,2,3,Lipid-mediated mechanotransduction; Natriuretic peptide signaling,2
2382,GRP78,Other,2,3,Lipid-mediated mechanotransduction; Natriuretic peptide signaling,2
2383,GRK1,Other,2,3,Lipid-mediated mechanotransduction,1
2384,TFAM,Other,2,3,Lipid-mediated mechanotransduction; Ultrasound neuromodulation mechanisms,2
2385,ABCA4,Other,2,3,Chloride and anion channels,1
2386,DISEASE,Other,2,3,Chloride and anion channels; Natriuretic peptide signaling,2
2387,BATMAN,Other,2,3,Natriuretic peptide signaling; Ultrasound neuromodulation mechanisms,2
2388,QOL,Other,2,3,Natriuretic peptide signaling,1
2389,CNKI,Other,2,3,Natriuretic peptide signaling,1
2390,BID,Other,2,3,Natriuretic peptide signaling,1
2391,PIIINP,Other,2,3,Natriuretic peptide signaling,1
2392,PEFF,Other,2,3,Natriuretic peptide signaling,1
2393,ATTR,Other,2,3,Natriuretic peptide signaling,1
2394,CPET,Other,2,3,Natriuretic peptide signaling,1
2395,REDUCED,Other,2,3,Natriuretic peptide signaling,1
2396,CTRI,Other,2,3,Natriuretic peptide signaling,1
2397,SCF,Other,2,3,Natriuretic peptide signaling; Ultrasound neuromodulation mechanisms,2
2398,LAD,Other,2,3,Natriuretic peptide signaling,1
2399,ASER,Other,2,3,Natriuretic peptide signaling,1
2400,SPRINT,Other,2,3,Natriuretic peptide signaling; Ultrasound neuromodulation mechanisms,2
2401,NAA,Other,2,3,Ultrasound neuromodulation mechanisms,1
2402,KCASH,Other,2,3,Ultrasound neuromodulation mechanisms,1
2403,GV20,Other,2,3,Ultrasound neuromodulation mechanisms,1
2404,GCP,Other,2,3,Ultrasound neuromodulation mechanisms,1
2405,SERCA2,Other,2,2,Mechanosensitive ion channels; Mechanotransduction signaling,2
2406,MATIDA,Other,2,2,Mechanosensitive ion channels; Voltage-gated calcium channels,2
2407,VGLUT2,Other,2,2,Mechanotransduction signaling; Voltage-gated sodium channels,2
2408,OSF,Other,2,2,Mechanotransduction signaling; Voltage-gated sodium channels,2
2409,MAS,Other,2,2,Mechanotransduction signaling; Natriuretic peptide signaling,2
2410,HK2,Other,2,2,Mechanotransduction signaling; Natriuretic peptide signaling,2
2411,RER,Other,2,2,Mechanotransduction signaling; Natriuretic peptide signaling,2
2412,VPAC1,Other,2,2,Mechanotransduction signaling; Voltage-gated calcium channels,2
2413,TALK,Other,2,2,Two-pore potassium channels (K2P),1
2414,ASK1,Other,2,2,Integrin mechanotransduction; Two-pore potassium channels (K2P),2
2415,IUPHAR,Other,2,2,TRP channels; Two-pore potassium channels (K2P),2
2416,NLR,Other,2,2,Natriuretic peptide signaling; Two-pore potassium channels (K2P),2
2417,ASPP,Other,2,2,Two-pore potassium channels (K2P),1
2418,NASA,Other,2,2,Integrin mechanotransduction; Two-pore potassium channels (K2P),2
2419,EXPRESS,Other,2,2,TRP channels; Two-pore potassium channels (K2P),2
2420,GRU,Other,2,2,Two-pore potassium channels (K2P),1
2421,RGB,Other,2,2,Two-pore potassium channels (K2P),1
2422,CH2,Other,2,2,Natriuretic peptide signaling; Two-pore potassium channels (K2P),2
2423,PO4,Other,2,2,Two-pore potassium channels (K2P); Voltage-gated calcium channels,2
2424,FBCSP,Other,2,2,Two-pore potassium channels (K2P),1
2425,NAAG,Other,2,2,Two-pore potassium channels (K2P); Ultrasound neuromodulation mechanisms,2
2426,NMRI,Other,2,2,Lipid-mediated mechanotransduction; Two-pore potassium channels (K2P),2
2427,KCND3,Kv,2,2,Inward rectifier potassium channels,1
2428,LPL,Other,2,2,Integrin mechanotransduction; Inward rectifier potassium channels,2
2429,HIP,Other,2,2,Inward rectifier potassium channels; Natriuretic peptide signaling,2
2430,EMD,Other,2,2,Acid-sensing ion channels; Inward rectifier potassium channels,2
2431,CDK2,Other,2,2,Integrin mechanotransduction; Inward rectifier potassium channels,2
2432,FYN,Other,2,2,Inward rectifier potassium channels; Natriuretic peptide signaling,2
2433,FLIM,Other,2,2,Inward rectifier potassium channels; Ultrasound neuromodulation mechanisms,2
2434,PMP2,Other,2,2,Gap junction mechanosensitivity; Inward rectifier potassium channels,2
2435,ARG1,Other,2,2,Inward rectifier potassium channels; Natriuretic peptide signaling,2
2436,INDIA,Other,2,2,Inward rectifier potassium channels,1
2437,EUROPE,Other,2,2,Inward rectifier potassium channels,1
2438,SPAK,Other,2,2,Chloride and anion channels; Inward rectifier potassium channels,2
2439,OSR1,Other,2,2,Chloride and anion channels; Inward rectifier potassium channels,2
2440,NK3R,Other,2,2,Acid-sensing ion channels; Inward rectifier potassium channels,2
2441,HT2B,Other,2,2,Inward rectifier potassium channels; Natriuretic peptide signaling,2
2442,RPH3A,Other,2,2,Inward rectifier potassium channels; Lipid-mediated mechanotransduction,2
2443,GSN,Other,2,2,Gap junction mechanosensitivity; Inward rectifier potassium channels,2
2444,CD29,Other,2,2,Integrin mechanotransduction; Inward rectifier potassium channels,2
2445,SWI,Other,2,2,Ultrasound neuromodulation mechanisms; Voltage-gated calcium channels,2
2446,GRIN2B,Other,2,2,Integrin mechanotransduction; Voltage-gated calcium channels,2
2447,COS7,Other,2,2,Lipid-mediated mechanotransduction; Voltage-gated calcium channels,2
2448,AIDS,Other,2,2,Integrin mechanotransduction; Voltage-gated calcium channels,2
2449,MPC,Other,2,2,Voltage-gated calcium channels,1
2450,GPR30,Other,2,2,Gap junction mechanosensitivity; Voltage-gated calcium channels,2
2451,HT1,Other,2,2,Acid-sensing ion channels; Voltage-gated calcium channels,2
2452,GABRA,Other,2,2,TRP channels; Voltage-gated calcium channels,2
2453,SIP,Other,2,2,TRP channels; Voltage-gated calcium channels,2
2454,SAR,Other,2,2,Acid-sensing ion channels; Voltage-gated calcium channels,2
2455,MNI,Other,2,2,Gap junction mechanosensitivity; Voltage-gated calcium channels,2
2456,NGR,Other,2,2,Integrin mechanotransduction; Voltage-gated sodium channels,2
2457,MEDLINE,Other,2,2,Natriuretic peptide signaling; Voltage-gated sodium channels,2
2458,EA2,Other,2,2,Lipid-mediated mechanotransduction; Voltage-gated sodium channels,2
2459,PGF,Other,2,2,Lipid-mediated mechanotransduction; Voltage-gated sodium channels,2
2460,SKAT,Other,2,2,TRP channels; Voltage-gated sodium channels,2
2461,YY1,Other,2,2,Lipid-mediated mechanotransduction; Voltage-gated sodium channels,2
2462,PDB,Other,2,2,TRP channels; Voltage-gated sodium channels,2
2463,PHB,Other,2,2,Lipid-mediated mechanotransduction; Voltage-gated sodium channels,2
2464,LSCI,Other,2,2,Ultrasound neuromodulation mechanisms; Voltage-gated sodium channels,2
2465,CMP,Other,2,2,Lipid-mediated mechanotransduction; Voltage-gated sodium channels,2
2466,TUBB3,Other,2,2,Ultrasound neuromodulation mechanisms; Voltage-gated sodium channels,2
2467,PRPH,Other,2,2,TRP channels; Voltage-gated sodium channels,2
2468,POU,Other,2,2,Acid-sensing ion channels; Voltage-gated sodium channels,2
2469,ANK3,Other,2,2,Lipid-mediated mechanotransduction; Voltage-gated sodium channels,2
2470,VIII,Other,2,2,Acid-sensing ion channels; Ultrasound neuromodulation mechanisms,2
2471,SLN,Other,2,2,Acid-sensing ion channels; Lipid-mediated mechanotransduction,2
2472,HSC,Other,2,2,Acid-sensing ion channels; Integrin mechanotransduction,2
2473,TISIDB,Other,2,2,Acid-sensing ion channels; Integrin mechanotransduction,2
2474,LED,Other,2,2,Acid-sensing ion channels; TRP channels,2
2475,AIC,Other,2,2,Acid-sensing ion channels; Natriuretic peptide signaling,2
2476,MIT,Other,2,2,Acid-sensing ion channels; Integrin mechanotransduction,2
2477,UEA,Other,2,2,Acid-sensing ion channels; Chloride and anion channels,2
2478,DAMGO,Other,2,2,Acid-sensing ion channels; TRP channels,2
2479,AP2,Other,2,2,Acid-sensing ion channels; Lipid-mediated mechanotransduction,2
2480,BNC,Other,2,2,Acid-sensing ion channels,1
2481,CCAAT,Other,2,2,Acid-sensing ion channels; Natriuretic peptide signaling,2
2482,PVD,Other,2,2,Integrin mechanotransduction; TRP channels,2
2483,CFOS,Other,2,2,Integrin mechanotransduction; TRP channels,2
2484,PTP1B,Other,2,2,Integrin mechanotransduction; TRP channels,2
2485,DTT,Other,2,2,Natriuretic peptide signaling; TRP channels,2
2486,HMC1,Other,2,2,TRP channels,1
2487,NMDAR2B,Other,2,2,TRP channels; Ultrasound neuromodulation mechanisms,2
2488,AGO2,Other,2,2,Natriuretic peptide signaling; TRP channels,2
2489,WWTR1,Other,2,2,Integrin mechanotransduction; TRP channels,2
2490,ACMG,Other,2,2,TRP channels,1
2491,ALG5,Other,2,2,TRP channels,1
2492,PPV,Other,2,2,Chloride and anion channels; TRP channels,2
2493,ALG8,Other,2,2,TRP channels,1
2494,DAZ,Other,2,2,TRP channels,1
2495,IFT88,Other,2,2,TRP channels,1
2496,NIMA,Other,2,2,TRP channels; Ultrasound neuromodulation mechanisms,2
2497,FFP,Other,2,2,TRP channels; Ultrasound neuromodulation mechanisms,2
2498,NEXT,Other,2,2,Chloride and anion channels; TRP channels,2
2499,GRGDSP,Other,2,2,Integrin mechanotransduction; TRP channels,2
2500,EMA,Other,2,2,Natriuretic peptide signaling; TRP channels,2
2501,CON,Other,2,2,Natriuretic peptide signaling; TRP channels,2
2502,NKA,Other,2,2,Gap junction mechanosensitivity; TRP channels,2
2503,FPI,Other,2,2,Integrin mechanotransduction; TRP channels,2
2504,AM2,Other,2,2,Natriuretic peptide signaling; TRP channels,2
2505,STIM,Other,2,2,Gap junction mechanosensitivity; TRP channels,2
2506,PTK2,Other,2,2,Integrin mechanotransduction,1
2507,HEPACAM,Other,2,2,Gap junction mechanosensitivity; Integrin mechanotransduction,2
2508,CXCR5,Other,2,2,Integrin mechanotransduction,1
2509,NHL,Other,2,2,Integrin mechanotransduction; Ultrasound neuromodulation mechanisms,2
2510,CD62P,Other,2,2,Integrin mechanotransduction,1
2511,ERT2,Other,2,2,Gap junction mechanosensitivity; Integrin mechanotransduction,2
2512,HGF,Other,2,2,Integrin mechanotransduction,1
2513,HSPG,Other,2,2,Integrin mechanotransduction; Lipid-mediated mechanotransduction,2
2514,SMAD2,Other,2,2,Integrin mechanotransduction; Natriuretic peptide signaling,2
2515,TRIM,Other,2,2,Integrin mechanotransduction; Natriuretic peptide signaling,2
2516,PPIA,Other,2,2,Integrin mechanotransduction,1
2517,USP7,Other,2,2,Integrin mechanotransduction; Lipid-mediated mechanotransduction,2
2518,AXL,Other,2,2,Integrin mechanotransduction,1
2519,YKL,Other,2,2,Integrin mechanotransduction; Ultrasound neuromodulation mechanisms,2
2520,ATG5,Other,2,2,Integrin mechanotransduction; Lipid-mediated mechanotransduction,2
2521,BCAN,Other,2,2,Integrin mechanotransduction; Natriuretic peptide signaling,2
2522,VCAN,Other,2,2,Integrin mechanotransduction,1
2523,MPZ,Other,2,2,Gap junction mechanosensitivity; Integrin mechanotransduction,2
2524,CNR2,Other,2,2,Integrin mechanotransduction; Lipid-mediated mechanotransduction,2
2525,IGF1,Other,2,2,Gap junction mechanosensitivity; Integrin mechanotransduction,2
2526,ED1,Other,2,2,Integrin mechanotransduction,1
2527,ROCK2,Other,2,2,Gap junction mechanosensitivity; Integrin mechanotransduction,2
2528,ITGAL,Other,2,2,Integrin mechanotransduction,1
2529,PLAUR,Other,2,2,Integrin mechanotransduction,1
2530,CD62L,Other,2,2,Integrin mechanotransduction,1
2531,RFLP,Other,2,2,Integrin mechanotransduction; Natriuretic peptide signaling,2
2532,CD9,Other,2,2,Gap junction mechanosensitivity; Integrin mechanotransduction,2
2533,EGR1,Other,2,2,Integrin mechanotransduction; Lipid-mediated mechanotransduction,2
2534,CCM1,Other,2,2,Integrin mechanotransduction; Natriuretic peptide signaling,2
2535,TET2,Other,2,2,Integrin mechanotransduction; Ultrasound neuromodulation mechanisms,2
2536,SDM,Other,2,2,Gap junction mechanosensitivity; Ultrasound neuromodulation mechanisms,2
2537,FEM,Other,2,2,Gap junction mechanosensitivity; Ultrasound neuromodulation mechanisms,2
2538,CARD,Other,2,2,Gap junction mechanosensitivity; Natriuretic peptide signaling,2
2539,STA,Other,2,2,Gap junction mechanosensitivity; Natriuretic peptide signaling,2
2540,FLAIR,Other,2,2,Lipid-mediated mechanotransduction; Ultrasound neuromodulation mechanisms,2
2541,PIP5K,Other,2,2,Lipid-mediated mechanotransduction,1
2542,CNR1,Other,2,2,Lipid-mediated mechanotransduction,1
2543,COPII,Other,2,2,Chloride and anion channels; Lipid-mediated mechanotransduction,2
2544,PGP,Other,2,2,Lipid-mediated mechanotransduction,1
2545,SMI,Other,2,2,Lipid-mediated mechanotransduction,1
2546,CHAPS,Other,2,2,Lipid-mediated mechanotransduction; Ultrasound neuromodulation mechanisms,2
2547,SWR,Other,2,2,Lipid-mediated mechanotransduction; Natriuretic peptide signaling,2
2548,ROSMAP,Other,2,2,Lipid-mediated mechanotransduction,1
2549,TJP,Other,2,2,Lipid-mediated mechanotransduction,1
2550,MVD,Other,2,2,Lipid-mediated mechanotransduction; Natriuretic peptide signaling,2
2551,FRT,Other,2,2,Chloride and anion channels; Ultrasound neuromodulation mechanisms,2
2552,CD20,Other,2,2,Chloride and anion channels; Natriuretic peptide signaling,2
2553,NOVEL,Other,2,2,Chloride and anion channels,1
2554,EMMPRIN,Other,2,2,Chloride and anion channels,1
2555,ENT,Other,2,2,Chloride and anion channels; Ultrasound neuromodulation mechanisms,2
2556,NPC1,Other,2,2,Chloride and anion channels; Ultrasound neuromodulation mechanisms,2
2557,PURPOSE,Other,2,2,Natriuretic peptide signaling,1
2558,EHNA,Other,2,2,Natriuretic peptide signaling,1
2559,PCSK9,Other,2,2,Natriuretic peptide signaling; Ultrasound neuromodulation mechanisms,2
2560,STATA,Other,2,2,Natriuretic peptide signaling,1
2561,ADD,Other,2,2,Natriuretic peptide signaling; Ultrasound neuromodulation mechanisms,2
2562,DELIVER,Other,2,2,Natriuretic peptide signaling,1
2563,HEART,Other,2,2,Natriuretic peptide signaling,1
2564,ORBI,Other,2,2,Natriuretic peptide signaling,1
2565,SGLT2,Other,2,2,Natriuretic peptide signaling,1
2566,CUG,Other,2,2,Natriuretic peptide signaling,1
2567,AUU,Other,2,2,Natriuretic peptide signaling,1
2568,PMK,Other,2,2,Natriuretic peptide signaling,1
2569,NP2,Other,2,2,Natriuretic peptide signaling,1
2570,AWA,Other,2,2,Natriuretic peptide signaling,1
2571,CBP,Other,2,2,Natriuretic peptide signaling,1
2572,NRS,Other,2,2,Ultrasound neuromodulation mechanisms,1
2573,MEGA,Other,2,2,Ultrasound neuromodulation mechanisms,1
2574,GLM,Other,2,2,Ultrasound neuromodulation mechanisms,1
2575,RFE,Other,2,2,Ultrasound neuromodulation mechanisms,1
2576,RSC96,Other,2,2,Ultrasound neuromodulation mechanisms,1
2577,GLI3,Other,2,2,Ultrasound neuromodulation mechanisms,1
2578,AHBA,Other,2,2,Ultrasound neuromodulation mechanisms,1
2579,HOC,Other,1,52,Chloride and anion channels,1
2580,FUSH,Other,1,45,Two-pore potassium channels (K2P); Ultrasound neuromodulation mechanisms,2
2581,DBI,Other,1,42,Mechanosensitive ion channels; Mechanotransduction signaling,2
2582,LXB4,Other,1,40,Mechanosensitive ion channels; TRP channels,2
2583,TMEM43,Other,1,32,Gap junction mechanosensitivity; Two-pore potassium channels (K2P),2
2584,AEG,Other,1,32,Two-pore potassium channels (K2P),1
2585,SASH1,Other,1,32,Integrin mechanotransduction,1
2586,SCC,Other,1,27,Gap junction mechanosensitivity,1
2587,RWIS,Other,1,27,Gap junction mechanosensitivity,1
2588,DPA,Other,1,24,Mechanosensitive ion channels; Mechanotransduction signaling; TRP channels; Voltage-gated sodium channels,4
2589,TMAS,Other,1,24,Mechanotransduction signaling; Ultrasound neuromodulation mechanisms,2
2590,XQLT,Other,1,24,TRP channels,1
2591,TNIK,Other,1,24,Integrin mechanotransduction,1
2592,IHKA,Other,1,24,Chloride and anion channels,1
2593,HST,Other,1,24,Chloride and anion channels,1
2594,HFHSD,Other,1,22,Mechanotransduction signaling,1
2595,AAO,Other,1,22,Lipid-mediated mechanotransduction,1
2596,PDI,Other,1,22,Natriuretic peptide signaling,1
2597,PROG,Other,1,21,Two-pore potassium channels (K2P),1
2598,IRIL,Other,1,21,Two-pore potassium channels (K2P),1
2599,PILO,Other,1,21,Gap junction mechanosensitivity,1
2600,SGA,Other,1,20,Two-pore potassium channels (K2P),1
2601,VOR,Other,1,20,Inward rectifier potassium channels,1
2602,CAPN1,Other,1,20,TRP channels,1
2603,MUC4,Other,1,20,Integrin mechanotransduction,1
2604,COLC,Other,1,20,Integrin mechanotransduction,1
2605,AGQS,Other,1,20,Chloride and anion channels,1
2606,IVFC,Other,1,19,Ultrasound neuromodulation mechanisms,1
2607,KKT,Other,1,18,Two-pore potassium channels (K2P),1
2608,RIH,Other,1,18,Voltage-gated calcium channels,1
2609,UAN,Other,1,18,Chloride and anion channels; Voltage-gated sodium channels,2
2610,FSH,Other,1,18,Integrin mechanotransduction,1
2611,APG,Other,1,18,Gap junction mechanosensitivity,1
2612,BND,Other,1,18,Natriuretic peptide signaling,1
2613,COMPERA,Other,1,18,Natriuretic peptide signaling,1
2614,QWD,Other,1,17,TRP channels,1
2615,JWS,Other,1,17,Lipid-mediated mechanotransduction,1
2616,GXN,Other,1,17,Natriuretic peptide signaling,1
2617,ASPIRE,Other,1,17,Natriuretic peptide signaling,1
2618,STP,Other,1,16,Lipid-mediated mechanotransduction; Mechanosensitive ion channels; Mechanotransduction signaling; Ultrasound neuromodulation mechanisms,4
2619,SSAT,Other,1,16,Integrin mechanotransduction; Inward rectifier potassium channels,2
2620,RUF,Other,1,16,Voltage-gated sodium channels,1
2621,LQB,Other,1,16,Voltage-gated sodium channels,1
2622,CKI,Other,1,16,Voltage-gated sodium channels,1
2623,BME,Other,1,16,Acid-sensing ion channels; TRP channels,2
2624,OLC,Other,1,16,Acid-sensing ion channels,1
2625,MX1,Other,1,16,TRP channels,1
2626,CDH6,Other,1,16,Integrin mechanotransduction,1
2627,GPM6B,Other,1,16,Integrin mechanotransduction,1
2628,LRRC8D,Chloride,1,16,Chloride and anion channels,1
2629,IVH,Other,1,16,Ultrasound neuromodulation mechanisms,1
2630,PPR,Other,1,15,Inward rectifier potassium channels,1
2631,MNU,Other,1,15,Inward rectifier potassium channels,1
2632,BETMB,Other,1,15,Voltage-gated sodium channels,1
2633,MUC15,Other,1,15,Integrin mechanotransduction,1
2634,TRAF4,Other,1,15,Lipid-mediated mechanotransduction,1
2635,WRF,Other,1,15,Natriuretic peptide signaling,1
2636,FOG,Other,1,15,Ultrasound neuromodulation mechanisms,1
2637,IFRS1,Other,1,14,Mechanosensitive ion channels; Mechanotransduction signaling; TRP channels,3
2638,UNM,Other,1,14,Mechanosensitive ion channels; Ultrasound neuromodulation mechanisms,2
2639,GPR35,Other,1,14,Mechanotransduction signaling,1
2640,TDRG,Other,1,14,Mechanotransduction signaling,1
2641,CW90,Other,1,14,Voltage-gated calcium channels,1
2642,DOCK4,Other,1,14,TRP channels; Voltage-gated sodium channels,2
2643,HES,Other,1,14,TRP channels,1
2644,BCP,Other,1,14,TRP channels,1
2645,HPS,Other,1,14,Integrin mechanotransduction,1
2646,CHDED,Other,1,14,Integrin mechanotransduction,1
2647,PRKD1,Other,1,14,Integrin mechanotransduction,1
2648,PHIP,Other,1,14,Integrin mechanotransduction,1
2649,THY1,Other,1,14,Integrin mechanotransduction,1
2650,RM26,Other,1,14,Integrin mechanotransduction,1
2651,NOV,Other,1,14,Integrin mechanotransduction,1
2652,BMBC,Other,1,14,Gap junction mechanosensitivity,1
2653,TGB,Other,1,14,Gap junction mechanosensitivity,1
2654,ZNS,Other,1,14,Gap junction mechanosensitivity,1
2655,PSMA,Other,1,13,Integrin mechanotransduction,1
2656,MIPA,Other,1,12,Mechanosensitive ion channels; Ultrasound neuromodulation mechanisms,2
2657,PNR,Other,1,12,Integrin mechanotransduction; Mechanosensitive ion channels; Mechanotransduction signaling,3
2658,YTHDF1,Other,1,12,Mechanosensitive ion channels; Mechanotransduction signaling,2
2659,NMII,Other,1,12,Integrin mechanotransduction; Mechanotransduction signaling,2
2660,HNK,Other,1,12,Two-pore potassium channels (K2P),1
2661,TET1,Other,1,12,Two-pore potassium channels (K2P),1
2662,POPDC2,Other,1,12,Two-pore potassium channels (K2P),1
2663,IKSO,Other,1,12,Two-pore potassium channels (K2P),1
2664,PLLP,Other,1,12,Lipid-mediated mechanotransduction; Two-pore potassium channels (K2P),2
2665,LC8,Other,1,12,Inward rectifier potassium channels,1
2666,NGLC,Other,1,12,Inward rectifier potassium channels,1
2667,TMEV,Other,1,12,Inward rectifier potassium channels,1
2668,MAGI,Other,1,12,Inward rectifier potassium channels,1
2669,FXR1,Other,1,12,Voltage-gated calcium channels,1
2670,SND,Other,1,12,Voltage-gated calcium channels,1
2671,TTN,Other,1,12,Voltage-gated calcium channels,1
2672,XC8,Other,1,12,Acid-sensing ion channels,1
2673,ITD,Other,1,12,Acid-sensing ion channels,1
2674,PK2,Other,1,12,Acid-sensing ion channels,1
2675,FGD5,Other,1,12,TRP channels,1
2676,MGAT5,Other,1,12,Integrin mechanotransduction,1
2677,EBV,Other,1,12,Integrin mechanotransduction,1
2678,CCL21,Other,1,12,Integrin mechanotransduction,1
2679,RBD,Other,1,12,Gap junction mechanosensitivity,1
2680,BAIBA,Other,1,12,Gap junction mechanosensitivity,1
2681,NBO,Other,1,12,Gap junction mechanosensitivity,1
2682,ULLS,Other,1,12,Gap junction mechanosensitivity,1
2683,PRKN,Other,1,12,Lipid-mediated mechanotransduction,1
2684,NME3,Other,1,12,Lipid-mediated mechanotransduction,1
2685,KCNB2,Kv,1,12,Lipid-mediated mechanotransduction; Ultrasound neuromodulation mechanisms,2
2686,NGB,Other,1,12,Lipid-mediated mechanotransduction,1
2687,REMSD,Other,1,12,Chloride and anion channels,1
2688,SVCT2,Other,1,12,Chloride and anion channels,1
2689,QLJP,Other,1,12,Natriuretic peptide signaling,1
2690,VPO1,Other,1,12,Natriuretic peptide signaling,1
2691,TRKB,Other,1,12,Natriuretic peptide signaling,1
2692,PACG,Other,1,12,Ultrasound neuromodulation mechanisms,1
2693,REX,Other,1,11,Mechanotransduction signaling,1
2694,DVS,Other,1,11,Mechanotransduction signaling,1
2695,MCH,Other,1,11,Inward rectifier potassium channels,1
2696,KCTD2,Other,1,11,Inward rectifier potassium channels,1
2697,SOP,Other,1,11,Voltage-gated sodium channels,1
2698,SENP1,Other,1,11,Voltage-gated sodium channels,1
2699,GLYAT,Other,1,11,TRP channels,1
2700,MADAM,Other,1,11,TRP channels,1
2701,TAI,Other,1,11,Integrin mechanotransduction,1
2702,LMNXD,Other,1,11,Integrin mechanotransduction,1
2703,POTS,Other,1,11,Integrin mechanotransduction,1
2704,TGFBI,Other,1,11,Integrin mechanotransduction,1
2705,MRL,Other,1,11,Gap junction mechanosensitivity,1
2706,KRG,Other,1,11,Gap junction mechanosensitivity,1
2707,BYHWD,Other,1,11,Gap junction mechanosensitivity,1
2708,RABV,Other,1,11,Lipid-mediated mechanotransduction,1
2709,GDE4,Other,1,11,Lipid-mediated mechanotransduction,1
2710,DDHD1,Other,1,11,Lipid-mediated mechanotransduction,1
2711,IAT,Other,1,11,Lipid-mediated mechanotransduction,1
2712,VAL,Other,1,11,Natriuretic peptide signaling,1
2713,SIRT2,Other,1,11,Natriuretic peptide signaling,1
2714,EPS,Other,1,11,Natriuretic peptide signaling,1
2715,ASV,Other,1,11,Natriuretic peptide signaling,1
2716,BJR,Other,1,11,Natriuretic peptide signaling,1
2717,BCA,Other,1,11,Natriuretic peptide signaling,1
2718,IPN,Other,1,10,Mechanosensitive ion channels; Mechanotransduction signaling,2
2719,HPV,Other,1,10,Mechanosensitive ion channels,1
2720,LOXHD1,Other,1,10,Mechanosensitive ion channels; Mechanotransduction signaling,2
2721,FSCV,Other,1,10,Gap junction mechanosensitivity; Mechanosensitive ion channels,2
2722,BOP,Other,1,10,Mechanosensitive ion channels,1
2723,BON,Other,1,10,Mechanosensitive ion channels; Mechanotransduction signaling,2
2724,OHB,Other,1,10,Mechanotransduction signaling,1
2725,MEN,Other,1,10,Mechanotransduction signaling,1
2726,SERTM2,Other,1,10,Two-pore potassium channels (K2P),1
2727,ITREK,Other,1,10,Two-pore potassium channels (K2P),1
2728,NFAT5,Other,1,10,Inward rectifier potassium channels,1
2729,GABABR,Other,1,10,Inward rectifier potassium channels,1
2730,MTF1,Other,1,10,Voltage-gated calcium channels,1
2731,PFFA,Other,1,10,Voltage-gated calcium channels,1
2732,MBP84,Other,1,10,Voltage-gated calcium channels; Voltage-gated sodium channels,2
2733,PFN,Other,1,10,Voltage-gated calcium channels,1
2734,HSOR,Other,1,10,Voltage-gated calcium channels,1
2735,DKK13,Other,1,10,Voltage-gated sodium channels,1
2736,IT2,Other,1,10,Voltage-gated sodium channels,1
2737,SSIM,Other,1,10,Voltage-gated sodium channels,1
2738,CCK2R,Other,1,10,Acid-sensing ion channels,1
2739,CPLX2,Other,1,10,TRP channels,1
2740,QGAII,Other,1,10,TRP channels,1
2741,CBX8,Other,1,10,TRP channels,1
2742,IKZF1,Other,1,10,Integrin mechanotransduction,1
2743,CXCL2,Other,1,10,Gap junction mechanosensitivity,1
2744,ODS,Other,1,10,Gap junction mechanosensitivity,1
2745,CMEC,Other,1,10,Gap junction mechanosensitivity,1
2746,MESNA,Other,1,10,Lipid-mediated mechanotransduction,1
2747,TCPS,Other,1,10,Lipid-mediated mechanotransduction,1
2748,MBCD,Other,1,10,Lipid-mediated mechanotransduction,1
2749,LMD,Other,1,10,Chloride and anion channels,1
2750,PDE3A,Other,1,10,Natriuretic peptide signaling,1
2751,HLE,Other,1,10,Natriuretic peptide signaling,1
2752,AHA,Other,1,10,Natriuretic peptide signaling,1
2753,RLS,Other,1,10,Natriuretic peptide signaling,1
2754,UCA1,Other,1,10,Natriuretic peptide signaling,1
2755,ALKBH5,Other,1,10,Natriuretic peptide signaling,1
2756,RCT,Other,1,10,Ultrasound neuromodulation mechanisms,1
2757,UIAU,Other,1,10,Ultrasound neuromodulation mechanisms,1
2758,NEK1,Other,1,10,Ultrasound neuromodulation mechanisms,1
2759,SEHIDS,Other,1,10,Ultrasound neuromodulation mechanisms,1
2760,BSM,Other,1,9,Mechanotransduction signaling,1
2761,DELM,Other,1,9,Mechanotransduction signaling,1
2762,MDRS,Other,1,9,Two-pore potassium channels (K2P),1
2763,LIN,Other,1,9,Two-pore potassium channels (K2P),1
2764,ICNS,Other,1,9,Inward rectifier potassium channels; Voltage-gated sodium channels,2
2765,ICN,Other,1,9,Inward rectifier potassium channels; Voltage-gated sodium channels,2
2766,ORL,Other,1,9,Inward rectifier potassium channels,1
2767,CIHH,Other,1,9,Inward rectifier potassium channels,1
2768,ESM,Other,1,9,Voltage-gated calcium channels,1
2769,GUV,Other,1,9,Voltage-gated sodium channels,1
2770,DEAF1,Other,1,9,Voltage-gated sodium channels,1
2771,DEC2,Other,1,9,Voltage-gated sodium channels,1
2772,LIDO,Other,1,9,Voltage-gated sodium channels,1
2773,DMAPP,Other,1,9,TRP channels,1
2774,PAX2,Other,1,9,TRP channels,1
2775,PAX8,Other,1,9,TRP channels,1
2776,ARMS,Other,1,9,TRP channels,1
2777,MVII,Other,1,9,TRP channels,1
2778,VUF,Other,1,9,TRP channels,1
2779,DAAO,Other,1,9,TRP channels,1
2780,ANGPTL4,Other,1,9,Integrin mechanotransduction,1
2781,CD22,Other,1,9,Integrin mechanotransduction,1
2782,TOP2A,Other,1,9,Integrin mechanotransduction,1
2783,PRKD2,Other,1,9,Integrin mechanotransduction,1
2784,ETOH,Other,1,9,Integrin mechanotransduction,1
2785,NT2,Other,1,9,Integrin mechanotransduction,1
2786,IIR,Other,1,9,Integrin mechanotransduction,1
2787,JM2,Other,1,9,Gap junction mechanosensitivity,1
2788,EPM,Other,1,9,Gap junction mechanosensitivity,1
2789,SNC,Other,1,9,Gap junction mechanosensitivity,1
2790,ALBSF,Other,1,9,Gap junction mechanosensitivity,1
2791,PFOA,Other,1,9,Gap junction mechanosensitivity,1
2792,PFOS,Other,1,9,Gap junction mechanosensitivity,1
2793,AGRP,Other,1,9,Gap junction mechanosensitivity,1
2794,CD39,Other,1,9,Gap junction mechanosensitivity,1
2795,QTP,Other,1,9,Gap junction mechanosensitivity,1
2796,DNLA,Other,1,9,Gap junction mechanosensitivity,1
2797,LDN,Other,1,9,Gap junction mechanosensitivity,1
2798,DZXYS,Other,1,9,Lipid-mediated mechanotransduction,1
2799,OPHN1,Other,1,9,Lipid-mediated mechanotransduction,1
2800,CLIP,Other,1,9,Lipid-mediated mechanotransduction,1
2801,CDP,Other,1,9,Lipid-mediated mechanotransduction,1
2802,MND,Other,1,9,Lipid-mediated mechanotransduction,1
2803,MONNA,Other,1,9,Chloride and anion channels,1
2804,PACAPR,Other,1,9,Chloride and anion channels,1
2805,CLN2,Other,1,9,Chloride and anion channels,1
2806,AOSLO,Other,1,9,Chloride and anion channels,1
2807,IGFBP7,Other,1,9,Natriuretic peptide signaling,1
2808,SIMD,Other,1,9,Natriuretic peptide signaling,1
2809,FLU,Other,1,9,Natriuretic peptide signaling,1
2810,TRV,Other,1,9,Natriuretic peptide signaling,1
2811,QSHWC,Other,1,9,Natriuretic peptide signaling,1
2812,PPARA,Other,1,9,Natriuretic peptide signaling,1
2813,DBD,Other,1,9,Natriuretic peptide signaling,1
2814,SRA1,Other,1,9,Natriuretic peptide signaling,1
2815,GSNOR,Other,1,9,Natriuretic peptide signaling,1
2816,ABCC9,Other,1,9,Natriuretic peptide signaling,1
2817,SCAD,Other,1,9,Ultrasound neuromodulation mechanisms,1
2818,MADCE,Other,1,9,Ultrasound neuromodulation mechanisms,1
2819,AVH,Other,1,9,Ultrasound neuromodulation mechanisms,1
2820,CUR,Other,1,9,Ultrasound neuromodulation mechanisms,1
2821,REBOA,Other,1,9,Ultrasound neuromodulation mechanisms,1
2822,LBCL,Other,1,9,Ultrasound neuromodulation mechanisms,1
2823,GCLC,Other,1,8,Mechanosensitive ion channels; Mechanotransduction signaling,2
2824,PGA,Other,1,8,Mechanosensitive ion channels; Mechanotransduction signaling,2
2825,BBR,Other,1,8,Mechanosensitive ion channels; Mechanotransduction signaling,2
2826,TRI,Other,1,8,Mechanosensitive ion channels; Mechanotransduction signaling; TRP channels; Two-pore potassium channels (K2P),4
2827,CEA,Other,1,8,Mechanosensitive ion channels; Ultrasound neuromodulation mechanisms,2
2828,TPRN,Other,1,8,Mechanotransduction signaling,1
2829,KDM5B,Other,1,8,Mechanotransduction signaling,1
2830,NAR,Other,1,8,Mechanotransduction signaling,1
2831,FFL,Other,1,8,Mechanotransduction signaling; Two-pore potassium channels (K2P),2
2832,PIC,Other,1,8,Mechanotransduction signaling; TRP channels,2
2833,TBEV,Other,1,8,Two-pore potassium channels (K2P),1
2834,CX3,Connexin,1,8,Two-pore potassium channels (K2P),1
2835,POPDC1,Other,1,8,Two-pore potassium channels (K2P),1
2836,AC9,Other,1,8,Two-pore potassium channels (K2P),1
2837,ANC,Other,1,8,Two-pore potassium channels (K2P),1
2838,IVR,Other,1,8,Two-pore potassium channels (K2P),1
2839,CLIC1,Other,1,8,Two-pore potassium channels (K2P),1
2840,RTXI,Other,1,8,Inward rectifier potassium channels,1
2841,SNX27,Other,1,8,Inward rectifier potassium channels,1
2842,CIRK,Other,1,8,Inward rectifier potassium channels,1
2843,RGS9,Other,1,8,Inward rectifier potassium channels,1
2844,VCID,Other,1,8,Inward rectifier potassium channels,1
2845,LHA,Other,1,8,Inward rectifier potassium channels,1
2846,AHL,Other,1,8,Voltage-gated calcium channels,1
2847,DSLF,Other,1,8,Voltage-gated calcium channels,1
2848,LPN,Other,1,8,Voltage-gated calcium channels,1
2849,MURC,Other,1,8,Lipid-mediated mechanotransduction; Voltage-gated calcium channels,2
2850,SPON,Other,1,8,Voltage-gated calcium channels,1
2851,CII,Other,1,8,Voltage-gated sodium channels,1
2852,HGG,Other,1,8,Voltage-gated sodium channels,1
2853,GEDC,Other,1,8,Voltage-gated sodium channels,1
2854,PCYOX1L,Other,1,8,Acid-sensing ion channels,1
2855,RCF,Other,1,8,Acid-sensing ion channels,1
2856,PBPK,Other,1,8,Acid-sensing ion channels,1
2857,BNC1,Other,1,8,Acid-sensing ion channels,1
2858,MOPM,Other,1,8,TRP channels,1
2859,FIH,Other,1,8,TRP channels,1
2860,PFA,Other,1,8,TRP channels,1
2861,UVA,Other,1,8,TRP channels,1
2862,BIPN,Other,1,8,TRP channels,1
2863,BLOC,Other,1,8,TRP channels,1
2864,COPA,Other,1,8,TRP channels,1
2865,KV11,Other,1,8,TRP channels,1
2866,SNO,Other,1,8,TRP channels,1
2867,MAGI1,Other,1,8,Integrin mechanotransduction,1
2868,UBE3A,Other,1,8,Integrin mechanotransduction,1
2869,IGFBP2,Other,1,8,Integrin mechanotransduction,1
2870,HFMD,Other,1,8,Integrin mechanotransduction,1
2871,RSD,Other,1,8,Integrin mechanotransduction,1
2872,HEXB,Other,1,8,Integrin mechanotransduction,1
2873,IGSF10,Other,1,8,Integrin mechanotransduction,1
2874,HOXA10,Other,1,8,Integrin mechanotransduction,1
2875,PTX3,Other,1,8,Integrin mechanotransduction,1
2876,HTNV,Other,1,8,Integrin mechanotransduction,1
2877,BPZ,Other,1,8,Gap junction mechanosensitivity,1
2878,GKO,Other,1,8,Lipid-mediated mechanotransduction,1
2879,PITP,Other,1,8,Lipid-mediated mechanotransduction,1
2880,HN2,Other,1,8,Lipid-mediated mechanotransduction,1
2881,AGNHW,Other,1,8,Lipid-mediated mechanotransduction,1
2882,GGF2,Other,1,8,Lipid-mediated mechanotransduction,1
2883,SYVN1,Other,1,8,Lipid-mediated mechanotransduction,1
2884,CHR,Other,1,8,Lipid-mediated mechanotransduction,1
2885,ITPR1,Other,1,8,Chloride and anion channels,1
2886,IDE,Other,1,8,Natriuretic peptide signaling,1
2887,IDCM,Other,1,8,Natriuretic peptide signaling,1
2888,PST,Other,1,8,Natriuretic peptide signaling,1
2889,CPPS,Other,1,8,Natriuretic peptide signaling,1
2890,TORREY,Other,1,8,Natriuretic peptide signaling,1
2891,LAE,Other,1,8,Natriuretic peptide signaling,1
2892,SVEP1,Other,1,8,Natriuretic peptide signaling,1
2893,MLB,Other,1,8,Natriuretic peptide signaling,1
2894,LAAC,Other,1,8,Natriuretic peptide signaling,1
2895,DCLK1,Other,1,8,Ultrasound neuromodulation mechanisms,1
2896,LIUS,Other,1,8,Ultrasound neuromodulation mechanisms,1
2897,FHD,Other,1,8,Ultrasound neuromodulation mechanisms,1
2898,SPHK1,Other,1,8,Ultrasound neuromodulation mechanisms,1
2899,RVG,Other,1,8,Ultrasound neuromodulation mechanisms,1
2900,TTBK2,Other,1,8,Ultrasound neuromodulation mechanisms,1
2901,OLA,Other,1,8,Ultrasound neuromodulation mechanisms,1
2902,LTL,Other,1,8,Ultrasound neuromodulation mechanisms,1
2903,DOT1L,Other,1,7,Mechanotransduction signaling,1
2904,TET3,Other,1,7,Mechanotransduction signaling,1
2905,TACAN,Other,1,7,Mechanotransduction signaling,1
2906,EMI,Other,1,7,Mechanotransduction signaling,1
2907,SNAP23,Other,1,7,Mechanotransduction signaling,1
2908,FMR,Other,1,7,Mechanotransduction signaling,1
2909,LGP,Other,1,7,Two-pore potassium channels (K2P),1
2910,SID,Other,1,7,Two-pore potassium channels (K2P),1
2911,RIFT,Other,1,7,Two-pore potassium channels (K2P),1
2912,DSZ,Other,1,7,Two-pore potassium channels (K2P),1
2913,PTPRB,Other,1,7,Inward rectifier potassium channels,1
2914,GJA5,Connexin,1,7,Inward rectifier potassium channels,1
2915,TLR9,Other,1,7,Inward rectifier potassium channels,1
2916,TXNIP,Other,1,7,Inward rectifier potassium channels,1
2917,HCII,Other,1,7,Inward rectifier potassium channels,1
2918,AZIN2,Other,1,7,Inward rectifier potassium channels,1
2919,FBC,Other,1,7,Inward rectifier potassium channels,1
2920,DCS,Other,1,7,Voltage-gated calcium channels,1
2921,AME,Other,1,7,Voltage-gated calcium channels,1
2922,CVIE,Other,1,7,Voltage-gated calcium channels,1
2923,CVIF,Other,1,7,Voltage-gated calcium channels,1
2924,TIIA,Other,1,7,Voltage-gated sodium channels,1
2925,DMG,Other,1,7,Voltage-gated sodium channels,1
2926,NHE1,Other,1,7,Voltage-gated sodium channels,1
2927,AOP,Other,1,7,Voltage-gated sodium channels,1
2928,LRRC37B,Other,1,7,Voltage-gated sodium channels,1
2929,LAEP,Other,1,7,Voltage-gated sodium channels,1
2930,MSU,Other,1,7,Acid-sensing ion channels,1
2931,PKU,Other,1,7,Acid-sensing ion channels,1
2932,MDEG,Other,1,7,Acid-sensing ion channels,1
2933,CART,Other,1,7,TRP channels,1
2934,VILI,Other,1,7,TRP channels,1
2935,VTX,Other,1,7,TRP channels,1
2936,SIBO,Other,1,7,TRP channels,1
2937,ANKMY2,Other,1,7,TRP channels,1
2938,BORC,Other,1,7,TRP channels,1
2939,MSI2,Other,1,7,TRP channels,1
2940,CAPKD,Other,1,7,TRP channels,1
2941,XBP1,Other,1,7,TRP channels,1
2942,SMS1,Other,1,7,TRP channels,1
2943,QKL,Other,1,7,TRP channels,1
2944,FWDG,Other,1,7,TRP channels,1
2945,DNMT3A,Other,1,7,Integrin mechanotransduction,1
2946,ATG9A,Other,1,7,Integrin mechanotransduction,1
2947,TBK1,Other,1,7,Integrin mechanotransduction,1
2948,WTAP,Other,1,7,Integrin mechanotransduction,1
2949,ALC,Other,1,7,Integrin mechanotransduction,1
2950,EFA6,Other,1,7,Integrin mechanotransduction,1
2951,MNT1,Other,1,7,Integrin mechanotransduction,1
2952,SARM1,Other,1,7,Gap junction mechanosensitivity,1
2953,PMBSF,Other,1,7,Gap junction mechanosensitivity,1
2954,HMGB,Other,1,7,Gap junction mechanosensitivity,1
2955,IONI,Other,1,7,Gap junction mechanosensitivity,1
2956,NAMPT,Other,1,7,Lipid-mediated mechanotransduction,1
2957,DIP2,Other,1,7,Lipid-mediated mechanotransduction,1
2958,CBPG,Other,1,7,Lipid-mediated mechanotransduction,1
2959,PLTM,Other,1,7,Lipid-mediated mechanotransduction,1
2960,CHQ,Other,1,7,Lipid-mediated mechanotransduction,1
2961,JEV,Other,1,7,Lipid-mediated mechanotransduction,1
2962,CEC,Other,1,7,Lipid-mediated mechanotransduction,1
2963,ECKO,Other,1,7,Lipid-mediated mechanotransduction,1
2964,MMT,Other,1,7,Lipid-mediated mechanotransduction,1
2965,CLIC4,Other,1,7,Lipid-mediated mechanotransduction,1
2966,VWA,Other,1,7,Chloride and anion channels,1
2967,MSC1,Other,1,7,Chloride and anion channels,1
2968,BAALC,Other,1,7,Natriuretic peptide signaling,1
2969,LRRP,Other,1,7,Natriuretic peptide signaling,1
2970,PGRN,Other,1,7,Natriuretic peptide signaling,1
2971,CYLD,Other,1,7,Natriuretic peptide signaling,1
2972,CLO,Other,1,7,Natriuretic peptide signaling,1
2973,LGZG,Other,1,7,Natriuretic peptide signaling,1
2974,MCT,Other,1,7,Natriuretic peptide signaling,1
2975,BOE,Other,1,7,Natriuretic peptide signaling,1
2976,GRD,Other,1,7,Natriuretic peptide signaling,1
2977,POST,Other,1,7,Natriuretic peptide signaling,1
2978,IFI,Other,1,7,Ultrasound neuromodulation mechanisms,1
2979,IRF7,Other,1,7,Ultrasound neuromodulation mechanisms,1
2980,FFR,Other,1,7,Ultrasound neuromodulation mechanisms,1
2981,KCTD1,Other,1,7,Ultrasound neuromodulation mechanisms,1
2982,OSBPL2,Other,1,7,Ultrasound neuromodulation mechanisms,1
2983,DHM,Other,1,7,Ultrasound neuromodulation mechanisms,1
2984,MSAN,Other,1,6,Mechanosensitive ion channels; TRP channels,2
2985,ENPC,Other,1,6,Mechanosensitive ion channels; Mechanotransduction signaling,2
2986,MFR,Other,1,6,Mechanosensitive ion channels; Mechanotransduction signaling,2
2987,GPR39,Other,1,6,Mechanosensitive ion channels; Mechanotransduction signaling,2
2988,OLL,Other,1,6,Mechanosensitive ion channels; TRP channels,2
2989,DMPS,Other,1,6,Mechanosensitive ion channels,1
2990,MO3,Other,1,6,Mechanosensitive ion channels; Mechanotransduction signaling,2
2991,PASM,Other,1,6,Mechanosensitive ion channels; TRP channels,2
2992,BCAA,Other,1,6,Mechanotransduction signaling,1
2993,LFV,Other,1,6,Mechanotransduction signaling,1
2994,MYO15A,Other,1,6,Mechanotransduction signaling,1
2995,EPE,Other,1,6,Mechanotransduction signaling; TRP channels,2
2996,PLN,Other,1,6,Mechanotransduction signaling,1
2997,HBM,Other,1,6,Mechanotransduction signaling,1
2998,PDNP,Other,1,6,Two-pore potassium channels (K2P),1
2999,DYRK2,Other,1,6,Inward rectifier potassium channels; Two-pore potassium channels (K2P),2
3000,HTTLPR,Other,1,6,Two-pore potassium channels (K2P),1
3001,YOH,Other,1,6,Two-pore potassium channels (K2P),1
3002,ELS,Other,1,6,Two-pore potassium channels (K2P),1
3003,FTG,Other,1,6,Two-pore potassium channels (K2P),1
3004,MSE,Other,1,6,Two-pore potassium channels (K2P),1
3005,NDSZ,Other,1,6,Two-pore potassium channels (K2P),1
3006,BPF,Other,1,6,Two-pore potassium channels (K2P),1
3007,HGB,Other,1,6,Two-pore potassium channels (K2P),1
3008,NOP,Other,1,6,Inward rectifier potassium channels,1
3009,CHI,Other,1,6,Inward rectifier potassium channels,1
3010,DPM,Other,1,6,Inward rectifier potassium channels,1
3011,ERO,Other,1,6,Inward rectifier potassium channels,1
3012,CMRO,Other,1,6,Inward rectifier potassium channels,1
3013,SDF,Other,1,6,Inward rectifier potassium channels,1
3014,RVI,Other,1,6,Chloride and anion channels; Inward rectifier potassium channels,2
3015,SHED,Other,1,6,Inward rectifier potassium channels,1
3016,MAEP,Other,1,6,Inward rectifier potassium channels,1
3017,GNG4,Other,1,6,Inward rectifier potassium channels,1
3018,CFZ,Other,1,6,Inward rectifier potassium channels,1
3019,GET,Other,1,6,Inward rectifier potassium channels,1
3020,MEST,Other,1,6,Voltage-gated calcium channels,1
3021,DHPM,Other,1,6,Voltage-gated calcium channels,1
3022,RIN,Other,1,6,Voltage-gated calcium channels,1
3023,PRAX,Other,1,6,Voltage-gated calcium channels,1
3024,ARH,Other,1,6,Voltage-gated calcium channels,1
3025,KLHL1,Other,1,6,Voltage-gated calcium channels,1
3026,BGMT,Other,1,6,Voltage-gated calcium channels,1
3027,VLPO,Other,1,6,Voltage-gated calcium channels,1
3028,GSNO,Other,1,6,Voltage-gated calcium channels,1
3029,GRY,Other,1,6,Voltage-gated calcium channels,1
3030,PVH,Other,1,6,Voltage-gated calcium channels,1
3031,SP6,Other,1,6,Voltage-gated sodium channels,1
3032,LVNC,Other,1,6,Natriuretic peptide signaling; Voltage-gated sodium channels,2
3033,EBCC,Other,1,6,Voltage-gated sodium channels,1
3034,SAI,Other,1,6,Voltage-gated sodium channels,1
3035,CND,Other,1,6,Voltage-gated sodium channels,1
3036,LBN,Other,1,6,Voltage-gated sodium channels,1
3037,SVHRSP,Other,1,6,Voltage-gated sodium channels,1
3038,NERD,Other,1,6,Acid-sensing ion channels,1
3039,RUPP,Other,1,6,Acid-sensing ion channels,1
3040,MDEG1,Other,1,6,Acid-sensing ion channels,1
3041,LFU,Other,1,6,TRP channels,1
3042,SAHA,Other,1,6,TRP channels,1
3043,ZBTB20,Other,1,6,TRP channels,1
3044,CAPN2,Other,1,6,TRP channels,1
3045,NIX,Other,1,6,TRP channels,1
3046,RONS,Other,1,6,TRP channels,1
3047,ALKAL2,Other,1,6,TRP channels,1
3048,ALK,Other,1,6,TRP channels,1
3049,HMC,Other,1,6,TRP channels,1
3050,ASAH,Other,1,6,TRP channels,1
3051,TACSTD2,Other,1,6,TRP channels,1
3052,SDCCAG3,Other,1,6,TRP channels,1
3053,ACKD,Other,1,6,TRP channels,1
3054,DCKA,Other,1,6,TRP channels,1
3055,VCI,Other,1,6,TRP channels,1
3056,MBST,Other,1,6,TRP channels,1
3057,CIPNP,Other,1,6,TRP channels,1
3058,ASNA,Other,1,6,TRP channels,1
3059,JAMC,Other,1,6,Integrin mechanotransduction,1
3060,PPM1F,Other,1,6,Integrin mechanotransduction,1
3061,JAM2,Other,1,6,Integrin mechanotransduction,1
3062,CRACR2A,Other,1,6,Integrin mechanotransduction,1
3063,ITMRS,Other,1,6,Integrin mechanotransduction,1
3064,GDYO,Other,1,6,Integrin mechanotransduction,1
3065,KRIT1,Other,1,6,Integrin mechanotransduction,1
3066,PCF,Other,1,6,Integrin mechanotransduction,1
3067,GPVI,Other,1,6,Integrin mechanotransduction,1
3068,VCL,Other,1,6,Integrin mechanotransduction,1
3069,RIC8A,Other,1,6,Integrin mechanotransduction,1
3070,GBO,Other,1,6,Integrin mechanotransduction,1
3071,UBD,Other,1,6,Integrin mechanotransduction,1
3072,LCT,Other,1,6,Integrin mechanotransduction,1
3073,WASL,Other,1,6,Integrin mechanotransduction,1
3074,PTN,Other,1,6,Integrin mechanotransduction,1
3075,PVRL4,Other,1,6,Integrin mechanotransduction,1
3076,ROP18,Other,1,6,Integrin mechanotransduction,1
3077,BEX2,Other,1,6,Integrin mechanotransduction,1
3078,SNT,Other,1,6,Integrin mechanotransduction,1
3079,FKN,Other,1,6,Gap junction mechanosensitivity,1
3080,ACKR3,Other,1,6,Gap junction mechanosensitivity,1
3081,ERCC1,Other,1,6,Gap junction mechanosensitivity,1
3082,VENLA,Other,1,6,Gap junction mechanosensitivity,1
3083,GPR37,Other,1,6,Chloride and anion channels; Gap junction mechanosensitivity,2
3084,MHC1,Other,1,6,Gap junction mechanosensitivity,1
3085,NKX2,Other,1,6,Gap junction mechanosensitivity,1
3086,BHB,Other,1,6,Gap junction mechanosensitivity,1
3087,NAPS,Other,1,6,Lipid-mediated mechanotransduction,1
3088,PRKA,Other,1,6,Lipid-mediated mechanotransduction,1
3089,NAAA,Other,1,6,Lipid-mediated mechanotransduction,1
3090,MGLL,Other,1,6,Lipid-mediated mechanotransduction,1
3091,EOAD,Other,1,6,Lipid-mediated mechanotransduction,1
3092,SPMT,Other,1,6,Lipid-mediated mechanotransduction,1
3093,STEEP,Other,1,6,Lipid-mediated mechanotransduction,1
3094,ARFRP1,Other,1,6,Lipid-mediated mechanotransduction,1
3095,CAMK2,Other,1,6,Lipid-mediated mechanotransduction,1
3096,CEDI,Other,1,6,Lipid-mediated mechanotransduction,1
3097,CNM,Other,1,6,Lipid-mediated mechanotransduction,1
3098,EPAC,Other,1,6,Lipid-mediated mechanotransduction,1
3099,GPC1,Other,1,6,Lipid-mediated mechanotransduction,1
3100,AIBP,Other,1,6,Lipid-mediated mechanotransduction,1
3101,JP2,Other,1,6,Lipid-mediated mechanotransduction,1
3102,IL13,Other,1,6,Chloride and anion channels,1
3103,VSOR,Other,1,6,Chloride and anion channels,1
3104,ANO5,Chloride,1,6,Chloride and anion channels,1
3105,BAF,Other,1,6,Chloride and anion channels,1
3106,GUCY2D,Other,1,6,Chloride and anion channels,1
3107,TEP,Other,1,6,Chloride and anion channels,1
3108,TPP1,Other,1,6,Chloride and anion channels,1
3109,LBM,Other,1,6,Natriuretic peptide signaling,1
3110,NFIX,Other,1,6,Natriuretic peptide signaling,1
3111,SDCN,Other,1,6,Natriuretic peptide signaling,1
3112,IJP,Other,1,6,Natriuretic peptide signaling,1
3113,GIT,Other,1,6,Natriuretic peptide signaling,1
3114,GCAP,Other,1,6,Natriuretic peptide signaling,1
3115,MEL,Other,1,6,Natriuretic peptide signaling,1
3116,UCN2,Other,1,6,Natriuretic peptide signaling,1
3117,CBR3,Other,1,6,Natriuretic peptide signaling,1
3118,PACE4,Other,1,6,Natriuretic peptide signaling,1
3119,PIMS,Other,1,6,Natriuretic peptide signaling,1
3120,NPTX,Other,1,6,Natriuretic peptide signaling,1
3121,SHOX,Other,1,6,Natriuretic peptide signaling,1
3122,LWD,Other,1,6,Natriuretic peptide signaling,1
3123,AAR,Other,1,6,Natriuretic peptide signaling,1
3124,MHE,Other,1,6,Natriuretic peptide signaling,1
3125,SEMA3A,Other,1,6,Natriuretic peptide signaling,1
3126,TRJV,Other,1,6,Natriuretic peptide signaling,1
3127,XYP,Other,1,6,Natriuretic peptide signaling,1
3128,PPCM,Other,1,6,Natriuretic peptide signaling,1
3129,RVEF,Other,1,6,Natriuretic peptide signaling,1
3130,LEVO,Other,1,6,Natriuretic peptide signaling,1
3131,PRE,Other,1,6,Natriuretic peptide signaling,1
3132,PPGL,Other,1,6,Natriuretic peptide signaling,1
3133,FDM,Other,1,6,Ultrasound neuromodulation mechanisms,1
3134,CRFI,Other,1,6,Ultrasound neuromodulation mechanisms,1
3135,NDE,Other,1,6,Ultrasound neuromodulation mechanisms,1
3136,TTTS,Other,1,6,Ultrasound neuromodulation mechanisms,1
3137,EIB,Other,1,6,Ultrasound neuromodulation mechanisms,1
3138,CH1,Other,1,6,Ultrasound neuromodulation mechanisms,1
3139,NBP,Other,1,6,Ultrasound neuromodulation mechanisms,1
3140,HELLS,Other,1,6,Ultrasound neuromodulation mechanisms,1
3141,BBBO,Other,1,6,Ultrasound neuromodulation mechanisms,1
3142,MTR,Other,1,6,Ultrasound neuromodulation mechanisms,1
3143,SNHG17,Other,1,6,Ultrasound neuromodulation mechanisms,1
3144,PHA,Other,1,6,Ultrasound neuromodulation mechanisms,1
3145,KLS,Other,1,6,Ultrasound neuromodulation mechanisms,1
3146,AER,Other,1,6,Ultrasound neuromodulation mechanisms,1
3147,MPG,Other,1,6,Ultrasound neuromodulation mechanisms,1
3148,TMEM,Other,1,5,Mechanosensitive ion channels; Mechanotransduction signaling; TRP channels; Two-pore potassium channels (K2P),4
3149,MRGPRD,Other,1,5,Mechanosensitive ion channels; Ultrasound neuromodulation mechanisms,2
3150,HTR1A,Other,1,5,Mechanosensitive ion channels; Two-pore potassium channels (K2P),2
3151,DASPEI,Other,1,5,Mechanotransduction signaling,1
3152,EMAP,Other,1,5,Mechanotransduction signaling,1
3153,LRO,Other,1,5,Mechanotransduction signaling,1
3154,APJ,Other,1,5,Mechanotransduction signaling,1
3155,HERG1,Other,1,5,Inward rectifier potassium channels; Two-pore potassium channels (K2P),2
3156,TM3,Other,1,5,Lipid-mediated mechanotransduction; Two-pore potassium channels (K2P),2
3157,KPL,Other,1,5,Two-pore potassium channels (K2P),1
3158,ORK1,Other,1,5,Two-pore potassium channels (K2P),1
3159,DMSL,Other,1,5,Two-pore potassium channels (K2P),1
3160,ECI,Other,1,5,Two-pore potassium channels (K2P),1
3161,EX1,Other,1,5,Two-pore potassium channels (K2P),1
3162,IQD,Other,1,5,Two-pore potassium channels (K2P),1
3163,ITSEF,Other,1,5,Two-pore potassium channels (K2P),1
3164,CPX,Other,1,5,Two-pore potassium channels (K2P),1
3165,BFC,Other,1,5,Two-pore potassium channels (K2P),1
3166,ATS,Other,1,5,Inward rectifier potassium channels,1
3167,BBEC,Other,1,5,Inward rectifier potassium channels,1
3168,VLPAG,Other,1,5,Inward rectifier potassium channels,1
3169,CBGA,Other,1,5,Voltage-gated calcium channels,1
3170,IFB,Other,1,5,Voltage-gated calcium channels,1
3171,SWE,Other,1,5,Voltage-gated calcium channels,1
3172,RVL,Other,1,5,Voltage-gated calcium channels,1
3173,NMU,Other,1,5,Voltage-gated calcium channels,1
3174,GBMF,Other,1,5,Voltage-gated calcium channels,1
3175,LMO4,Other,1,5,Voltage-gated calcium channels,1
3176,EDG2,Other,1,5,Voltage-gated sodium channels,1
3177,HBOT,Other,1,5,Voltage-gated sodium channels,1
3178,DCHS1,Other,1,5,Voltage-gated sodium channels,1
3179,WEE1,Other,1,5,Voltage-gated sodium channels,1
3180,YWI92,Other,1,5,Voltage-gated sodium channels,1
3181,AIDP,Other,1,5,Voltage-gated sodium channels,1
3182,ASO,Other,1,5,Voltage-gated sodium channels,1
3183,SAS,Other,1,5,Acid-sensing ion channels,1
3184,TRAM34,Other,1,5,TRP channels,1
3185,SQW,Other,1,5,TRP channels,1
3186,PTE,Other,1,5,TRP channels,1
3187,HCQ,Other,1,5,TRP channels,1
3188,SDF2,Other,1,5,TRP channels,1
3189,CTSK,Other,1,5,TRP channels,1
3190,CLCN1,Chloride,1,5,TRP channels,1
3191,STAM,Other,1,5,TRP channels,1
3192,HNPCE,Other,1,5,TRP channels,1
3193,PTBE,Other,1,5,TRP channels,1
3194,THR,Other,1,5,Integrin mechanotransduction,1
3195,TNS,Other,1,5,Integrin mechanotransduction,1
3196,IGFBP,Other,1,5,Integrin mechanotransduction,1
3197,FIRE,Other,1,5,Integrin mechanotransduction,1
3198,NDR2,Other,1,5,Integrin mechanotransduction,1
3199,LGMN,Other,1,5,Integrin mechanotransduction,1
3200,IQGAP1,Other,1,5,Integrin mechanotransduction,1
3201,NWASP,Other,1,5,Integrin mechanotransduction,1
3202,AOAH,Other,1,5,Integrin mechanotransduction,1
3203,FOXM1,Other,1,5,Integrin mechanotransduction,1
3204,CD71,Other,1,5,Integrin mechanotransduction,1
3205,TTR,Other,1,5,Integrin mechanotransduction,1
3206,AKAP7,Other,1,5,Integrin mechanotransduction,1
3207,KICSTOR,Other,1,5,Integrin mechanotransduction,1
3208,BPAD,Other,1,5,Integrin mechanotransduction,1
3209,CDX,Other,1,5,Integrin mechanotransduction,1
3210,MIG,Other,1,5,Integrin mechanotransduction,1
3211,GFAT2,Other,1,5,Integrin mechanotransduction,1
3212,LPA1R,Other,1,5,Gap junction mechanosensitivity,1
3213,KID,Other,1,5,Gap junction mechanosensitivity,1
3214,AGM,Other,1,5,Gap junction mechanosensitivity,1
3215,PME,Other,1,5,Gap junction mechanosensitivity,1
3216,GJA8,Connexin,1,5,Gap junction mechanosensitivity,1
3217,KCNH6,Other,1,5,Gap junction mechanosensitivity,1
3218,CMTES,Other,1,5,Gap junction mechanosensitivity,1
3219,CIR,Other,1,5,Gap junction mechanosensitivity,1
3220,IE1,Other,1,5,Gap junction mechanosensitivity,1
3221,PND28,Other,1,5,Gap junction mechanosensitivity,1
3222,URB,Other,1,5,Lipid-mediated mechanotransduction,1
3223,OLZ,Other,1,5,Lipid-mediated mechanotransduction,1
3224,GEXO,Other,1,5,Lipid-mediated mechanotransduction,1
3225,EEV,Other,1,5,Lipid-mediated mechanotransduction,1
3226,CD82,Other,1,5,Lipid-mediated mechanotransduction,1
3227,SS2,Other,1,5,Lipid-mediated mechanotransduction,1
3228,KCNA5,Kv,1,5,Lipid-mediated mechanotransduction,1
3229,GEPR,Other,1,5,Chloride and anion channels,1
3230,WAS,Other,1,5,Chloride and anion channels,1
3231,AEPVM,Other,1,5,Chloride and anion channels,1
3232,PEPVM,Other,1,5,Chloride and anion channels,1
3233,FCE,Other,1,5,Chloride and anion channels,1
3234,UUO,Other,1,5,Natriuretic peptide signaling,1
3235,NPRL3,Other,1,5,Natriuretic peptide signaling,1
3236,ISF,Other,1,5,Natriuretic peptide signaling,1
3237,REVEAL,Other,1,5,Natriuretic peptide signaling,1
3238,ZSF1,Other,1,5,Natriuretic peptide signaling,1
3239,ROCKI,Other,1,5,Natriuretic peptide signaling,1
3240,VAC,Other,1,5,Natriuretic peptide signaling,1
3241,STRONG,Other,1,5,Natriuretic peptide signaling,1
3242,NARP,Other,1,5,Natriuretic peptide signaling,1
3243,ISS,Other,1,5,Natriuretic peptide signaling,1
3244,GPNT,Other,1,5,Natriuretic peptide signaling,1
3245,MRN,Other,1,5,Natriuretic peptide signaling,1
3246,FSI,Other,1,5,Natriuretic peptide signaling,1
3247,MLA,Other,1,5,Natriuretic peptide signaling,1
3248,CRR,Other,1,5,Natriuretic peptide signaling,1
3249,FOREST,Other,1,5,Natriuretic peptide signaling,1
3250,CHGB,Other,1,5,Natriuretic peptide signaling,1
3251,SDMA,Other,1,5,Natriuretic peptide signaling,1
3252,DXM,Other,1,5,Natriuretic peptide signaling,1
3253,INTRA,Other,1,5,Natriuretic peptide signaling,1
3254,DOB,Other,1,5,Natriuretic peptide signaling,1
3255,PFL,Other,1,5,Ultrasound neuromodulation mechanisms,1
3256,DOC,Other,1,5,Ultrasound neuromodulation mechanisms,1
3257,TENS,Other,1,5,Ultrasound neuromodulation mechanisms,1
3258,RNT,Other,1,5,Ultrasound neuromodulation mechanisms,1
3259,HBV,Other,1,5,Ultrasound neuromodulation mechanisms,1
3260,SAINT,Other,1,5,Ultrasound neuromodulation mechanisms,1
3261,BBHS,Other,1,5,Ultrasound neuromodulation mechanisms,1
3262,AMDD,Other,1,5,Ultrasound neuromodulation mechanisms,1
3263,ACO,Other,1,5,Ultrasound neuromodulation mechanisms,1
3264,AMPI,Other,1,5,Ultrasound neuromodulation mechanisms,1
3265,SNUPN,Other,1,5,Ultrasound neuromodulation mechanisms,1
3266,CMKLR1,Other,1,5,Ultrasound neuromodulation mechanisms,1
3267,BCW,Other,1,5,Ultrasound neuromodulation mechanisms,1
3268,KCNH1,Other,1,5,Ultrasound neuromodulation mechanisms,1
3269,HT6R,Other,1,5,Ultrasound neuromodulation mechanisms,1
3270,SECONIC,Other,1,5,Ultrasound neuromodulation mechanisms,1
3271,HAE,Other,1,5,Ultrasound neuromodulation mechanisms,1
3272,MGV,Other,1,5,Ultrasound neuromodulation mechanisms,1
3273,THG,Other,1,5,Ultrasound neuromodulation mechanisms,1
3274,HRF,Other,1,5,Ultrasound neuromodulation mechanisms,1
3275,CDH,Other,1,5,Ultrasound neuromodulation mechanisms,1
3276,SWN,Other,1,4,Mechanosensitive ion channels,1
3277,LAT1,Other,1,4,Mechanosensitive ion channels,1
3278,ARNA,Other,1,4,Mechanosensitive ion channels; TRP channels,2
3279,BCR,Other,1,4,Mechanosensitive ion channels; Mechanotransduction signaling,2
3280,PENK,Other,1,4,Mechanosensitive ion channels,1
3281,CAQKERM,Other,1,4,Mechanosensitive ion channels; TRP channels,2
3282,CAQK,Other,1,4,Mechanosensitive ion channels; TRP channels,2
3283,VLP,Other,1,4,Mechanosensitive ion channels,1
3284,STREX,Other,1,4,Mechanosensitive ion channels,1
3285,LPAL,Other,1,4,Mechanosensitive ion channels,1
3286,PTMB,Other,1,4,Mechanosensitive ion channels; Ultrasound neuromodulation mechanisms,2
3287,VFH,Other,1,4,Mechanosensitive ion channels; TRP channels,2
3288,MICAL1,Other,1,4,Mechanotransduction signaling,1
3289,VAUWE,Other,1,4,Mechanotransduction signaling,1
3290,PCFS,Other,1,4,Mechanotransduction signaling,1
3291,ELKIN1,Other,1,4,Mechanotransduction signaling,1
3292,IRES,Other,1,4,Mechanotransduction signaling,1
3293,SIRT4,Other,1,4,Mechanotransduction signaling,1
3294,FIKS,Other,1,4,Mechanotransduction signaling,1
3295,IFP,Other,1,4,Mechanotransduction signaling,1
3296,HFU,Other,1,4,Mechanotransduction signaling; Ultrasound neuromodulation mechanisms,2
3297,HASM,Other,1,4,Chloride and anion channels; Mechanotransduction signaling,2
3298,OLQ,Other,1,4,Mechanotransduction signaling,1
3299,PKGII,Other,1,4,Mechanotransduction signaling,1
3300,RASGRF2,Other,1,4,Two-pore potassium channels (K2P),1
3301,ARVC5,Other,1,4,Gap junction mechanosensitivity; Two-pore potassium channels (K2P),2
3302,LEC,Other,1,4,Two-pore potassium channels (K2P),1
3303,SRG,Other,1,4,Two-pore potassium channels (K2P),1
3304,RRR,Other,1,4,Two-pore potassium channels (K2P),1
3305,LDC,Other,1,4,Two-pore potassium channels (K2P),1
3306,THIK2,Other,1,4,Two-pore potassium channels (K2P),1
3307,CL1,Other,1,4,Two-pore potassium channels (K2P),1
3308,SAMR1,Other,1,4,Inward rectifier potassium channels; Two-pore potassium channels (K2P),2
3309,CUMSS,Other,1,4,Two-pore potassium channels (K2P),1
3310,CUMSR,Other,1,4,Two-pore potassium channels (K2P),1
3311,PCS,Other,1,4,Two-pore potassium channels (K2P),1
3312,HMN,Other,1,4,Two-pore potassium channels (K2P),1
3313,TUR,Other,1,4,Two-pore potassium channels (K2P),1
3314,SCII,Other,1,4,Two-pore potassium channels (K2P),1
3315,DFI,Other,1,4,Two-pore potassium channels (K2P),1
3316,MICCAI,Other,1,4,Two-pore potassium channels (K2P),1
3317,MMVD,Other,1,4,Two-pore potassium channels (K2P),1
3318,ITPC,Other,1,4,Two-pore potassium channels (K2P),1
3319,DMFF,Other,1,4,Two-pore potassium channels (K2P),1
3320,PSZ,Other,1,4,Two-pore potassium channels (K2P),1
3321,NSZ,Other,1,4,Two-pore potassium channels (K2P),1
3322,GNN,Other,1,4,Two-pore potassium channels (K2P),1
3323,PDM,Other,1,4,Two-pore potassium channels (K2P),1
3324,FER,Other,1,4,Two-pore potassium channels (K2P),1
3325,BA9,Other,1,4,Two-pore potassium channels (K2P),1
3326,OSMEC,Other,1,4,Two-pore potassium channels (K2P),1
3327,TRCA,Other,1,4,Two-pore potassium channels (K2P),1
3328,WCS,Other,1,4,Two-pore potassium channels (K2P),1
3329,UAV,Other,1,4,Two-pore potassium channels (K2P),1
3330,SCR,Other,1,4,Two-pore potassium channels (K2P),1
3331,PSO,Other,1,4,Two-pore potassium channels (K2P),1
3332,SQUID,Other,1,4,Two-pore potassium channels (K2P),1
3333,IHH,Other,1,4,Two-pore potassium channels (K2P),1
3334,DLG,Other,1,4,Two-pore potassium channels (K2P),1
3335,PH3,Other,1,4,Inward rectifier potassium channels,1
3336,SMP30,Other,1,4,Inward rectifier potassium channels,1
3337,RB2,Other,1,4,Inward rectifier potassium channels,1
3338,CLHEP,Other,1,4,Inward rectifier potassium channels,1
3339,ACV,Other,1,4,Inward rectifier potassium channels,1
3340,TYR,Other,1,4,Inward rectifier potassium channels,1
3341,OTN,Other,1,4,Inward rectifier potassium channels,1
3342,NPDR,Other,1,4,Inward rectifier potassium channels,1
3343,NPFF2R,Other,1,4,Inward rectifier potassium channels,1
3344,BBBD,Other,1,4,Inward rectifier potassium channels,1
3345,VGB,Other,1,4,Inward rectifier potassium channels,1
3346,KIR5,Other,1,4,Inward rectifier potassium channels,1
3347,KCO,Other,1,4,Inward rectifier potassium channels,1
3348,SLM,Other,1,4,Voltage-gated calcium channels,1
3349,MMPBSA,Other,1,4,Voltage-gated calcium channels,1
3350,MMGBSA,Other,1,4,Voltage-gated calcium channels,1
3351,NTRK2,Other,1,4,Voltage-gated calcium channels,1
3352,APT,Other,1,4,Voltage-gated calcium channels,1
3353,NNL,Other,1,4,Voltage-gated calcium channels,1
3354,PVI,Other,1,4,Voltage-gated calcium channels,1
3355,MDMB,Other,1,4,Voltage-gated calcium channels,1
3356,CHMICA,Other,1,4,Voltage-gated calcium channels,1
3357,GBP,Other,1,4,Voltage-gated calcium channels,1
3358,DHN,Other,1,4,Voltage-gated calcium channels,1
3359,VLO,Other,1,4,Voltage-gated calcium channels,1
3360,MWE,Other,1,4,Voltage-gated calcium channels,1
3361,LTB,Other,1,4,Voltage-gated calcium channels,1
3362,RMD,Other,1,4,Lipid-mediated mechanotransduction; Voltage-gated calcium channels,2
3363,CTMB,Other,1,4,Voltage-gated sodium channels,1
3364,NUAN,Other,1,4,Chloride and anion channels; Voltage-gated sodium channels,2
3365,ECSW,Other,1,4,Voltage-gated sodium channels,1
3366,REV,Other,1,4,Voltage-gated sodium channels,1
3367,ERB,Other,1,4,Voltage-gated sodium channels,1
3368,KCND2,Kv,1,4,Voltage-gated sodium channels,1
3369,IKM,Other,1,4,Voltage-gated sodium channels,1
3370,FCX,Other,1,4,Voltage-gated sodium channels,1
3371,CACNA1D,Cav,1,4,Voltage-gated sodium channels,1
3372,LICI,Other,1,4,Voltage-gated sodium channels,1
3373,VSD,Other,1,4,Voltage-gated sodium channels,1
3374,PIIIA,Other,1,4,Voltage-gated sodium channels,1
3375,DZN,Other,1,4,Voltage-gated sodium channels,1
3376,RIEVD,Other,1,4,Voltage-gated sodium channels,1
3377,BIF,Other,1,4,Voltage-gated sodium channels,1
3378,ATX,Other,1,4,Voltage-gated sodium channels,1
3379,AT2R,Other,1,4,Acid-sensing ion channels,1
3380,DDH,Other,1,4,Acid-sensing ion channels,1
3381,CSDM,Other,1,4,Acid-sensing ion channels,1
3382,STDP,Other,1,4,Acid-sensing ion channels,1
3383,MFPP,Other,1,4,Acid-sensing ion channels,1
3384,ACCN2,Other,1,4,Acid-sensing ion channels,1
3385,NKCC2B,Other,1,4,Chloride and anion channels; TRP channels,2
3386,NKCC2A,Other,1,4,Chloride and anion channels; TRP channels,2
3387,BMDM,Other,1,4,TRP channels,1
3388,DBTC,Other,1,4,TRP channels,1
3389,BED,Other,1,4,TRP channels,1
3390,OLS,Other,1,4,TRP channels,1
3391,OLHHA,Other,1,4,TRP channels,1
3392,EPAC1,Other,1,4,TRP channels,1
3393,FIR,Other,1,4,TRP channels,1
3394,SHU,Other,1,4,TRP channels,1
3395,NORT,Other,1,4,TRP channels,1
3396,IFNAR1,Other,1,4,TRP channels,1
3397,BPPV,Other,1,4,TRP channels,1
3398,PCSE,Other,1,4,TRP channels,1
3399,BUN,Other,1,4,TRP channels; Ultrasound neuromodulation mechanisms,2
3400,PGLA,Other,1,4,TRP channels,1
3401,ADAM15,Other,1,4,Gap junction mechanosensitivity; TRP channels,2
3402,GHSR,Other,1,4,TRP channels,1
3403,KPS,Other,1,4,TRP channels,1
3404,WT9,Other,1,4,TRP channels,1
3405,PRC1,Other,1,4,TRP channels,1
3406,NHERF1,Other,1,4,TRP channels,1
3407,STEM,Other,1,4,TRP channels,1
3408,MNP,Other,1,4,TRP channels,1
3409,EOC,Other,1,4,TRP channels,1
3410,WBC,Other,1,4,TRP channels,1
3411,FFAR1,Other,1,4,TRP channels,1
3412,CCP1,Other,1,4,TRP channels,1
3413,PDE4C,Other,1,4,TRP channels,1
3414,KYN,Other,1,4,TRP channels,1
3415,GIP,Other,1,4,TRP channels,1
3416,CFL,Other,1,4,TRP channels,1
3417,NFS,Other,1,4,Integrin mechanotransduction,1
3418,CCN2,Other,1,4,Integrin mechanotransduction,1
3419,DOK1,Other,1,4,Integrin mechanotransduction,1
3420,LTGF,Other,1,4,Integrin mechanotransduction,1
3421,PDGFBR,Other,1,4,Integrin mechanotransduction,1
3422,LA1,Other,1,4,Integrin mechanotransduction,1
3423,BCC,Other,1,4,Integrin mechanotransduction,1
3424,DPP,Other,1,4,Integrin mechanotransduction,1
3425,ZYX,Other,1,4,Integrin mechanotransduction,1
3426,AG73,Other,1,4,Integrin mechanotransduction,1
3427,GFRAL,Other,1,4,Integrin mechanotransduction,1
3428,LEN,Other,1,4,Integrin mechanotransduction,1
3429,TRAF2,Other,1,4,Integrin mechanotransduction,1
3430,NCK,Other,1,4,Integrin mechanotransduction,1
3431,EULCHIP,Other,1,4,Integrin mechanotransduction,1
3432,SLK,Other,1,4,Integrin mechanotransduction,1
3433,EUG,Other,1,4,Integrin mechanotransduction,1
3434,TLN,Other,1,4,Integrin mechanotransduction,1
3435,SLURP,Other,1,4,Gap junction mechanosensitivity; Integrin mechanotransduction,2
3436,CGT,Other,1,4,Integrin mechanotransduction,1
3437,FURIN,Other,1,4,Integrin mechanotransduction,1
3438,ANKA,Other,1,4,Integrin mechanotransduction,1
3439,ITGB6,Integrin,1,4,Integrin mechanotransduction,1
3440,OX42,Other,1,4,Integrin mechanotransduction,1
3441,JCV,Other,1,4,Integrin mechanotransduction,1
3442,CCRT,Other,1,4,Integrin mechanotransduction,1
3443,LCR,Other,1,4,Integrin mechanotransduction,1
3444,BCNU,Other,1,4,Integrin mechanotransduction,1
3445,CLA,Other,1,4,Integrin mechanotransduction,1
3446,SPLH,Other,1,4,Integrin mechanotransduction,1
3447,ADAS,Other,1,4,Integrin mechanotransduction,1
3448,VREST,Other,1,4,Integrin mechanotransduction,1
3449,PNN,Other,1,4,Integrin mechanotransduction,1
3450,PHPV,Other,1,4,Integrin mechanotransduction,1
3451,PPM,Other,1,4,Gap junction mechanosensitivity,1
3452,GT1,Other,1,4,Gap junction mechanosensitivity,1
3453,LP2,Other,1,4,Gap junction mechanosensitivity,1
3454,SVI,Other,1,4,Gap junction mechanosensitivity,1
3455,HDAC3,Other,1,4,Gap junction mechanosensitivity,1
3456,HDAC8,Other,1,4,Gap junction mechanosensitivity,1
3457,EGC,Other,1,4,Gap junction mechanosensitivity,1
3458,BCAO,Other,1,4,Gap junction mechanosensitivity,1
3459,BRV,Other,1,4,Gap junction mechanosensitivity,1
3460,PYK2,Other,1,4,Gap junction mechanosensitivity,1
3461,NDC,Other,1,4,Gap junction mechanosensitivity,1
3462,CRN,Other,1,4,Gap junction mechanosensitivity,1
3463,PROB,Other,1,4,Gap junction mechanosensitivity,1
3464,LACV,Other,1,4,Gap junction mechanosensitivity,1
3465,OMM,Other,1,4,Lipid-mediated mechanotransduction,1
3466,PVWM,Other,1,4,Lipid-mediated mechanotransduction,1
3467,VU01,Other,1,4,Lipid-mediated mechanotransduction,1
3468,XLHZ,Other,1,4,Lipid-mediated mechanotransduction,1
3469,MPXV,Other,1,4,Lipid-mediated mechanotransduction,1
3470,CICI,Other,1,4,Lipid-mediated mechanotransduction,1
3471,CIA,Other,1,4,Lipid-mediated mechanotransduction,1
3472,MIGA,Other,1,4,Lipid-mediated mechanotransduction,1
3473,PRMT8,Other,1,4,Lipid-mediated mechanotransduction,1
3474,RBA,Other,1,4,Lipid-mediated mechanotransduction,1
3475,CFII,Other,1,4,Lipid-mediated mechanotransduction,1
3476,PSAPP,Other,1,4,Lipid-mediated mechanotransduction,1
3477,GRAF1,Other,1,4,Lipid-mediated mechanotransduction,1
3478,DHCR24,Other,1,4,Lipid-mediated mechanotransduction,1
3479,ASON,Other,1,4,Lipid-mediated mechanotransduction,1
3480,FTVT,Other,1,4,Lipid-mediated mechanotransduction,1
3481,RAD21,Other,1,4,Lipid-mediated mechanotransduction,1
3482,DACD,Other,1,4,Lipid-mediated mechanotransduction,1
3483,HBEC,Other,1,4,Lipid-mediated mechanotransduction,1
3484,CSD3,Other,1,4,Lipid-mediated mechanotransduction,1
3485,PWCF,Other,1,4,Lipid-mediated mechanotransduction,1
3486,SLP,Other,1,4,Lipid-mediated mechanotransduction,1
3487,MAPR,Other,1,4,Lipid-mediated mechanotransduction,1
3488,CPE,Other,1,4,Chloride and anion channels,1
3489,ASCT2,Other,1,4,Chloride and anion channels,1
3490,PP0,Other,1,4,Chloride and anion channels,1
3491,GALR1,Other,1,4,Chloride and anion channels,1
3492,CML,Other,1,4,Chloride and anion channels,1
3493,AEPPVM,Other,1,4,Chloride and anion channels,1
3494,FBS,Other,1,4,Chloride and anion channels,1
3495,OSEL,Other,1,4,Chloride and anion channels,1
3496,MPRIP,Other,1,4,Chloride and anion channels,1
3497,CSCG,Other,1,4,Natriuretic peptide signaling,1
3498,LCD,Other,1,4,Natriuretic peptide signaling,1
3499,RBE,Other,1,4,Natriuretic peptide signaling,1
3500,FFRD,Other,1,4,Natriuretic peptide signaling,1
3501,VCN,Other,1,4,Natriuretic peptide signaling,1
3502,IANA,Other,1,4,Natriuretic peptide signaling,1
3503,IIM,Other,1,4,Natriuretic peptide signaling,1
3504,SFAS,Other,1,4,Natriuretic peptide signaling,1
3505,OLE,Other,1,4,Natriuretic peptide signaling,1
3506,TEAM,Other,1,4,Natriuretic peptide signaling,1
3507,SDB,Other,1,4,Natriuretic peptide signaling,1
3508,NPAF,Other,1,4,Natriuretic peptide signaling,1
3509,HHT,Other,1,4,Natriuretic peptide signaling,1
3510,ABCC1,Other,1,4,Natriuretic peptide signaling,1
3511,NOAF,Other,1,4,Natriuretic peptide signaling,1
3512,MOTS,Other,1,4,Natriuretic peptide signaling,1
3513,PCH,Other,1,4,Natriuretic peptide signaling,1
3514,ETD,Other,1,4,Natriuretic peptide signaling,1
3515,NCOR1,Other,1,4,Natriuretic peptide signaling,1
3516,STW,Other,1,4,Natriuretic peptide signaling,1
3517,DCI,Other,1,4,Natriuretic peptide signaling,1
3518,LVSD,Other,1,4,Natriuretic peptide signaling,1
3519,EDV,Other,1,4,Natriuretic peptide signaling,1
3520,NPTXR,Other,1,4,Natriuretic peptide signaling,1
3521,CRIF,Other,1,4,Natriuretic peptide signaling,1
3522,VAT,Other,1,4,Natriuretic peptide signaling,1
3523,SVF,Other,1,4,Natriuretic peptide signaling,1
3524,STEP,Other,1,4,Natriuretic peptide signaling,1
3525,IAS,Other,1,4,Natriuretic peptide signaling,1
3526,MOB,Other,1,4,Natriuretic peptide signaling,1
3527,ADA,Other,1,4,Natriuretic peptide signaling,1
3528,OLGC7,Other,1,4,Natriuretic peptide signaling,1
3529,ADH,Other,1,4,Natriuretic peptide signaling,1
3530,PNCA,Other,1,4,Natriuretic peptide signaling,1
3531,NVAF,Other,1,4,Natriuretic peptide signaling,1
3532,SPI,Other,1,4,Natriuretic peptide signaling,1
3533,APM,Other,1,4,Natriuretic peptide signaling,1
3534,MVA,Other,1,4,Natriuretic peptide signaling,1
3535,LVOT,Other,1,4,Natriuretic peptide signaling,1
3536,STIN,Other,1,4,Ultrasound neuromodulation mechanisms,1
3537,LCN,Other,1,4,Ultrasound neuromodulation mechanisms,1
3538,QSH,Other,1,4,Ultrasound neuromodulation mechanisms,1
3539,BNA,Other,1,4,Ultrasound neuromodulation mechanisms,1
3540,DFC,Other,1,4,Ultrasound neuromodulation mechanisms,1
3541,UTM,Other,1,4,Ultrasound neuromodulation mechanisms,1
3542,NTP,Other,1,4,Ultrasound neuromodulation mechanisms,1
3543,PCCT,Other,1,4,Ultrasound neuromodulation mechanisms,1
3544,SOL,Other,1,4,Ultrasound neuromodulation mechanisms,1
3545,DILI,Other,1,4,Ultrasound neuromodulation mechanisms,1
3546,PCABI,Other,1,4,Ultrasound neuromodulation mechanisms,1
3547,UIH,Other,1,4,Ultrasound neuromodulation mechanisms,1
3548,VDI,Other,1,4,Ultrasound neuromodulation mechanisms,1
3549,HER2,Other,1,4,Ultrasound neuromodulation mechanisms,1
3550,FTLD,Other,1,4,Ultrasound neuromodulation mechanisms,1
3551,TRIP6,Other,1,4,Ultrasound neuromodulation mechanisms,1
3552,GPR17,Other,1,4,Ultrasound neuromodulation mechanisms,1
3553,GWC,Other,1,4,Ultrasound neuromodulation mechanisms,1
3554,NORSE,Other,1,4,Ultrasound neuromodulation mechanisms,1
3555,BACE,Other,1,4,Ultrasound neuromodulation mechanisms,1
3556,ADE,Other,1,4,Ultrasound neuromodulation mechanisms,1
3557,CSVD,Other,1,4,Ultrasound neuromodulation mechanisms,1
3558,PASC,Other,1,4,Ultrasound neuromodulation mechanisms,1
3559,CST3,Other,1,4,Ultrasound neuromodulation mechanisms,1
3560,ALIRI,Other,1,3,Mechanosensitive ion channels,1
3561,MSL10,Other,1,3,Mechanosensitive ion channels; Mechanotransduction signaling,2
3562,SMALL,Other,1,3,Mechanosensitive ion channels; Mechanotransduction signaling,2
3563,LIKE,Other,1,3,Mechanosensitive ion channels; Mechanotransduction signaling,2
3564,FLYC1,Other,1,3,Mechanosensitive ion channels; Mechanotransduction signaling,2
3565,BWSTT,Other,1,3,Mechanosensitive ion channels; Mechanotransduction signaling,2
3566,NCM,Other,1,3,Mechanosensitive ion channels,1
3567,MDFIC2,Other,1,3,Mechanotransduction signaling,1
3568,TCF1,Other,1,3,Integrin mechanotransduction; Mechanotransduction signaling,2
3569,ISQ,Other,1,3,Mechanotransduction signaling,1
3570,PAMPS,Other,1,3,Mechanotransduction signaling,1
3571,ORS,Other,1,3,Mechanotransduction signaling,1
3572,DA5,Other,1,3,Mechanotransduction signaling,1
3573,AJC,Other,1,3,Mechanotransduction signaling,1
3574,HNM,Other,1,3,Mechanotransduction signaling,1
3575,ATD,Other,1,3,Mechanotransduction signaling,1
3576,BMM,Other,1,3,Mechanotransduction signaling,1
3577,GPN,Other,1,3,Mechanotransduction signaling,1
3578,LAKI,Other,1,3,Two-pore potassium channels (K2P),1
3579,GARS,Other,1,3,Two-pore potassium channels (K2P),1
3580,LLLT,Other,1,3,Two-pore potassium channels (K2P),1
3581,SFL,Other,1,3,Two-pore potassium channels (K2P),1
3582,TGVS,Other,1,3,Two-pore potassium channels (K2P),1
3583,OCH,Other,1,3,Two-pore potassium channels (K2P),1
3584,PEG13,Other,1,3,Two-pore potassium channels (K2P),1
3585,TRAPPC9,Other,1,3,Two-pore potassium channels (K2P),1
3586,OVXP,Other,1,3,Two-pore potassium channels (K2P),1
3587,OVXT,Other,1,3,Two-pore potassium channels (K2P),1
3588,TDR,Other,1,3,Two-pore potassium channels (K2P),1
3589,TAP2A,Other,1,3,Two-pore potassium channels (K2P),1
3590,FULL,Other,1,3,Two-pore potassium channels (K2P),1
3591,MCR,Other,1,3,Two-pore potassium channels (K2P),1
3592,ISIC,Other,1,3,Two-pore potassium channels (K2P),1
3593,STAI,Other,1,3,Two-pore potassium channels (K2P),1
3594,NDS,Other,1,3,Two-pore potassium channels (K2P),1
3595,VLSM,Other,1,3,Two-pore potassium channels (K2P),1
3596,BA10,Other,1,3,Two-pore potassium channels (K2P),1
3597,CWPS,Other,1,3,Two-pore potassium channels (K2P),1
3598,ACML,Other,1,3,Two-pore potassium channels (K2P),1
3599,CH18,Other,1,3,Two-pore potassium channels (K2P),1
3600,SCOS,Other,1,3,Two-pore potassium channels (K2P),1
3601,PPG,Other,1,3,Two-pore potassium channels (K2P),1
3602,DBMATCN,Other,1,3,Two-pore potassium channels (K2P),1
3603,ASFT,Other,1,3,Two-pore potassium channels (K2P),1
3604,VIQ,Other,1,3,Two-pore potassium channels (K2P),1
3605,PIQ,Other,1,3,Two-pore potassium channels (K2P),1
3606,BCIC,Other,1,3,Two-pore potassium channels (K2P),1
3607,VAS5,Other,1,3,Two-pore potassium channels (K2P),1
3608,FES,Other,1,3,Two-pore potassium channels (K2P),1
3609,ILC,Other,1,3,Two-pore potassium channels (K2P),1
3610,IGPT,Other,1,3,Two-pore potassium channels (K2P),1
3611,WVG,Other,1,3,Two-pore potassium channels (K2P),1
3612,PMDNN,Other,1,3,Two-pore potassium channels (K2P),1
3613,SPAI,Other,1,3,Two-pore potassium channels (K2P),1
3614,GORK,Other,1,3,Two-pore potassium channels (K2P),1
3615,TRPY1,Other,1,3,Two-pore potassium channels (K2P),1
3616,VGKC,Other,1,3,Inward rectifier potassium channels; Two-pore potassium channels (K2P),2
3617,VGK,Other,1,3,Inward rectifier potassium channels; Two-pore potassium channels (K2P),2
3618,KNQ2,Other,1,3,Inward rectifier potassium channels; Two-pore potassium channels (K2P),2
3619,DEND,Other,1,3,Inward rectifier potassium channels; Two-pore potassium channels (K2P),2
3620,MAC,Other,1,3,Two-pore potassium channels (K2P),1
3621,GCPII,Other,1,3,Two-pore potassium channels (K2P),1
3622,DBN,Other,1,3,Two-pore potassium channels (K2P),1
3623,HKO,Other,1,3,Two-pore potassium channels (K2P),1
3624,HDACI,Other,1,3,Inward rectifier potassium channels,1
3625,ABCC8,Other,1,3,Inward rectifier potassium channels,1
3626,GIRK4,Other,1,3,Inward rectifier potassium channels,1
3627,AHS,Other,1,3,Inward rectifier potassium channels,1
3628,MC3R,Other,1,3,Inward rectifier potassium channels,1
3629,ANT,Other,1,3,Inward rectifier potassium channels,1
3630,DEP,Other,1,3,Inward rectifier potassium channels,1
3631,SPEA,Other,1,3,Inward rectifier potassium channels,1
3632,GLT1,Other,1,3,Inward rectifier potassium channels,1
3633,EAD,Other,1,3,Inward rectifier potassium channels,1
3634,BB1,Other,1,3,Inward rectifier potassium channels,1
3635,CTZ,Other,1,3,Inward rectifier potassium channels,1
3636,SCA2,Other,1,3,Inward rectifier potassium channels,1
3637,HCA1,Other,1,3,Inward rectifier potassium channels,1
3638,IKA,Other,1,3,Inward rectifier potassium channels,1
3639,ADT,Other,1,3,Inward rectifier potassium channels,1
3640,STC,Other,1,3,Inward rectifier potassium channels,1
3641,DPAG,Other,1,3,Voltage-gated calcium channels,1
3642,XIII0,Other,1,3,Voltage-gated calcium channels,1
3643,SCAMP2,Other,1,3,Voltage-gated calcium channels,1
3644,IIIS5,Other,1,3,Voltage-gated calcium channels,1
3645,IIIS6,Other,1,3,Voltage-gated calcium channels,1
3646,TFIID,Other,1,3,Voltage-gated calcium channels,1
3647,FOXP2,Other,1,3,Voltage-gated calcium channels,1
3648,ELP,Other,1,3,Voltage-gated calcium channels,1
3649,HNS,Other,1,3,Voltage-gated calcium channels,1
3650,LPE,Other,1,3,Voltage-gated calcium channels,1
3651,VAVL,Other,1,3,Voltage-gated calcium channels,1
3652,SRD,Other,1,3,Voltage-gated calcium channels,1
3653,ALG,Other,1,3,Voltage-gated calcium channels,1
3654,GIN,Other,1,3,Voltage-gated calcium channels,1
3655,NMUR2,Other,1,3,Voltage-gated calcium channels,1
3656,VMN,Other,1,3,Voltage-gated calcium channels,1
3657,JME,Other,1,3,Voltage-gated calcium channels,1
3658,DPBP,Other,1,3,Voltage-gated calcium channels,1
3659,ALK2,Other,1,3,Voltage-gated sodium channels,1
3660,BVA,Other,1,3,Voltage-gated sodium channels,1
3661,ALDH2,Other,1,3,Voltage-gated sodium channels,1
3662,SMP,Other,1,3,Voltage-gated sodium channels,1
3663,GNB1,Other,1,3,Voltage-gated sodium channels,1
3664,BTRE,Other,1,3,Voltage-gated sodium channels,1
3665,GSK3,Other,1,3,Voltage-gated sodium channels,1
3666,STX,Other,1,3,Voltage-gated sodium channels,1
3667,PASI,Other,1,3,Voltage-gated sodium channels,1
3668,KASE,Other,1,3,Voltage-gated sodium channels,1
3669,BRNP,Other,1,3,Voltage-gated sodium channels,1
3670,PHT,Other,1,3,Voltage-gated sodium channels,1
3671,ANNA,Other,1,3,Voltage-gated sodium channels,1
3672,RMKN,Other,1,3,Voltage-gated sodium channels,1
3673,BKT,Other,1,3,Voltage-gated sodium channels,1
3674,MOG1,Other,1,3,Voltage-gated sodium channels,1
3675,SOX8,Other,1,3,Acid-sensing ion channels,1
3676,LGIC,Other,1,3,Acid-sensing ion channels,1
3677,BPVE,Other,1,3,Acid-sensing ion channels,1
3678,CMUT,Other,1,3,Acid-sensing ion channels,1
3679,BMA,Other,1,3,Acid-sensing ion channels,1
3680,UPK3A,Other,1,3,Acid-sensing ion channels,1
3681,ERT,Other,1,3,Acid-sensing ion channels,1
3682,TIRFM,Other,1,3,Acid-sensing ion channels,1
3683,EUS,Other,1,3,TRP channels,1
3684,HPMA,Other,1,3,TRP channels,1
3685,CPIP,Other,1,3,TRP channels,1
3686,CTK,Other,1,3,TRP channels,1
3687,MEG01,Other,1,3,TRP channels,1
3688,PSNI,Other,1,3,TRP channels,1
3689,JNCL,Other,1,3,TRP channels,1
3690,LVC,Other,1,3,TRP channels,1
3691,BALF,Other,1,3,TRP channels,1
3692,CHS,Other,1,3,TRP channels,1
3693,SRXA,Other,1,3,TRP channels,1
3694,GON,Other,1,3,TRP channels,1
3695,KP10,Other,1,3,TRP channels,1
3696,HAD,Other,1,3,TRP channels,1
3697,ERMCS,Other,1,3,TRP channels,1
3698,TBMN,Other,1,3,TRP channels,1
3699,DR5,Other,1,3,TRP channels,1
3700,DHC,Other,1,3,TRP channels,1
3701,DZIP,Other,1,3,TRP channels,1
3702,CTM,Other,1,3,TRP channels,1
3703,AKAP79,Other,1,3,TRP channels,1
3704,JPH2,Other,1,3,TRP channels,1
3705,CTF,Other,1,3,TRP channels,1
3706,BFIS,Other,1,3,TRP channels,1
3707,ECV,Other,1,3,TRP channels,1
3708,NPHP1,Other,1,3,TRP channels,1
3709,CLDN3,Other,1,3,TRP channels,1
3710,OXA,Other,1,3,TRP channels,1
3711,MCLZ,Other,1,3,TRP channels,1
3712,TPH,Other,1,3,TRP channels,1
3713,CLF,Other,1,3,TRP channels,1
3714,DOR1,Other,1,3,TRP channels,1
3715,DOR2,Other,1,3,TRP channels,1
3716,MLC20,Other,1,3,Integrin mechanotransduction,1
3717,MLP,Other,1,3,Integrin mechanotransduction,1
3718,HBC,Other,1,3,Integrin mechanotransduction,1
3719,SMAD3,Other,1,3,Integrin mechanotransduction,1
3720,MDSC,Other,1,3,Integrin mechanotransduction,1
3721,CR3,Other,1,3,Integrin mechanotransduction,1
3722,VLA4,Other,1,3,Integrin mechanotransduction,1
3723,HELP,Other,1,3,Integrin mechanotransduction,1
3724,HEGF,Other,1,3,Integrin mechanotransduction,1
3725,PDE8,Other,1,3,Integrin mechanotransduction,1
3726,JMJD6,Other,1,3,Integrin mechanotransduction,1
3727,LAMA5,Other,1,3,Integrin mechanotransduction,1
3728,TRIM59,Other,1,3,Integrin mechanotransduction,1
3729,MKI67,Other,1,3,Integrin mechanotransduction,1
3730,LOXL2,Other,1,3,Integrin mechanotransduction,1
3731,LAMC3,Other,1,3,Integrin mechanotransduction,1
3732,BER,Other,1,3,Integrin mechanotransduction,1
3733,MUTYH,Other,1,3,Integrin mechanotransduction,1
3734,UNG,Other,1,3,Integrin mechanotransduction,1
3735,XRCC1,Other,1,3,Integrin mechanotransduction,1
3736,PROTAC,Other,1,3,Integrin mechanotransduction,1
3737,NFTP,Other,1,3,Integrin mechanotransduction,1
3738,NCAN,Other,1,3,Integrin mechanotransduction,1
3739,FGL2,Other,1,3,Integrin mechanotransduction,1
3740,GATOR2,Other,1,3,Integrin mechanotransduction,1
3741,PSGL1,Other,1,3,Integrin mechanotransduction,1
3742,NHM,Other,1,3,Integrin mechanotransduction,1
3743,LQE,Other,1,3,Integrin mechanotransduction,1
3744,NEEMO,Other,1,3,Integrin mechanotransduction,1
3745,MD7,Other,1,3,Integrin mechanotransduction,1
3746,STAR,Other,1,3,Integrin mechanotransduction,1
3747,ENCC,Other,1,3,Integrin mechanotransduction,1
3748,NGFR,Other,1,3,Integrin mechanotransduction,1
3749,LAP,Other,1,3,Integrin mechanotransduction,1
3750,RLE,Other,1,3,Integrin mechanotransduction,1
3751,LAM,Other,1,3,Integrin mechanotransduction,1
3752,MKN,Other,1,3,Integrin mechanotransduction,1
3753,RVE,Other,1,3,Integrin mechanotransduction,1
3754,IDD,Other,1,3,Gap junction mechanosensitivity,1
3755,TJP1,Other,1,3,Gap junction mechanosensitivity,1
3756,CTNND1,Other,1,3,Gap junction mechanosensitivity,1
3757,BMP9,Other,1,3,Gap junction mechanosensitivity,1
3758,DVR,Other,1,3,Gap junction mechanosensitivity,1
3759,CYT,Other,1,3,Gap junction mechanosensitivity,1
3760,FLIP,Other,1,3,Gap junction mechanosensitivity,1
3761,DBT,Other,1,3,Gap junction mechanosensitivity,1
3762,PTA,Other,1,3,Gap junction mechanosensitivity,1
3763,NMN,Other,1,3,Gap junction mechanosensitivity,1
3764,XAV,Other,1,3,Gap junction mechanosensitivity,1
3765,SEMA,Other,1,3,Gap junction mechanosensitivity,1
3766,GIII,Other,1,3,Gap junction mechanosensitivity,1
3767,MQH,Other,1,3,Gap junction mechanosensitivity,1
3768,DHT,Other,1,3,Gap junction mechanosensitivity,1
3769,VAMP3,Other,1,3,Gap junction mechanosensitivity,1
3770,MK4,Other,1,3,Gap junction mechanosensitivity,1
3771,OMV,Other,1,3,Gap junction mechanosensitivity,1
3772,OLG,Other,1,3,Gap junction mechanosensitivity,1
3773,PN0,Other,1,3,Gap junction mechanosensitivity,1
3774,PN3,Other,1,3,Gap junction mechanosensitivity,1
3775,PN6,Other,1,3,Gap junction mechanosensitivity,1
3776,OIND,Other,1,3,Gap junction mechanosensitivity,1
3777,HCMV,Other,1,3,Gap junction mechanosensitivity,1
3778,PND14,Other,1,3,Gap junction mechanosensitivity,1
3779,CXCL5,Other,1,3,Lipid-mediated mechanotransduction,1
3780,TDN,Other,1,3,Lipid-mediated mechanotransduction,1
3781,PND70,Other,1,3,Lipid-mediated mechanotransduction,1
3782,ARAS,Other,1,3,Lipid-mediated mechanotransduction,1
3783,DHEA,Other,1,3,Lipid-mediated mechanotransduction,1
3784,LEMP,Other,1,3,Lipid-mediated mechanotransduction,1
3785,RVM,Other,1,3,Lipid-mediated mechanotransduction,1
3786,PLD5,Phospholipase,1,3,Lipid-mediated mechanotransduction,1
3787,SER,Other,1,3,Lipid-mediated mechanotransduction,1
3788,PLA1,Phospholipase,1,3,Lipid-mediated mechanotransduction,1
3789,COMT,Other,1,3,Lipid-mediated mechanotransduction,1
3790,CCT,Other,1,3,Lipid-mediated mechanotransduction,1
3791,PIPLC,Other,1,3,Lipid-mediated mechanotransduction,1
3792,TOS,Other,1,3,Lipid-mediated mechanotransduction,1
3793,ARCI,Other,1,3,Lipid-mediated mechanotransduction,1
3794,DNM2,Other,1,3,Lipid-mediated mechanotransduction,1
3795,UMMD,Other,1,3,Lipid-mediated mechanotransduction,1
3796,OBF,Other,1,3,Lipid-mediated mechanotransduction,1
3797,NPD,Other,1,3,Lipid-mediated mechanotransduction,1
3798,DRF,Other,1,3,Lipid-mediated mechanotransduction,1
3799,LCPUFA,Other,1,3,Lipid-mediated mechanotransduction,1
3800,FLOT1,Other,1,3,Lipid-mediated mechanotransduction,1
3801,CARC,Other,1,3,Lipid-mediated mechanotransduction,1
3802,DDZ,Other,1,3,Lipid-mediated mechanotransduction,1
3803,PP2B,Other,1,3,Lipid-mediated mechanotransduction,1
3804,PAQR5,Other,1,3,Lipid-mediated mechanotransduction,1
3805,AC6,Other,1,3,Lipid-mediated mechanotransduction,1
3806,NRK,Other,1,3,Lipid-mediated mechanotransduction,1
3807,LRCC8A,Other,1,3,Chloride and anion channels,1
3808,VSV,Other,1,3,Chloride and anion channels,1
3809,ABCG1,Other,1,3,Chloride and anion channels,1
3810,CHOP,Other,1,3,Chloride and anion channels,1
3811,VSOAC,Other,1,3,Chloride and anion channels,1
3812,FAM26C,Other,1,3,Chloride and anion channels,1
3813,MELAS,Other,1,3,Chloride and anion channels,1
3814,LLRP,Other,1,3,Chloride and anion channels,1
3815,EACT,Other,1,3,Chloride and anion channels,1
3816,ITT,Other,1,3,Chloride and anion channels,1
3817,FWC,Other,1,3,Chloride and anion channels,1
3818,CDI,Other,1,3,Chloride and anion channels,1
3819,NCL,Other,1,3,Chloride and anion channels,1
3820,SG3,Other,1,3,Chloride and anion channels,1
3821,AVCN,Other,1,3,Chloride and anion channels,1
3822,RCBM,Other,1,3,Chloride and anion channels,1
3823,CMP6,Other,1,3,Chloride and anion channels,1
3824,KCC3,Other,1,3,Chloride and anion channels,1
3825,BRAVIZ,Other,1,3,Chloride and anion channels,1
3826,TBUS,Other,1,3,Chloride and anion channels,1
3827,MEKK2,Other,1,3,Chloride and anion channels,1
3828,NSD,Other,1,3,Chloride and anion channels,1
3829,DLX5,Other,1,3,Chloride and anion channels,1
3830,UCB,Other,1,3,Chloride and anion channels,1
3831,ORD,Other,1,3,Chloride and anion channels,1
3832,CD38,Other,1,3,Chloride and anion channels,1
3833,OTX2,Other,1,3,Chloride and anion channels,1
3834,RDS,Other,1,3,Chloride and anion channels,1
3835,GLYT1,Other,1,3,Chloride and anion channels,1
3836,LAMP3,Other,1,3,Natriuretic peptide signaling,1
3837,RD3,Other,1,3,Natriuretic peptide signaling,1
3838,PDE5A,Other,1,3,Natriuretic peptide signaling,1
3839,CSG,Other,1,3,Natriuretic peptide signaling,1
3840,NALP3,Other,1,3,Natriuretic peptide signaling,1
3841,STK16,Other,1,3,Natriuretic peptide signaling,1
3842,QKI,Other,1,3,Natriuretic peptide signaling,1
3843,CSFP,Other,1,3,Natriuretic peptide signaling,1
3844,HTC,Other,1,3,Natriuretic peptide signaling,1
3845,ANPR,Other,1,3,Natriuretic peptide signaling,1
3846,CRM2,Other,1,3,Natriuretic peptide signaling,1
3847,OVLT,Other,1,3,Natriuretic peptide signaling,1
3848,IAP,Other,1,3,Natriuretic peptide signaling,1
3849,LVMI,Other,1,3,Natriuretic peptide signaling,1
3850,IMPRESS,Other,1,3,Natriuretic peptide signaling,1
3851,CHARGE,Other,1,3,Natriuretic peptide signaling,1
3852,AFL,Other,1,3,Natriuretic peptide signaling,1
3853,PFS,Other,1,3,Natriuretic peptide signaling,1
3854,LVGLS,Other,1,3,Natriuretic peptide signaling,1
3855,SOPRANO,Other,1,3,Natriuretic peptide signaling,1
3856,SUMMIT,Other,1,3,Natriuretic peptide signaling,1
3857,FRS,Other,1,3,Natriuretic peptide signaling,1
3858,SCORE,Other,1,3,Natriuretic peptide signaling,1
3859,AVK,Other,1,3,Natriuretic peptide signaling,1
3860,NSY,Other,1,3,Natriuretic peptide signaling,1
3861,SEK,Other,1,3,Natriuretic peptide signaling,1
3862,NPBWR2,Other,1,3,Natriuretic peptide signaling,1
3863,DCAR,Other,1,3,Natriuretic peptide signaling,1
3864,GOA,Other,1,3,Natriuretic peptide signaling,1
3865,DBL,Other,1,3,Natriuretic peptide signaling,1
3866,PITX,Other,1,3,Natriuretic peptide signaling,1
3867,KIN,Other,1,3,Natriuretic peptide signaling,1
3868,TH2,Other,1,3,Natriuretic peptide signaling,1
3869,LTPGABA,Other,1,3,Natriuretic peptide signaling,1
3870,CCT7,Other,1,3,Natriuretic peptide signaling,1
3871,NAC,Other,1,3,Natriuretic peptide signaling,1
3872,CORM,Other,1,3,Natriuretic peptide signaling,1
3873,OLGC2,Other,1,3,Natriuretic peptide signaling,1
3874,RAR,Other,1,3,Natriuretic peptide signaling,1
3875,ISDN,Other,1,3,Natriuretic peptide signaling,1
3876,ZFP36,Other,1,3,Natriuretic peptide signaling,1
3877,AECOPD,Other,1,3,Natriuretic peptide signaling,1
3878,IL17,Other,1,3,Natriuretic peptide signaling,1
3879,HFABP,Other,1,3,Natriuretic peptide signaling,1
3880,ISP,Other,1,3,Natriuretic peptide signaling,1
3881,SPAP,Other,1,3,Natriuretic peptide signaling,1
3882,TPVB,Other,1,3,Natriuretic peptide signaling,1
3883,TMAO,Other,1,3,Natriuretic peptide signaling,1
3884,VSR,Other,1,3,Natriuretic peptide signaling,1
3885,RMI,Other,1,3,Natriuretic peptide signaling,1
3886,SHEAF,Other,1,3,Natriuretic peptide signaling,1
3887,CPO,Other,1,3,Natriuretic peptide signaling,1
3888,HAT,Other,1,3,Natriuretic peptide signaling,1
3889,WNIN,Other,1,3,Natriuretic peptide signaling,1
3890,GBSM,Other,1,3,Ultrasound neuromodulation mechanisms,1
3891,BPV,Other,1,3,Ultrasound neuromodulation mechanisms,1
3892,FBF,Other,1,3,Ultrasound neuromodulation mechanisms,1
3893,FAV,Other,1,3,Ultrasound neuromodulation mechanisms,1
3894,PPGI,Other,1,3,Ultrasound neuromodulation mechanisms,1
3895,DASP,Other,1,3,Ultrasound neuromodulation mechanisms,1
3896,MMFT,Other,1,3,Ultrasound neuromodulation mechanisms,1
3897,PSOL,Other,1,3,Ultrasound neuromodulation mechanisms,1
3898,NPSOL,Other,1,3,Ultrasound neuromodulation mechanisms,1
3899,LGA,Other,1,3,Ultrasound neuromodulation mechanisms,1
3900,HAM,Other,1,3,Ultrasound neuromodulation mechanisms,1
3901,MSFM,Other,1,3,Ultrasound neuromodulation mechanisms,1
3902,POA,Other,1,3,Ultrasound neuromodulation mechanisms,1
3903,ULM,Other,1,3,Ultrasound neuromodulation mechanisms,1
3904,CONHA,Other,1,3,Ultrasound neuromodulation mechanisms,1
3905,ELP1,Other,1,3,Ultrasound neuromodulation mechanisms,1
3906,PCBP2,Other,1,3,Ultrasound neuromodulation mechanisms,1
3907,HUWE1,Other,1,3,Ultrasound neuromodulation mechanisms,1
3908,TRIM25,Other,1,3,Ultrasound neuromodulation mechanisms,1
3909,NMP,Other,1,3,Ultrasound neuromodulation mechanisms,1
3910,TAILS,Other,1,3,Ultrasound neuromodulation mechanisms,1
3911,IDS,Other,1,3,Ultrasound neuromodulation mechanisms,1
3912,GAN,Other,1,3,Ultrasound neuromodulation mechanisms,1
3913,RRAT,Other,1,3,Ultrasound neuromodulation mechanisms,1
3914,RRD,Other,1,3,Ultrasound neuromodulation mechanisms,1
3915,MAPK10,Other,1,3,Ultrasound neuromodulation mechanisms,1
3916,FTD,Other,1,3,Ultrasound neuromodulation mechanisms,1
3917,PPH,Other,1,3,Ultrasound neuromodulation mechanisms,1
3918,PBT,Other,1,3,Ultrasound neuromodulation mechanisms,1
3919,RBM3,Other,1,3,Ultrasound neuromodulation mechanisms,1
3920,ALSP,Other,1,3,Ultrasound neuromodulation mechanisms,1
3921,NHH,Other,1,3,Ultrasound neuromodulation mechanisms,1
3922,HIU,Other,1,3,Ultrasound neuromodulation mechanisms,1
3923,CUSA,Other,1,3,Ultrasound neuromodulation mechanisms,1
3924,ALIC,Other,1,2,Mechanosensitive ion channels; Ultrasound neuromodulation mechanisms,2
3925,BODIPY,Other,1,2,Mechanosensitive ion channels; Mechanotransduction signaling,2
3926,HLD19,Other,1,2,Mechanosensitive ion channels,1
3927,RFC,Other,1,2,Mechanosensitive ion channels; Mechanotransduction signaling,2
3928,PDYN,Other,1,2,Mechanosensitive ion channels,1
3929,ROBO1,Other,1,2,Mechanosensitive ion channels; Mechanotransduction signaling,2
3930,CREB1,Other,1,2,Mechanosensitive ion channels; TRP channels,2
3931,IMM,Other,1,2,Mechanosensitive ion channels; Mechanotransduction signaling,2
3932,CINAHL,Other,1,2,Mechanosensitive ion channels; Mechanotransduction signaling,2
3933,GDF8,Other,1,2,Mechanosensitive ion channels,1
3934,EEC,Other,1,2,Mechanosensitive ion channels; Mechanotransduction signaling,2
3935,AML14,Other,1,2,Mechanosensitive ion channels,1
3936,SUB,Other,1,2,Mechanosensitive ion channels; Mechanotransduction signaling,2
3937,MICRG,Other,1,2,Mechanosensitive ion channels; Mechanotransduction signaling,2
3938,CDS,Other,1,2,Mechanosensitive ion channels; Mechanotransduction signaling,2
3939,ADO,Other,1,2,Mechanosensitive ion channels,1
3940,SN50,Other,1,2,Mechanosensitive ion channels,1
3941,SN50M,Other,1,2,Mechanosensitive ion channels,1
3942,ASW,Other,1,2,Mechanosensitive ion channels,1
3943,MID1,Other,1,2,Mechanosensitive ion channels,1
3944,MCLC,Other,1,2,Mechanosensitive ion channels,1
3945,MAP90,Other,1,2,Mechanosensitive ion channels,1
3946,RPM8,Other,1,2,Mechanosensitive ion channels; Mechanotransduction signaling,2
3947,TRPV8,TRP,1,2,Mechanosensitive ion channels; Mechanotransduction signaling,2
3948,LXB,Other,1,2,Mechanosensitive ion channels,1
3949,CLAN,Other,1,2,Mechanosensitive ion channels,1
3950,IP10,Other,1,2,Mechanosensitive ion channels; Mechanotransduction signaling,2
3951,AMPD3,Other,1,2,Mechanosensitive ion channels; Mechanotransduction signaling,2
3952,ENTPD2,Other,1,2,Mechanosensitive ion channels; Mechanotransduction signaling,2
3953,ENTPD3,Other,1,2,Mechanosensitive ion channels; Mechanotransduction signaling,2
3954,NADSYN1,Other,1,2,Mechanosensitive ion channels; Mechanotransduction signaling,2
3955,SYT1,Other,1,2,Mechanosensitive ion channels; Mechanotransduction signaling,2
3956,SYT2,Other,1,2,Mechanosensitive ion channels; Mechanotransduction signaling,2
3957,FOXP3,Other,1,2,Mechanosensitive ion channels; Mechanotransduction signaling,2
3958,IGFBP5,Other,1,2,Mechanosensitive ion channels; Mechanotransduction signaling,2
3959,SOD2,Other,1,2,Mechanosensitive ion channels; Mechanotransduction signaling,2
3960,HMOX1,Other,1,2,Mechanosensitive ion channels; Mechanotransduction signaling,2
3961,ROLE,Other,1,2,Mechanosensitive ion channels; TRP channels,2
3962,CATION,Other,1,2,Mechanosensitive ion channels; TRP channels,2
3963,INDUCED,Other,1,2,Mechanosensitive ion channels; TRP channels,2
3964,RAT,Other,1,2,Mechanosensitive ion channels; TRP channels,2
3965,ARTER,Other,1,2,Mechanosensitive ion channels; TRP channels,2
3966,HCN3,Other,1,2,Mechanosensitive ion channels; Mechanotransduction signaling,2
3967,MYOC,Other,1,2,Gap junction mechanosensitivity; Mechanosensitive ion channels,2
3968,MDFI,Other,1,2,Mechanotransduction signaling,1
3969,NDE1,Other,1,2,Mechanotransduction signaling,1
3970,MRTFA,Other,1,2,Mechanotransduction signaling,1
3971,OCT2,Other,1,2,Mechanotransduction signaling,1
3972,ROSA26,Other,1,2,Mechanotransduction signaling,1
3973,SDNS,Other,1,2,Mechanotransduction signaling,1
3974,IDG,Other,1,2,Mechanotransduction signaling,1
3975,CM6,Other,1,2,Mechanotransduction signaling,1
3976,ADAM17,Other,1,2,Mechanotransduction signaling,1
3977,PIN3,Other,1,2,Mechanotransduction signaling,1
3978,CRY1,Other,1,2,Mechanotransduction signaling,1
3979,CRY2,Other,1,2,Mechanotransduction signaling,1
3980,DFNB3,Other,1,2,Mechanotransduction signaling,1
3981,PMN,Other,1,2,Mechanotransduction signaling,1
3982,CLEM,Other,1,2,Mechanotransduction signaling,1
3983,AFU,Other,1,2,Mechanotransduction signaling,1
3984,IDR5,Other,1,2,Mechanotransduction signaling,1
3985,DSD,Other,1,2,Mechanotransduction signaling,1
3986,NRVC,Other,1,2,Integrin mechanotransduction; Mechanotransduction signaling,2
3987,PIX,Other,1,2,Integrin mechanotransduction; Mechanotransduction signaling,2
3988,MMS,Other,1,2,Mechanotransduction signaling,1
3989,ADORA,Other,1,2,Mechanotransduction signaling,1
3990,KRJ,Other,1,2,Mechanotransduction signaling,1
3991,ADORA2B,Other,1,2,Mechanotransduction signaling,1
3992,DSCR1,Other,1,2,Two-pore potassium channels (K2P),1
3993,TALK1,Other,1,2,Two-pore potassium channels (K2P),1
3994,CRFS,Other,1,2,Two-pore potassium channels (K2P),1
3995,RPR,Other,1,2,Two-pore potassium channels (K2P),1
3996,TWIK2,Other,1,2,Two-pore potassium channels (K2P),1
3997,NTS2,Other,1,2,Two-pore potassium channels (K2P),1
3998,CIH,Other,1,2,Two-pore potassium channels (K2P),1
3999,BAS,Other,1,2,Two-pore potassium channels (K2P),1
4000,GABRA4,Other,1,2,Two-pore potassium channels (K2P); Voltage-gated calcium channels,2
4001,AUDIT,Other,1,2,Two-pore potassium channels (K2P),1
4002,LDP,Other,1,2,Two-pore potassium channels (K2P),1
4003,CDL,Other,1,2,Two-pore potassium channels (K2P),1
4004,POPDC,Other,1,2,Two-pore potassium channels (K2P),1
4005,EC95,Other,1,2,Two-pore potassium channels (K2P),1
4006,MCMN,Other,1,2,Two-pore potassium channels (K2P),1
4007,CSFA,Other,1,2,Two-pore potassium channels (K2P),1
4008,NMM,Other,1,2,Two-pore potassium channels (K2P),1
4009,KNN,Other,1,2,Two-pore potassium channels (K2P),1
4010,LPFC,Other,1,2,Two-pore potassium channels (K2P),1
4011,MMN,Other,1,2,Two-pore potassium channels (K2P),1
4012,OLED,Other,1,2,Two-pore potassium channels (K2P),1
4013,GTCN,Other,1,2,Two-pore potassium channels (K2P),1
4014,GCN,Other,1,2,Two-pore potassium channels (K2P),1
4015,TCD,Other,1,2,Two-pore potassium channels (K2P),1
4016,STAND,Other,1,2,Two-pore potassium channels (K2P),1
4017,SDAM,Other,1,2,Two-pore potassium channels (K2P),1
4018,MRAM,Other,1,2,Two-pore potassium channels (K2P),1
4019,CSAM,Other,1,2,Two-pore potassium channels (K2P),1
4020,PSMC,Other,1,2,Two-pore potassium channels (K2P),1
4021,PTG,Other,1,2,Two-pore potassium channels (K2P),1
4022,WRU,Other,1,2,Two-pore potassium channels (K2P),1
4023,MCCB,Other,1,2,Two-pore potassium channels (K2P),1
4024,MADRS,Other,1,2,Two-pore potassium channels (K2P),1
4025,SHAPS,Other,1,2,Two-pore potassium channels (K2P),1
4026,NOMA,Other,1,2,Two-pore potassium channels (K2P),1
4027,DRL,Other,1,2,Two-pore potassium channels (K2P),1
4028,SWO,Other,1,2,Two-pore potassium channels (K2P),1
4029,ICNN,Other,1,2,Two-pore potassium channels (K2P),1
4030,CLMI,Other,1,2,Two-pore potassium channels (K2P),1
4031,MSDCDA,Other,1,2,Two-pore potassium channels (K2P),1
4032,HII,Other,1,2,Two-pore potassium channels (K2P),1
4033,PSAI,Other,1,2,Two-pore potassium channels (K2P),1
4034,OMCD,Other,1,2,Two-pore potassium channels (K2P),1
4035,SKOR,Other,1,2,Two-pore potassium channels (K2P),1
4036,DEL,Other,1,2,Acid-sensing ion channels; Two-pore potassium channels (K2P),2
4037,ISA,Other,1,2,Two-pore potassium channels (K2P),1
4038,HEAT,Other,1,2,Two-pore potassium channels (K2P),1
4039,WEHI,Other,1,2,Two-pore potassium channels (K2P),1
4040,APP23,Other,1,2,Inward rectifier potassium channels,1
4041,OXR,Other,1,2,Inward rectifier potassium channels,1
4042,GRIA2,Other,1,2,Inward rectifier potassium channels,1
4043,KCNJ4,Kir,1,2,Inward rectifier potassium channels,1
4044,TAC1,Other,1,2,Inward rectifier potassium channels,1
4045,GABABR2,Other,1,2,Inward rectifier potassium channels,1
4046,NURR1,Other,1,2,Inward rectifier potassium channels,1
4047,HLB,Other,1,2,Inward rectifier potassium channels,1
4048,KIR3,Other,1,2,Inward rectifier potassium channels,1
4049,KV7,Other,1,2,Inward rectifier potassium channels,1
4050,SNEPCO,Other,1,2,Inward rectifier potassium channels,1
4051,SMARCB1,Other,1,2,Inward rectifier potassium channels,1
4052,INI1,Other,1,2,Inward rectifier potassium channels,1
4053,CMRO2,Other,1,2,Inward rectifier potassium channels,1
4054,RKR,Other,1,2,Inward rectifier potassium channels,1
4055,DF1,Other,1,2,Inward rectifier potassium channels,1
4056,SPBE,Other,1,2,Inward rectifier potassium channels,1
4057,ELM,Other,1,2,Inward rectifier potassium channels,1
4058,XLRS,Other,1,2,Inward rectifier potassium channels,1
4059,POLG,Other,1,2,Inward rectifier potassium channels,1
4060,NMSC,Other,1,2,Inward rectifier potassium channels,1
4061,CHANGES,Other,1,2,Inward rectifier potassium channels,1
4062,AQUEOUS,Other,1,2,Inward rectifier potassium channels,1
4063,HUMOR,Other,1,2,Inward rectifier potassium channels,1
4064,HUMAN,Other,1,2,Inward rectifier potassium channels,1
4065,EDEMA,Other,1,2,Inward rectifier potassium channels,1
4066,KIR6,Other,1,2,Inward rectifier potassium channels,1
4067,FDP,Other,1,2,Inward rectifier potassium channels,1
4068,ANLS,Other,1,2,Inward rectifier potassium channels,1
4069,GLUT2,Other,1,2,Inward rectifier potassium channels,1
4070,HCL,Other,1,2,Inward rectifier potassium channels,1
4071,SNTA1,Other,1,2,Inward rectifier potassium channels,1
4072,EFNA3,Other,1,2,Inward rectifier potassium channels,1
4073,EPHA4,Other,1,2,Inward rectifier potassium channels,1
4074,GRM8,Other,1,2,Inward rectifier potassium channels,1
4075,GLUL,Other,1,2,Inward rectifier potassium channels,1
4076,DMPK,Other,1,2,Inward rectifier potassium channels,1
4077,OX1,Other,1,2,Inward rectifier potassium channels,1
4078,OX2,Other,1,2,Inward rectifier potassium channels,1
4079,RS1,Other,1,2,Inward rectifier potassium channels,1
4080,IRBP,Other,1,2,Inward rectifier potassium channels,1
4081,HCI,Other,1,2,Inward rectifier potassium channels,1
4082,GBB,Other,1,2,Inward rectifier potassium channels,1
4083,LHLK,Other,1,2,Inward rectifier potassium channels,1
4084,FF2,Other,1,2,Inward rectifier potassium channels,1
4085,GN11,Other,1,2,Inward rectifier potassium channels,1
4086,BBBP,Other,1,2,Inward rectifier potassium channels,1
4087,FOXP1,Other,1,2,Inward rectifier potassium channels,1
4088,SADG,Other,1,2,Inward rectifier potassium channels,1
4089,EDH,Other,1,2,Inward rectifier potassium channels,1
4090,SE1,Other,1,2,Inward rectifier potassium channels,1
4091,SE56,Other,1,2,Inward rectifier potassium channels,1
4092,SE14,Other,1,2,Inward rectifier potassium channels,1
4093,DND,Other,1,2,Inward rectifier potassium channels,1
4094,RGK,Other,1,2,Inward rectifier potassium channels,1
4095,GWI,Other,1,2,Inward rectifier potassium channels,1
4096,ORAI3,Other,1,2,Inward rectifier potassium channels,1
4097,NER,Other,1,2,Inward rectifier potassium channels,1
4098,TXA2,Other,1,2,Inward rectifier potassium channels,1
4099,GOLD,Other,1,2,Voltage-gated calcium channels,1
4100,GROMACS,Other,1,2,Voltage-gated calcium channels,1
4101,SCA5,Other,1,2,Voltage-gated calcium channels,1
4102,GD1,Other,1,2,Voltage-gated calcium channels,1
4103,GD12,Other,1,2,Voltage-gated calcium channels,1
4104,GD13,Other,1,2,Voltage-gated calcium channels,1
4105,GD14,Other,1,2,Voltage-gated calcium channels,1
4106,RPPA,Other,1,2,Voltage-gated calcium channels,1
4107,XDP,Other,1,2,Voltage-gated calcium channels,1
4108,NFT,Other,1,2,Voltage-gated calcium channels,1
4109,CBGVA,Other,1,2,Voltage-gated calcium channels,1
4110,CBDVA,Other,1,2,Voltage-gated calcium channels,1
4111,DA1,Other,1,2,Voltage-gated calcium channels,1
4112,DA12,Other,1,2,Voltage-gated calcium channels,1
4113,SKO,Other,1,2,Voltage-gated calcium channels,1
4114,SCA1,Other,1,2,Voltage-gated calcium channels,1
4115,ITPR,Other,1,2,Voltage-gated calcium channels,1
4116,SEVO,Other,1,2,Voltage-gated calcium channels,1
4117,EDHF,Other,1,2,Voltage-gated calcium channels,1
4118,DLLF,Other,1,2,Voltage-gated calcium channels,1
4119,SCRA,Other,1,2,Voltage-gated calcium channels,1
4120,AMB,Other,1,2,Voltage-gated calcium channels,1
4121,ZC88,Other,1,2,Voltage-gated calcium channels,1
4122,GCS,Other,1,2,Voltage-gated calcium channels,1
4123,IVIG,Other,1,2,Voltage-gated calcium channels,1
4124,ABHCA,Other,1,2,Voltage-gated calcium channels,1
4125,NRO,Other,1,2,Voltage-gated calcium channels,1
4126,SEP,Other,1,2,Voltage-gated calcium channels,1
4127,CAN,Other,1,2,Voltage-gated calcium channels,1
4128,SRA,Other,1,2,Voltage-gated calcium channels,1
4129,JPH3,Other,1,2,Voltage-gated calcium channels,1
4130,MSO,Other,1,2,Voltage-gated calcium channels,1
4131,NMS,Other,1,2,Voltage-gated calcium channels,1
4132,AKDVF,Other,1,2,Voltage-gated calcium channels,1
4133,IMR32,Other,1,2,Voltage-gated calcium channels,1
4134,RPA,Other,1,2,Voltage-gated calcium channels,1
4135,SNSR4,Other,1,2,Voltage-gated calcium channels,1
4136,SMI32,Other,1,2,Voltage-gated calcium channels,1
4137,MG53,Other,1,2,Lipid-mediated mechanotransduction; Voltage-gated calcium channels,2
4138,SIDER,Other,1,2,Voltage-gated calcium channels; Voltage-gated sodium channels,2
4139,PGD,Other,1,2,Voltage-gated calcium channels,1
4140,NIM,Other,1,2,Voltage-gated calcium channels,1
4141,RELN,Other,1,2,Voltage-gated calcium channels,1
4142,APD50,Other,1,2,Natriuretic peptide signaling; Voltage-gated calcium channels,2
4143,EJP,Other,1,2,Voltage-gated calcium channels,1
4144,NSRH,Other,1,2,Voltage-gated calcium channels,1
4145,TNBS,Other,1,2,Voltage-gated sodium channels,1
4146,BCECF,Other,1,2,TRP channels; Voltage-gated sodium channels,2
4147,PAR2A,Other,1,2,Voltage-gated sodium channels,1
4148,MPT,Other,1,2,Voltage-gated sodium channels,1
4149,NAV1,Other,1,2,Voltage-gated sodium channels,1
4150,TPWL,Other,1,2,Voltage-gated sodium channels,1
4151,PMM,Other,1,2,Voltage-gated sodium channels,1
4152,HYP,Other,1,2,Voltage-gated sodium channels,1
4153,CMH,Other,1,2,Voltage-gated sodium channels,1
4154,CION,Other,1,2,Voltage-gated sodium channels,1
4155,PWL,Other,1,2,Voltage-gated sodium channels,1
4156,SCA27A,Other,1,2,Voltage-gated sodium channels,1
4157,ECEL1,Other,1,2,Voltage-gated sodium channels,1
4158,KIIIA,Other,1,2,Voltage-gated sodium channels,1
4159,EIDEE,Other,1,2,Voltage-gated sodium channels,1
4160,FAT4,Other,1,2,Voltage-gated sodium channels,1
4161,OUD,Other,1,2,Voltage-gated sodium channels,1
4162,USD,Other,1,2,Voltage-gated sodium channels,1
4163,SLIT,Other,1,2,Voltage-gated sodium channels,1
4164,ROBO,Other,1,2,Voltage-gated sodium channels,1
4165,PLEKHM2,Other,1,2,Natriuretic peptide signaling; Voltage-gated sodium channels,2
4166,RYR2,Other,1,2,Natriuretic peptide signaling; Voltage-gated sodium channels,2
4167,ICF,Other,1,2,Voltage-gated sodium channels,1
4168,EA1,Other,1,2,Voltage-gated sodium channels,1
4169,SCA27B,Other,1,2,Voltage-gated sodium channels,1
4170,DYRK1A,Other,1,2,Voltage-gated sodium channels,1
4171,DPR,Other,1,2,Voltage-gated sodium channels,1
4172,FMT,Other,1,2,Voltage-gated sodium channels,1
4173,DNT,Other,1,2,Voltage-gated sodium channels,1
4174,FGF13A,Other,1,2,Voltage-gated sodium channels,1
4175,CUD,Other,1,2,Voltage-gated sodium channels,1
4176,PEPD,Other,1,2,Voltage-gated sodium channels,1
4177,LCB,Other,1,2,Voltage-gated sodium channels,1
4178,CSI,Other,1,2,Voltage-gated sodium channels,1
4179,EIMFS,Other,1,2,Voltage-gated sodium channels,1
4180,PHY,Other,1,2,Voltage-gated sodium channels,1
4181,NDM,Other,1,2,Voltage-gated sodium channels,1
4182,VGSG,Other,1,2,Voltage-gated sodium channels,1
4183,INH,Other,1,2,Voltage-gated sodium channels,1
4184,MORA,Other,1,2,Voltage-gated sodium channels,1
4185,HADS,Other,1,2,Voltage-gated sodium channels,1
4186,NDDI,Other,1,2,Voltage-gated sodium channels,1
4187,LGS,Other,1,2,Voltage-gated sodium channels,1
4188,KRSA,Other,1,2,Voltage-gated sodium channels,1
4189,BDG,Other,1,2,Voltage-gated sodium channels,1
4190,OND,Other,1,2,Voltage-gated sodium channels,1
4191,ANTXR2,Other,1,2,Acid-sensing ion channels,1
4192,CCK2,Other,1,2,Acid-sensing ion channels,1
4193,LPC18,Other,1,2,Acid-sensing ion channels,1
4194,AISC3,Other,1,2,Acid-sensing ion channels,1
4195,AISC,Other,1,2,Acid-sensing ion channels,1
4196,ERD,Other,1,2,Acid-sensing ion channels,1
4197,SOTA,Other,1,2,Acid-sensing ion channels,1
4198,NSP,Other,1,2,Acid-sensing ion channels,1
4199,PBNN,Other,1,2,Acid-sensing ion channels,1
4200,STOML2,Other,1,2,Acid-sensing ion channels,1
4201,MSPAN,Other,1,2,Acid-sensing ion channels,1
4202,DAQ,Other,1,2,Acid-sensing ion channels,1
4203,ASIC5,ASIC,1,2,Acid-sensing ion channels,1
4204,BNN,Other,1,2,Acid-sensing ion channels,1
4205,LLDLL,Other,1,2,Acid-sensing ion channels,1
4206,FMRF,Other,1,2,Acid-sensing ion channels,1
4207,CRDI,Other,1,2,Acid-sensing ion channels,1
4208,CRDII,Other,1,2,Acid-sensing ion channels,1
4209,PC10,Other,1,2,Acid-sensing ion channels,1
4210,NPSF,Other,1,2,Acid-sensing ion channels,1
4211,DCCD,Other,1,2,Acid-sensing ion channels,1
4212,RVR,Other,1,2,Acid-sensing ion channels,1
4213,CP2,Other,1,2,Acid-sensing ion channels,1
4214,DMM,Other,1,2,TRP channels,1
4215,TDI05,Other,1,2,TRP channels,1
4216,SMDD,Other,1,2,TRP channels,1
4217,NINAE,Other,1,2,TRP channels,1
4218,IMR90,Other,1,2,TRP channels,1
4219,UBO,Other,1,2,TRP channels,1
4220,QIC,Other,1,2,TRP channels,1
4221,PPK1,Other,1,2,TRP channels,1
4222,CMA1,Other,1,2,TRP channels,1
4223,EDHO,Other,1,2,TRP channels,1
4224,PBM,Other,1,2,TRP channels,1
4225,PRK,Other,1,2,TRP channels,1
4226,DQKNC,Other,1,2,TRP channels,1
4227,LCMV,Other,1,2,TRP channels,1
4228,NF10,Other,1,2,TRP channels,1
4229,ZPL,Other,1,2,TRP channels,1
4230,SA5,Other,1,2,TRP channels,1
4231,CZP,Other,1,2,TRP channels,1
4232,MRMT,Other,1,2,TRP channels,1
4233,PAS,Other,1,2,TRP channels,1
4234,IFNAR2,Other,1,2,TRP channels,1
4235,DSPN,Other,1,2,TRP channels,1
4236,QUARTER,Other,1,2,TRP channels,1
4237,CENTURY,Other,1,2,TRP channels,1
4238,TPRV4,Other,1,2,TRP channels,1
4239,DMT1,Other,1,2,TRP channels,1
4240,SAOS,Other,1,2,TRP channels,1
4241,RBL2,Other,1,2,TRP channels,1
4242,LIMER,Other,1,2,TRP channels,1
4243,PCJ,Other,1,2,TRP channels,1
4244,PDLC,Other,1,2,TRP channels,1
4245,ALCT,Other,1,2,TRP channels,1
4246,NCAD,Other,1,2,TRP channels,1
4247,GES,Other,1,2,TRP channels,1
4248,RBF,Other,1,2,Lipid-mediated mechanotransduction; TRP channels,2
4249,MER,Other,1,2,TRP channels,1
4250,CHP,Other,1,2,TRP channels,1
4251,PNP,Other,1,2,TRP channels,1
4252,PECS,Other,1,2,TRP channels,1
4253,TSL,Other,1,2,TRP channels,1
4254,HPT,Other,1,2,TRP channels,1
4255,HRH1,Other,1,2,TRP channels,1
4256,HBD,Other,1,2,TRP channels,1
4257,RPD,Other,1,2,TRP channels,1
4258,IBSSS,Other,1,2,TRP channels,1
4259,PND10,Other,1,2,TRP channels,1
4260,ALAS1,Other,1,2,TRP channels,1
4261,PFKFB2,Other,1,2,TRP channels,1
4262,PAX,Other,1,2,TRP channels,1
4263,FGF23,Other,1,2,TRP channels,1
4264,KIF13B,Other,1,2,TRP channels,1
4265,TWEAK,Other,1,2,TRP channels,1
4266,PACL,Other,1,2,TRP channels,1
4267,TRAF,Other,1,2,TRP channels,1
4268,PKDTS,Other,1,2,TRP channels,1
4269,TRVP4,Other,1,2,TRP channels,1
4270,GBSA,Other,1,2,TRP channels,1
4271,MBD,Other,1,2,TRP channels,1
4272,PTPRM,Other,1,2,TRP channels,1
4273,NCSV,Other,1,2,TRP channels,1
4274,ANKR,Other,1,2,TRP channels,1
4275,ANKRD26,Other,1,2,TRP channels,1
4276,MST3,Other,1,2,TRP channels,1
4277,PGT,Other,1,2,TRP channels,1
4278,WD40,Other,1,2,TRP channels,1
4279,NTM,Other,1,2,TRP channels,1
4280,CK19,Other,1,2,TRP channels,1
4281,RAB11,Other,1,2,TRP channels,1
4282,FIP5,Other,1,2,TRP channels,1
4283,RFX,Other,1,2,TRP channels,1
4284,LPM,Other,1,2,TRP channels,1
4285,SSEA,Other,1,2,TRP channels,1
4286,GLI2,Other,1,2,TRP channels,1
4287,IMCD,Other,1,2,TRP channels,1
4288,NPH,Other,1,2,TRP channels,1
4289,CBE,Other,1,2,TRP channels,1
4290,HT29,Other,1,2,TRP channels,1
4291,PZQ,Other,1,2,TRP channels,1
4292,VAMP1,Other,1,2,TRP channels,1
4293,RIRI,Other,1,2,TRP channels,1
4294,HAA,Other,1,2,TRP channels,1
4295,GRAS,Other,1,2,TRP channels,1
4296,SUMA,Other,1,2,TRP channels,1
4297,IONX,Other,1,2,TRP channels,1
4298,MK6,Other,1,2,TRP channels,1
4299,KNEED,Other,1,2,Integrin mechanotransduction,1
4300,JGA,Other,1,2,Integrin mechanotransduction,1
4301,ITGA,Other,1,2,Integrin mechanotransduction,1
4302,MMP3,Other,1,2,Integrin mechanotransduction,1
4303,WM35,Other,1,2,Integrin mechanotransduction,1
4304,TYRP1,Other,1,2,Integrin mechanotransduction,1
4305,TSG,Other,1,2,Integrin mechanotransduction,1
4306,LRP,Other,1,2,Integrin mechanotransduction,1
4307,CETSA,Other,1,2,Integrin mechanotransduction,1
4308,DARTS,Other,1,2,Integrin mechanotransduction,1
4309,NMF,Other,1,2,Integrin mechanotransduction,1
4310,ACAM,Other,1,2,Integrin mechanotransduction,1
4311,EID,Other,1,2,Integrin mechanotransduction,1
4312,PMT,Other,1,2,Integrin mechanotransduction,1
4313,PTU,Other,1,2,Integrin mechanotransduction,1
4314,GBMLGG,Other,1,2,Integrin mechanotransduction,1
4315,ATN,Other,1,2,Integrin mechanotransduction,1
4316,LXA4,Other,1,2,Integrin mechanotransduction,1
4317,CAMDR,Other,1,2,Integrin mechanotransduction,1
4318,FNIII14,Other,1,2,Integrin mechanotransduction,1
4319,CD15,Other,1,2,Integrin mechanotransduction,1
4320,MKN74,Other,1,2,Integrin mechanotransduction,1
4321,SWCNT,Other,1,2,Integrin mechanotransduction,1
4322,TOSCA,Other,1,2,Integrin mechanotransduction,1
4323,SYK,Other,1,2,Integrin mechanotransduction,1
4324,PGAM5,Other,1,2,Integrin mechanotransduction,1
4325,IKAROS,Other,1,2,Integrin mechanotransduction,1
4326,NCB,Other,1,2,Integrin mechanotransduction,1
4327,TRIM71,Other,1,2,Integrin mechanotransduction,1
4328,GIME,Other,1,2,Integrin mechanotransduction,1
4329,MYL12A,Other,1,2,Integrin mechanotransduction,1
4330,NZM,Other,1,2,Integrin mechanotransduction,1
4331,BAFF,Other,1,2,Integrin mechanotransduction,1
4332,NDR,Other,1,2,Integrin mechanotransduction,1
4333,ANG1,Other,1,2,Integrin mechanotransduction,1
4334,PTCH,Other,1,2,Integrin mechanotransduction,1
4335,PBMC,Other,1,2,Integrin mechanotransduction,1
4336,MUC20,Other,1,2,Integrin mechanotransduction,1
4337,MYCBP2,Other,1,2,Integrin mechanotransduction,1
4338,ALCAM,Other,1,2,Gap junction mechanosensitivity; Integrin mechanotransduction,2
4339,PSCA,Other,1,2,Gap junction mechanosensitivity; Integrin mechanotransduction,2
4340,POC,Other,1,2,Integrin mechanotransduction,1
4341,PNKP,Other,1,2,Integrin mechanotransduction,1
4342,TBR,Other,1,2,Integrin mechanotransduction,1
4343,STAT5,Other,1,2,Integrin mechanotransduction,1
4344,DLBCL,Other,1,2,Integrin mechanotransduction,1
4345,SNW1,Other,1,2,Integrin mechanotransduction,1
4346,RAB,Other,1,2,Integrin mechanotransduction,1
4347,TANC1,Other,1,2,Integrin mechanotransduction,1
4348,LAMA1,Other,1,2,Integrin mechanotransduction,1
4349,FBLN1,Other,1,2,Integrin mechanotransduction,1
4350,HAS1,Other,1,2,Integrin mechanotransduction,1
4351,LINGO1,Other,1,2,Integrin mechanotransduction,1
4352,LAV,Other,1,2,Integrin mechanotransduction,1
4353,PBSG,Other,1,2,Integrin mechanotransduction,1
4354,SFA,Other,1,2,Integrin mechanotransduction,1
4355,MUFA,Other,1,2,Integrin mechanotransduction,1
4356,CIB1,Other,1,2,Integrin mechanotransduction,1
4357,SZT2,Other,1,2,Integrin mechanotransduction,1
4358,BCN,Other,1,2,Integrin mechanotransduction,1
4359,PLL,Other,1,2,Integrin mechanotransduction,1
4360,NOTA,Other,1,2,Integrin mechanotransduction,1
4361,PRGD2,Other,1,2,Integrin mechanotransduction,1
4362,DDC,Other,1,2,Integrin mechanotransduction,1
4363,HEY1,Other,1,2,Integrin mechanotransduction,1
4364,NICD,Other,1,2,Integrin mechanotransduction,1
4365,RTE,Other,1,2,Integrin mechanotransduction,1
4366,PRKD,Other,1,2,Integrin mechanotransduction,1
4367,GIT1,Other,1,2,Integrin mechanotransduction,1
4368,RAB7A,Other,1,2,Integrin mechanotransduction,1
4369,ITGB7,Integrin,1,2,Integrin mechanotransduction,1
4370,ITGB1D,Integrin,1,2,Integrin mechanotransduction,1
4371,MD13,Other,1,2,Integrin mechanotransduction,1
4372,CDV,Other,1,2,Integrin mechanotransduction,1
4373,PPRV,Other,1,2,Integrin mechanotransduction,1
4374,TMLC,Other,1,2,Integrin mechanotransduction,1
4375,MEF2C,Other,1,2,Integrin mechanotransduction,1
4376,DIO1,Other,1,2,Integrin mechanotransduction,1
4377,DIO2,Other,1,2,Integrin mechanotransduction,1
4378,CC3,Other,1,2,Integrin mechanotransduction,1
4379,SFI,Other,1,2,Integrin mechanotransduction,1
4380,GFL,Other,1,2,Integrin mechanotransduction,1
4381,KLH,Other,1,2,Integrin mechanotransduction,1
4382,CCN3,Other,1,2,Integrin mechanotransduction,1
4383,SP3,Other,1,2,Integrin mechanotransduction,1
4384,INM,Other,1,2,Integrin mechanotransduction,1
4385,CD62,Other,1,2,Integrin mechanotransduction,1
4386,VRA,Other,1,2,Integrin mechanotransduction,1
4387,COLL,Other,1,2,Integrin mechanotransduction,1
4388,TMK,Other,1,2,Integrin mechanotransduction,1
4389,HMC3,Other,1,2,Integrin mechanotransduction,1
4390,TNN,Other,1,2,Integrin mechanotransduction,1
4391,TUJ1,Other,1,2,Integrin mechanotransduction,1
4392,CHT,Other,1,2,Integrin mechanotransduction,1
4393,ROK,Other,1,2,Integrin mechanotransduction,1
4394,EC1,Other,1,2,Integrin mechanotransduction,1
4395,EC2,Other,1,2,Integrin mechanotransduction,1
4396,HTV,Other,1,2,Gap junction mechanosensitivity,1
4397,FLD,Other,1,2,Gap junction mechanosensitivity,1
4398,KCNQ4,Kv,1,2,Gap junction mechanosensitivity,1
4399,TWD,Other,1,2,Gap junction mechanosensitivity,1
4400,GRN,Other,1,2,Gap junction mechanosensitivity,1
4401,GOSR2,Other,1,2,Gap junction mechanosensitivity,1
4402,CCL4,Other,1,2,Gap junction mechanosensitivity,1
4403,ECMO,Other,1,2,Gap junction mechanosensitivity,1
4404,PMLD1,Other,1,2,Gap junction mechanosensitivity,1
4405,SPG44,Other,1,2,Gap junction mechanosensitivity,1
4406,MARCO,Other,1,2,Gap junction mechanosensitivity,1
4407,AAD,Other,1,2,Gap junction mechanosensitivity,1
4408,PAD11,Other,1,2,Gap junction mechanosensitivity,1
4409,TIDE,Other,1,2,Gap junction mechanosensitivity,1
4410,POLR3,Other,1,2,Gap junction mechanosensitivity,1
4411,CMC,Other,1,2,Gap junction mechanosensitivity,1
4412,TPP,Other,1,2,Gap junction mechanosensitivity,1
4413,ODW,Other,1,2,Gap junction mechanosensitivity,1
4414,PS19,Other,1,2,Gap junction mechanosensitivity,1
4415,PFAS,Other,1,2,Gap junction mechanosensitivity,1
4416,GII,Other,1,2,Gap junction mechanosensitivity,1
4417,PHD3,Other,1,2,Gap junction mechanosensitivity,1
4418,LSG,Other,1,2,Gap junction mechanosensitivity,1
4419,PDCD10,Other,1,2,Gap junction mechanosensitivity,1
4420,SUCNR1,Other,1,2,Gap junction mechanosensitivity,1
4421,ATIR,Other,1,2,Gap junction mechanosensitivity,1
4422,WRS,Other,1,2,Gap junction mechanosensitivity,1
4423,EDU,Other,1,2,Gap junction mechanosensitivity,1
4424,RANTES,Other,1,2,Gap junction mechanosensitivity,1
4425,LCN2,Other,1,2,Gap junction mechanosensitivity,1
4426,VIPAC2,Other,1,2,Gap junction mechanosensitivity,1
4427,HBGB1,Other,1,2,Gap junction mechanosensitivity,1
4428,NLRP2,Other,1,2,Gap junction mechanosensitivity,1
4429,TPPP,Other,1,2,Gap junction mechanosensitivity,1
4430,WIV,Other,1,2,Gap junction mechanosensitivity,1
4431,HBVP,Other,1,2,Gap junction mechanosensitivity,1
4432,GDA,Other,1,2,Gap junction mechanosensitivity,1
4433,EFNB2,Other,1,2,Gap junction mechanosensitivity,1
4434,GJP,Other,1,2,Gap junction mechanosensitivity,1
4435,PMG,Other,1,2,Gap junction mechanosensitivity,1
4436,YOPRO,Other,1,2,Gap junction mechanosensitivity,1
4437,CLDN11,Other,1,2,Gap junction mechanosensitivity,1
4438,PBN,Other,1,2,Gap junction mechanosensitivity,1
4439,CALHM2,Other,1,2,Gap junction mechanosensitivity,1
4440,PN12,Other,1,2,Gap junction mechanosensitivity,1
4441,YLK,Other,1,2,Gap junction mechanosensitivity,1
4442,SNORD37,Other,1,2,Gap junction mechanosensitivity,1
4443,SNORD95,Other,1,2,Gap junction mechanosensitivity,1
4444,CSLC,Other,1,2,Gap junction mechanosensitivity,1
4445,PPDPC,Other,1,2,Lipid-mediated mechanotransduction,1
4446,NDPK,Other,1,2,Lipid-mediated mechanotransduction,1
4447,ADRD,Other,1,2,Lipid-mediated mechanotransduction,1
4448,FICD,Other,1,2,Lipid-mediated mechanotransduction,1
4449,MOH,Other,1,2,Lipid-mediated mechanotransduction,1
4450,ITIH3,Other,1,2,Lipid-mediated mechanotransduction; Natriuretic peptide signaling,2
4451,PHLD,Other,1,2,Lipid-mediated mechanotransduction; Natriuretic peptide signaling,2
4452,NOE1,Other,1,2,Lipid-mediated mechanotransduction; Natriuretic peptide signaling,2
4453,GHR,Other,1,2,Lipid-mediated mechanotransduction,1
4454,DNM1L,Other,1,2,Lipid-mediated mechanotransduction,1
4455,MTOR,Other,1,2,Lipid-mediated mechanotransduction,1
4456,RHEB,Other,1,2,Lipid-mediated mechanotransduction,1
4457,FAIM2,Other,1,2,Lipid-mediated mechanotransduction,1
4458,MT3,Other,1,2,Lipid-mediated mechanotransduction,1
4459,GDE2,Other,1,2,Lipid-mediated mechanotransduction,1
4460,NFL,Other,1,2,Lipid-mediated mechanotransduction,1
4461,ESI,Other,1,2,Lipid-mediated mechanotransduction,1
4462,PC3M,Other,1,2,Lipid-mediated mechanotransduction,1
4463,CRPC,Other,1,2,Lipid-mediated mechanotransduction,1
4464,PDK1,Other,1,2,Lipid-mediated mechanotransduction,1
4465,ATG9,Other,1,2,Lipid-mediated mechanotransduction,1
4466,FOXO3A,Other,1,2,Lipid-mediated mechanotransduction,1
4467,QFS,Other,1,2,Lipid-mediated mechanotransduction,1
4468,NIEHS,Other,1,2,Lipid-mediated mechanotransduction,1
4469,DAGLA,Other,1,2,Lipid-mediated mechanotransduction,1
4470,DAGLB,Other,1,2,Lipid-mediated mechanotransduction,1
4471,CSA,Other,1,2,Lipid-mediated mechanotransduction,1
4472,NLC,Other,1,2,Lipid-mediated mechanotransduction,1
4473,NPHS2,Other,1,2,Lipid-mediated mechanotransduction,1
4474,GDE,Other,1,2,Lipid-mediated mechanotransduction,1
4475,DDHD,Other,1,2,Lipid-mediated mechanotransduction,1
4476,ERC,Other,1,2,Lipid-mediated mechanotransduction,1
4477,SLO,Other,1,2,Lipid-mediated mechanotransduction,1
4478,SFFLRN,Other,1,2,Lipid-mediated mechanotransduction,1
4479,DRB,Other,1,2,Lipid-mediated mechanotransduction,1
4480,PEMT,Other,1,2,Lipid-mediated mechanotransduction,1
4481,ARL1,Other,1,2,Lipid-mediated mechanotransduction,1
4482,ARF3,Other,1,2,Lipid-mediated mechanotransduction,1
4483,NEM,Other,1,2,Lipid-mediated mechanotransduction,1
4484,SREBP1,Other,1,2,Lipid-mediated mechanotransduction,1
4485,FEME,Other,1,2,Lipid-mediated mechanotransduction,1
4486,APPKI,Other,1,2,Lipid-mediated mechanotransduction,1
4487,ADNP,Other,1,2,Lipid-mediated mechanotransduction,1
4488,GEEC,Other,1,2,Lipid-mediated mechanotransduction,1
4489,GBF1,Other,1,2,Lipid-mediated mechanotransduction,1
4490,EIU,Other,1,2,Lipid-mediated mechanotransduction,1
4491,LMP,Other,1,2,Lipid-mediated mechanotransduction,1
4492,TMR,Other,1,2,Lipid-mediated mechanotransduction,1
4493,CERB,Other,1,2,Lipid-mediated mechanotransduction,1
4494,NAV,Other,1,2,Lipid-mediated mechanotransduction,1
4495,VVO,Other,1,2,Lipid-mediated mechanotransduction,1
4496,CLEC5A,Other,1,2,Lipid-mediated mechanotransduction,1
4497,LDLR,Other,1,2,Lipid-mediated mechanotransduction,1
4498,ALK5,Other,1,2,Lipid-mediated mechanotransduction,1
4499,SMAD4,Other,1,2,Lipid-mediated mechanotransduction,1
4500,SALS,Other,1,2,Lipid-mediated mechanotransduction,1
4501,HTRA1,Other,1,2,Lipid-mediated mechanotransduction,1
4502,ARHGAP29,Other,1,2,Lipid-mediated mechanotransduction,1
4503,ATII,Other,1,2,Lipid-mediated mechanotransduction,1
4504,PMVEC,Other,1,2,Lipid-mediated mechanotransduction,1
4505,CAPS,Other,1,2,Lipid-mediated mechanotransduction,1
4506,LWI,Other,1,2,Lipid-mediated mechanotransduction,1
4507,ADAM22,Other,1,2,Lipid-mediated mechanotransduction,1
4508,USCD,Other,1,2,Lipid-mediated mechanotransduction,1
4509,MCF10A,Other,1,2,Lipid-mediated mechanotransduction,1
4510,PAQR,Other,1,2,Lipid-mediated mechanotransduction,1
4511,DGV,Other,1,2,Lipid-mediated mechanotransduction,1
4512,ESCRT,Other,1,2,Chloride and anion channels,1
4513,NEDD4L,Other,1,2,Chloride and anion channels,1
4514,AAG,Other,1,2,Chloride and anion channels,1
4515,CSRNP1,Other,1,2,Chloride and anion channels,1
4516,DUSP5,Other,1,2,Chloride and anion channels,1
4517,LRRC25,Other,1,2,Chloride and anion channels,1
4518,CDSA,Other,1,2,Chloride and anion channels,1
4519,DSI,Other,1,2,Chloride and anion channels,1
4520,EEEEE,Other,1,2,Chloride and anion channels,1
4521,EYE,Other,1,2,Chloride and anion channels,1
4522,ANO9,Chloride,1,2,Chloride and anion channels,1
4523,CLCA2,Other,1,2,Chloride and anion channels,1
4524,MEQ,Other,1,2,Chloride and anion channels,1
4525,HEBSF,Other,1,2,Chloride and anion channels,1
4526,ISCEV,Other,1,2,Chloride and anion channels,1
4527,AAV1,Other,1,2,Chloride and anion channels,1
4528,AOFVD,Other,1,2,Chloride and anion channels,1
4529,VLCML,Other,1,2,Chloride and anion channels,1
4530,IMPG1,Other,1,2,Chloride and anion channels,1
4531,IMPG2,Other,1,2,Chloride and anion channels,1
4532,PNIPAM,Other,1,2,Chloride and anion channels,1
4533,RDH11,Other,1,2,Chloride and anion channels,1
4534,HNAA,Other,1,2,Chloride and anion channels,1
4535,PAX6,Other,1,2,Chloride and anion channels,1
4536,EDI,Other,1,2,Chloride and anion channels,1
4537,MSC2,Other,1,2,Chloride and anion channels,1
4538,RIMS1,Other,1,2,Chloride and anion channels,1
4539,ERM,Other,1,2,Chloride and anion channels,1
4540,SDV,Other,1,2,Natriuretic peptide signaling,1
4541,UCP,Other,1,2,Natriuretic peptide signaling,1
4542,MK2,Other,1,2,Natriuretic peptide signaling,1
4543,ANB,Other,1,2,Natriuretic peptide signaling,1
4544,LEA,Other,1,2,Natriuretic peptide signaling,1
4545,HEA,Other,1,2,Natriuretic peptide signaling,1
4546,HOE,Other,1,2,Natriuretic peptide signaling,1
4547,CCG,Other,1,2,Natriuretic peptide signaling,1
4548,MABP,Other,1,2,Natriuretic peptide signaling,1
4549,CRI,Other,1,2,Natriuretic peptide signaling,1
4550,DDX,Other,1,2,Natriuretic peptide signaling,1
4551,MCIP1,Other,1,2,Natriuretic peptide signaling,1
4552,HPE,Other,1,2,Natriuretic peptide signaling,1
4553,RIPK,Other,1,2,Natriuretic peptide signaling,1
4554,MCIII,Other,1,2,Natriuretic peptide signaling,1
4555,GNAS,Other,1,2,Natriuretic peptide signaling,1
4556,TEK,Other,1,2,Natriuretic peptide signaling,1
4557,TGR,Other,1,2,Natriuretic peptide signaling,1
4558,GCAP1,Other,1,2,Natriuretic peptide signaling,1
4559,NMLA,Other,1,2,Natriuretic peptide signaling,1
4560,VNIO,Other,1,2,Natriuretic peptide signaling,1
4561,RSK,Other,1,2,Natriuretic peptide signaling,1
4562,AOGEN,Other,1,2,Natriuretic peptide signaling,1
4563,MOPEG,Other,1,2,Natriuretic peptide signaling,1
4564,ARM,Other,1,2,Natriuretic peptide signaling,1
4565,HTGC,Other,1,2,Natriuretic peptide signaling,1
4566,PC6,Other,1,2,Natriuretic peptide signaling,1
4567,DLL4,Other,1,2,Natriuretic peptide signaling,1
4568,NPV,Other,1,2,Natriuretic peptide signaling,1
4569,ITP,Other,1,2,Natriuretic peptide signaling,1
4570,FSTL3,Other,1,2,Natriuretic peptide signaling,1
4571,MC3,Other,1,2,Natriuretic peptide signaling,1
4572,MC4,Other,1,2,Natriuretic peptide signaling,1
4573,NPY1,Other,1,2,Natriuretic peptide signaling,1
4574,PICP,Other,1,2,Natriuretic peptide signaling,1
4575,RVLS,Other,1,2,Natriuretic peptide signaling,1
4576,FWSR,Other,1,2,Natriuretic peptide signaling,1
4577,MMAS,Other,1,2,Natriuretic peptide signaling,1
4578,CSL,Other,1,2,Natriuretic peptide signaling,1
4579,FAERS,Other,1,2,Natriuretic peptide signaling,1
4580,MAPLE,Other,1,2,Natriuretic peptide signaling,1
4581,PRADA,Other,1,2,Natriuretic peptide signaling,1
4582,PROSERA,Other,1,2,Natriuretic peptide signaling,1
4583,REVERSE,Other,1,2,Natriuretic peptide signaling,1
4584,SOGALDI,Other,1,2,Natriuretic peptide signaling,1
4585,IHD,Other,1,2,Natriuretic peptide signaling,1
4586,ESAX,Other,1,2,Natriuretic peptide signaling,1
4587,STI,Other,1,2,Natriuretic peptide signaling,1
4588,PIONEER,Other,1,2,Natriuretic peptide signaling,1
4589,LAVI,Other,1,2,Natriuretic peptide signaling,1
4590,RCRI,Other,1,2,Natriuretic peptide signaling,1
4591,HCMEC,Other,1,2,Natriuretic peptide signaling,1
4592,EMPEROR,Other,1,2,Natriuretic peptide signaling,1
4593,TXA2I,Other,1,2,Natriuretic peptide signaling,1
4594,LIFE,Other,1,2,Natriuretic peptide signaling,1
4595,FGF21,Other,1,2,Natriuretic peptide signaling,1
4596,PWV,Other,1,2,Natriuretic peptide signaling,1
4597,GLP1,Other,1,2,Natriuretic peptide signaling,1
4598,CALB1,Other,1,2,Natriuretic peptide signaling,1
4599,CASY,Other,1,2,Natriuretic peptide signaling,1
4600,HSN,Other,1,2,Natriuretic peptide signaling,1
4601,MKO,Other,1,2,Natriuretic peptide signaling,1
4602,MAPKKK,Other,1,2,Natriuretic peptide signaling,1
4603,MAPKK,Other,1,2,Natriuretic peptide signaling,1
4604,ADF,Other,1,2,Natriuretic peptide signaling,1
4605,NPW,Other,1,2,Natriuretic peptide signaling,1
4606,MPK,Other,1,2,Natriuretic peptide signaling,1
4607,SUVR,Other,1,2,Natriuretic peptide signaling,1
4608,NAS,Other,1,2,Natriuretic peptide signaling,1
4609,WT1,Other,1,2,Natriuretic peptide signaling,1
4610,SRH,Other,1,2,Natriuretic peptide signaling,1
4611,MEF,Other,1,2,Natriuretic peptide signaling,1
4612,FMK,Other,1,2,Natriuretic peptide signaling,1
4613,DDA,Other,1,2,Natriuretic peptide signaling,1
4614,DIA,Other,1,2,Natriuretic peptide signaling,1
4615,OLT,Other,1,2,Natriuretic peptide signaling,1
4616,GOM,Other,1,2,Natriuretic peptide signaling,1
4617,CAMPHOR,Other,1,2,Natriuretic peptide signaling,1
4618,TPG,Other,1,2,Natriuretic peptide signaling,1
4619,RESPITE,Other,1,2,Natriuretic peptide signaling,1
4620,AGC,Other,1,2,Natriuretic peptide signaling,1
4621,WCHF,Other,1,2,Natriuretic peptide signaling,1
4622,NGFC,Other,1,2,Natriuretic peptide signaling,1
4623,EF2,Other,1,2,Natriuretic peptide signaling,1
4624,EDC,Other,1,2,Natriuretic peptide signaling,1
4625,NOLA,Other,1,2,Natriuretic peptide signaling,1
4626,BTP2,Other,1,2,Natriuretic peptide signaling,1
4627,EURACAN,Other,1,2,Natriuretic peptide signaling,1
4628,SCAI,Other,1,2,Natriuretic peptide signaling,1
4629,PIMR,Other,1,2,Natriuretic peptide signaling,1
4630,PSM,Other,1,2,Natriuretic peptide signaling,1
4631,LVEDVI,Other,1,2,Natriuretic peptide signaling,1
4632,PCIA,Other,1,2,Natriuretic peptide signaling,1
4633,ADRB,Other,1,2,Natriuretic peptide signaling,1
4634,OPCAB,Other,1,2,Natriuretic peptide signaling,1
4635,STE,Other,1,2,Natriuretic peptide signaling,1
4636,SOFA,Other,1,2,Natriuretic peptide signaling,1
4637,ACTA,Other,1,2,Natriuretic peptide signaling,1
4638,EMPA,Other,1,2,Natriuretic peptide signaling,1
4639,VISION,Other,1,2,Natriuretic peptide signaling,1
4640,SIRT7,Other,1,2,Natriuretic peptide signaling,1
4641,CVF,Other,1,2,Natriuretic peptide signaling,1
4642,XOD,Other,1,2,Natriuretic peptide signaling,1
4643,UFTCA,Other,1,2,Natriuretic peptide signaling,1
4644,PLATO,Other,1,2,Natriuretic peptide signaling,1
4645,TRACER,Other,1,2,Natriuretic peptide signaling,1
4646,BRA,Other,1,2,Natriuretic peptide signaling,1
4647,MHWD,Other,1,2,Natriuretic peptide signaling,1
4648,MLHFQ,Other,1,2,Natriuretic peptide signaling,1
4649,LVOTS,Other,1,2,Natriuretic peptide signaling,1
4650,RHI,Other,1,2,Natriuretic peptide signaling,1
4651,EDD,Other,1,2,Natriuretic peptide signaling,1
4652,IPD,Other,1,2,Natriuretic peptide signaling,1
4653,MLWHF,Other,1,2,Natriuretic peptide signaling,1
4654,PICO,Other,1,2,Natriuretic peptide signaling,1
4655,GRADE,Other,1,2,Natriuretic peptide signaling,1
4656,SLOW,Other,1,2,Natriuretic peptide signaling,1
4657,OHCA,Other,1,2,Natriuretic peptide signaling,1
4658,PCAS,Other,1,2,Natriuretic peptide signaling,1
4659,CCS,Other,1,2,Natriuretic peptide signaling,1
4660,TIMI,Other,1,2,Natriuretic peptide signaling,1
4661,JROAD,Other,1,2,Natriuretic peptide signaling,1
4662,DPC,Other,1,2,Natriuretic peptide signaling,1
4663,TATS,Other,1,2,Natriuretic peptide signaling,1
4664,TOBEC,Other,1,2,Natriuretic peptide signaling,1
4665,PCAF,Other,1,2,Natriuretic peptide signaling,1
4666,GUIDE,Other,1,2,Natriuretic peptide signaling,1
4667,SPDT,Other,1,2,Ultrasound neuromodulation mechanisms,1
4668,NIPBL,Other,1,2,Ultrasound neuromodulation mechanisms,1
4669,IAPP,Other,1,2,Ultrasound neuromodulation mechanisms,1
4670,PKF,Other,1,2,Ultrasound neuromodulation mechanisms,1
4671,DDS,Other,1,2,Ultrasound neuromodulation mechanisms,1
4672,HOS,Other,1,2,Ultrasound neuromodulation mechanisms,1
4673,ATC,Other,1,2,Ultrasound neuromodulation mechanisms,1
4674,MRSI,Other,1,2,Ultrasound neuromodulation mechanisms,1
4675,LLD,Other,1,2,Ultrasound neuromodulation mechanisms,1
4676,TPS,Other,1,2,Ultrasound neuromodulation mechanisms,1
4677,THLE,Other,1,2,Ultrasound neuromodulation mechanisms,1
4678,SUS,Other,1,2,Ultrasound neuromodulation mechanisms,1
4679,BBT,Other,1,2,Ultrasound neuromodulation mechanisms,1
4680,ESIPT,Other,1,2,Ultrasound neuromodulation mechanisms,1
4681,FRI,Other,1,2,Ultrasound neuromodulation mechanisms,1
4682,HDRS,Other,1,2,Ultrasound neuromodulation mechanisms,1
4683,YTHDF2,Other,1,2,Ultrasound neuromodulation mechanisms,1
4684,TRACULA,Other,1,2,Ultrasound neuromodulation mechanisms,1
4685,OMRITUS,Other,1,2,Ultrasound neuromodulation mechanisms,1
4686,SUD,Other,1,2,Ultrasound neuromodulation mechanisms,1
4687,HMI,Other,1,2,Ultrasound neuromodulation mechanisms,1
4688,LMI,Other,1,2,Ultrasound neuromodulation mechanisms,1
4689,SAHE,Other,1,2,Ultrasound neuromodulation mechanisms,1
4690,TUT,Other,1,2,Ultrasound neuromodulation mechanisms,1
4691,FAPI,Other,1,2,Ultrasound neuromodulation mechanisms,1
4692,HHD,Other,1,2,Ultrasound neuromodulation mechanisms,1
4693,PWI,Other,1,2,Ultrasound neuromodulation mechanisms,1
4694,PCCA,Other,1,2,Ultrasound neuromodulation mechanisms,1
4695,NOTCH,Other,1,2,Ultrasound neuromodulation mechanisms,1
4696,SHANK3,Other,1,2,Ultrasound neuromodulation mechanisms,1
4697,OCRL,Other,1,2,Ultrasound neuromodulation mechanisms,1
4698,MYO10,Other,1,2,Ultrasound neuromodulation mechanisms,1
4699,NPC2,Other,1,2,Ultrasound neuromodulation mechanisms,1
4700,EZH,Other,1,2,Ultrasound neuromodulation mechanisms,1
4701,TLR6,Other,1,2,Ultrasound neuromodulation mechanisms,1
4702,ARX,Other,1,2,Ultrasound neuromodulation mechanisms,1
4703,VMAT,Other,1,2,Ultrasound neuromodulation mechanisms,1
4704,GSX2,Other,1,2,Ultrasound neuromodulation mechanisms,1
4705,GB7,Other,1,2,Ultrasound neuromodulation mechanisms,1
4706,IVM,Other,1,2,Ultrasound neuromodulation mechanisms,1
4707,TUBO,Other,1,2,Ultrasound neuromodulation mechanisms,1
4708,HGP,Other,1,2,Ultrasound neuromodulation mechanisms,1
4709,TPEF,Other,1,2,Ultrasound neuromodulation mechanisms,1
4710,GAMBA,Other,1,2,Ultrasound neuromodulation mechanisms,1
4711,MOGAD,Other,1,2,Ultrasound neuromodulation mechanisms,1
4712,LETM,Other,1,2,Ultrasound neuromodulation mechanisms,1
4713,ADEM,Other,1,2,Ultrasound neuromodulation mechanisms,1
4714,GOLGA8A,Other,1,2,Ultrasound neuromodulation mechanisms,1
4715,ALS2,Other,1,2,Ultrasound neuromodulation mechanisms,1
4716,EFNA4,Other,1,2,Ultrasound neuromodulation mechanisms,1
4717,VWC2,Other,1,2,Ultrasound neuromodulation mechanisms,1
4718,INOS,Other,1,2,Ultrasound neuromodulation mechanisms,1
4719,PDK4,Other,1,2,Ultrasound neuromodulation mechanisms,1
4720,BANDDOS,Other,1,2,Ultrasound neuromodulation mechanisms,1
4721,PSCID,Other,1,2,Ultrasound neuromodulation mechanisms,1
4722,DKI,Other,1,2,Ultrasound neuromodulation mechanisms,1
4723,USH1B,Other,1,1,Mechanosensitive ion channels,1
4724,CSPG4,Other,1,1,Mechanosensitive ion channels,1
4725,NLGN3,Other,1,1,Mechanosensitive ion channels,1
4726,LDCV,Other,1,1,Mechanosensitive ion channels,1
4727,FM3,Other,1,1,Mechanosensitive ion channels,1
4728,FMI,Other,1,1,Mechanosensitive ion channels,1
4729,AP3,Other,1,1,Mechanosensitive ion channels,1
4730,DNQX,Other,1,1,Mechanosensitive ion channels,1
4731,PHCCC,Other,1,1,Mechanosensitive ion channels,1
4732,MPPG,Other,1,1,Mechanosensitive ion channels,1
4733,AP4,Other,1,1,Mechanosensitive ion channels,1
4734,GCE,Other,1,1,Mechanosensitive ion channels,1
4735,RVSP,Other,1,1,Mechanosensitive ion channels,1
4736,OSP1,Other,1,1,Mechanosensitive ion channels,1
4737,RUNX3,Other,1,1,Mechanotransduction signaling,1
4738,SHOX2,Other,1,1,Mechanotransduction signaling,1
4739,TREZ,Other,1,1,Mechanotransduction signaling,1
4740,MDFIC,Other,1,1,Mechanotransduction signaling,1
4741,TRIOBP,Other,1,1,Mechanotransduction signaling,1
4742,ANKRD24,Other,1,1,Mechanotransduction signaling,1
4743,PTPRQ,Other,1,1,Mechanotransduction signaling,1
4744,VIIA,Other,1,1,Mechanotransduction signaling,1
4745,EMX2,Other,1,1,Mechanotransduction signaling,1
4746,PMCA2,Other,1,1,Mechanotransduction signaling,1
4747,ANEPPS,Other,1,1,Mechanotransduction signaling,1
4748,KIF5B,Other,1,1,Mechanotransduction signaling,1
4749,CNC,Other,1,1,Mechanotransduction signaling,1
4750,PF4,Other,1,1,Mechanotransduction signaling,1
4751,PIN,Other,1,1,Mechanotransduction signaling,1
4752,FORMED3,Other,1,1,Mechanotransduction signaling,1
4753,PIN6,Other,1,1,Mechanotransduction signaling,1
4754,PIN7,Other,1,1,Mechanotransduction signaling,1
4755,PGM1,Other,1,1,Mechanotransduction signaling,1
4756,LARS2,Other,1,1,Mechanotransduction signaling,1
4757,MFN1,Other,1,1,Mechanotransduction signaling,1
4758,OPA1,Other,1,1,Mechanotransduction signaling,1
4759,OCN,Other,1,1,Mechanotransduction signaling,1
4760,DUOX2,Other,1,1,Mechanotransduction signaling,1
4761,DH44,Other,1,1,Mechanotransduction signaling,1
4762,ETS1,Other,1,1,Mechanotransduction signaling,1
4763,CYR61,Other,1,1,Mechanotransduction signaling,1
4764,LIS,Other,1,1,Mechanotransduction signaling,1
4765,YVC1,Other,1,1,Mechanotransduction signaling,1
4766,ORAI1,Other,1,1,Mechanotransduction signaling,1
4767,ORAI,Other,1,1,Mechanotransduction signaling,1
4768,DTX1,Other,1,1,Mechanotransduction signaling,1
4769,DTX3L,Other,1,1,Mechanotransduction signaling,1
4770,NOTCH1,Other,1,1,Mechanotransduction signaling,1
4771,ELOVL7,Other,1,1,Mechanotransduction signaling,1
4772,RLC,Other,1,1,Mechanotransduction signaling,1
4773,ICS,Other,1,1,Mechanotransduction signaling,1
4774,LM11A,Other,1,1,Mechanotransduction signaling,1
4775,LM22B,Other,1,1,Mechanotransduction signaling,1
4776,XST,Other,1,1,Mechanotransduction signaling,1
4777,OV14,Other,1,1,Mechanotransduction signaling,1
4778,PR14,Other,1,1,Mechanotransduction signaling,1
4779,OPG,Other,1,1,Mechanotransduction signaling,1
4780,RFPEC,Other,1,1,Mechanotransduction signaling,1
4781,S1PR3,Other,1,1,Mechanotransduction signaling,1
4782,DEXA,Other,1,1,Mechanotransduction signaling,1
4783,VPAC2,Other,1,1,Mechanotransduction signaling,1
4784,MFB,Other,1,1,Mechanotransduction signaling,1
4785,PSB,Other,1,1,Mechanotransduction signaling,1
4786,SAA,Other,1,1,Mechanotransduction signaling,1
4787,MGF,Other,1,1,Mechanotransduction signaling,1
4788,HTR,Other,1,1,Mechanotransduction signaling,1
4789,UNC80,Other,1,1,Two-pore potassium channels (K2P),1
4790,UNC79,Other,1,1,Two-pore potassium channels (K2P),1
4791,FHM3,Other,1,1,Two-pore potassium channels (K2P),1
4792,TOK1,Other,1,1,Two-pore potassium channels (K2P),1
4793,LLTT,Other,1,1,Two-pore potassium channels (K2P),1
4794,CINV,Other,1,1,Two-pore potassium channels (K2P),1
4795,IL1B,Other,1,1,Two-pore potassium channels (K2P),1
4796,CACNG2,Other,1,1,Two-pore potassium channels (K2P),1
4797,DNR,Other,1,1,Two-pore potassium channels (K2P),1
4798,LDB,Other,1,1,Two-pore potassium channels (K2P),1
4799,ISHLT,Other,1,1,Two-pore potassium channels (K2P),1
4800,DGPK,Other,1,1,Two-pore potassium channels (K2P),1
4801,WDR25,Other,1,1,Two-pore potassium channels (K2P),1
4802,MKRN3,Other,1,1,Two-pore potassium channels (K2P),1
4803,MAGEL2,Other,1,1,Two-pore potassium channels (K2P),1
4804,CEPH,Other,1,1,Two-pore potassium channels (K2P),1
4805,DMR,Other,1,1,Two-pore potassium channels (K2P),1
4806,IRK2,Other,1,1,Two-pore potassium channels (K2P),1
4807,PANI,Other,1,1,Two-pore potassium channels (K2P),1
4808,EIP,Other,1,1,Two-pore potassium channels (K2P),1
4809,ANR,Other,1,1,Two-pore potassium channels (K2P),1
4810,VGG,Other,1,1,Two-pore potassium channels (K2P),1
4811,ISBI,Other,1,1,Two-pore potassium channels (K2P),1
4812,BIDS,Other,1,1,Two-pore potassium channels (K2P),1
4813,DSFS,Other,1,1,Two-pore potassium channels (K2P),1
4814,FHO,Other,1,1,Two-pore potassium channels (K2P),1
4815,OAI,Other,1,1,Two-pore potassium channels (K2P),1
4816,IED,Other,1,1,Two-pore potassium channels (K2P),1
4817,EDF,Other,1,1,Two-pore potassium channels (K2P),1
4818,MVPA,Other,1,1,Two-pore potassium channels (K2P),1
4819,PVDF,Other,1,1,Two-pore potassium channels (K2P),1
4820,MHSA,Other,1,1,Two-pore potassium channels (K2P),1
4821,CTSSP,Other,1,1,Two-pore potassium channels (K2P),1
4822,RQ1,Other,1,1,Two-pore potassium channels (K2P),1
4823,RASFF,Other,1,1,Two-pore potassium channels (K2P),1
4824,SDST,Other,1,1,Two-pore potassium channels (K2P),1
4825,PAL,Other,1,1,Two-pore potassium channels (K2P),1
4826,ICCL,Other,1,1,Two-pore potassium channels (K2P),1
4827,MESA,Other,1,1,Two-pore potassium channels (K2P),1
4828,NCAA,Other,1,1,Two-pore potassium channels (K2P),1
4829,GGCAM,Other,1,1,Two-pore potassium channels (K2P),1
4830,MDSDC,Other,1,1,Two-pore potassium channels (K2P),1
4831,MHLFF,Other,1,1,Two-pore potassium channels (K2P),1
4832,CTI,Other,1,1,Two-pore potassium channels (K2P),1
4833,STFT,Other,1,1,Two-pore potassium channels (K2P),1
4834,VIIT,Other,1,1,Two-pore potassium channels (K2P),1
4835,MICT,Other,1,1,Two-pore potassium channels (K2P),1
4836,MOOC,Other,1,1,Two-pore potassium channels (K2P),1
4837,EX2,Other,1,1,Two-pore potassium channels (K2P),1
4838,CH3,Other,1,1,Two-pore potassium channels (K2P),1
4839,CH9,Other,1,1,Two-pore potassium channels (K2P),1
4840,CH8,Other,1,1,Two-pore potassium channels (K2P),1
4841,CH10,Other,1,1,Two-pore potassium channels (K2P),1
4842,GLMM,Other,1,1,Two-pore potassium channels (K2P),1
4843,SPN,Other,1,1,Two-pore potassium channels (K2P),1
4844,MEGIN,Other,1,1,Two-pore potassium channels (K2P),1
4845,IUCN,Other,1,1,Two-pore potassium channels (K2P),1
4846,UICN,Other,1,1,Two-pore potassium channels (K2P),1
4847,BOR,Other,1,1,Two-pore potassium channels (K2P),1
4848,HGD,Other,1,1,Two-pore potassium channels (K2P),1
4849,JPE,Other,1,1,Two-pore potassium channels (K2P),1
4850,DLRCSP,Other,1,1,Two-pore potassium channels (K2P),1
4851,LLE,Other,1,1,Two-pore potassium channels (K2P),1
4852,SEED,Other,1,1,Two-pore potassium channels (K2P),1
4853,HIED,Other,1,1,Two-pore potassium channels (K2P),1
4854,ENX,Other,1,1,Two-pore potassium channels (K2P),1
4855,PO8,Other,1,1,Two-pore potassium channels (K2P),1
4856,FCO,Other,1,1,Two-pore potassium channels (K2P),1
4857,FNIRS,Other,1,1,Two-pore potassium channels (K2P),1
4858,NON,Other,1,1,Two-pore potassium channels (K2P),1
4859,BRIEF,Other,1,1,Two-pore potassium channels (K2P),1
4860,MSTSA,Other,1,1,Two-pore potassium channels (K2P),1
4861,TDSCFN,Other,1,1,Two-pore potassium channels (K2P),1
4862,MATRICS,Other,1,1,Two-pore potassium channels (K2P),1
4863,UHM,Other,1,1,Two-pore potassium channels (K2P),1
4864,VAS3,Other,1,1,Two-pore potassium channels (K2P),1
4865,VAS7,Other,1,1,Two-pore potassium channels (K2P),1
4866,YOLO,Other,1,1,Two-pore potassium channels (K2P),1
4867,RHM,Other,1,1,Two-pore potassium channels (K2P),1
4868,PCFA,Other,1,1,Two-pore potassium channels (K2P),1
4869,PRIR,Other,1,1,Two-pore potassium channels (K2P),1
4870,DNN,Other,1,1,Two-pore potassium channels (K2P),1
4871,KMNIST,Other,1,1,Two-pore potassium channels (K2P),1
4872,TSEF,Other,1,1,Two-pore potassium channels (K2P),1
4873,BCIAUT,Other,1,1,Two-pore potassium channels (K2P),1
4874,WML,Other,1,1,Two-pore potassium channels (K2P),1
4875,IBL,Other,1,1,Two-pore potassium channels (K2P),1
4876,NWM,Other,1,1,Two-pore potassium channels (K2P),1
4877,GWA,Other,1,1,Two-pore potassium channels (K2P),1
4878,SNP2,Other,1,1,Two-pore potassium channels (K2P),1
4879,SNP7,Other,1,1,Two-pore potassium channels (K2P),1
4880,TSAI,Other,1,1,Two-pore potassium channels (K2P),1
4881,NSAI,Other,1,1,Two-pore potassium channels (K2P),1
4882,HCO3,Other,1,1,Two-pore potassium channels (K2P),1
4883,MSL,Other,1,1,Two-pore potassium channels (K2P),1
4884,MCU,Other,1,1,Two-pore potassium channels (K2P),1
4885,MG63,Other,1,1,Two-pore potassium channels (K2P),1
4886,TMEM87A,Other,1,1,Two-pore potassium channels (K2P),1
4887,TMEM87,Other,1,1,Two-pore potassium channels (K2P),1
4888,TMHS,Other,1,1,Two-pore potassium channels (K2P),1
4889,MCS,Other,1,1,Two-pore potassium channels (K2P),1
4890,KCNA,Other,1,1,Two-pore potassium channels (K2P),1
4891,KCND,Other,1,1,Two-pore potassium channels (K2P),1
4892,KCNF,Other,1,1,Two-pore potassium channels (K2P),1
4893,KCNH,Other,1,1,Two-pore potassium channels (K2P),1
4894,KCNS,Other,1,1,Two-pore potassium channels (K2P),1
4895,KCNM,Other,1,1,Two-pore potassium channels (K2P),1
4896,KCNN,Other,1,1,Two-pore potassium channels (K2P),1
4897,KCNJ,Other,1,1,Two-pore potassium channels (K2P),1
4898,LP1,Other,1,1,Two-pore potassium channels (K2P),1
4899,STORM,Other,1,1,Two-pore potassium channels (K2P),1
4900,COVID19,Other,1,1,Two-pore potassium channels (K2P),1
4901,RBM,Other,1,1,Two-pore potassium channels (K2P),1
4902,DEAP,Other,1,1,Two-pore potassium channels (K2P),1
4903,BINA,Other,1,1,Two-pore potassium channels (K2P),1
4904,DTX,Other,1,1,Two-pore potassium channels (K2P),1
4905,SAL,Other,1,1,Two-pore potassium channels (K2P),1
4906,RAB13,Other,1,1,Two-pore potassium channels (K2P),1
4907,MAGUK,Other,1,1,Two-pore potassium channels (K2P),1
4908,MPP3,Other,1,1,Two-pore potassium channels (K2P),1
4909,PMVC,Other,1,1,Inward rectifier potassium channels,1
4910,TMD2,Other,1,1,Inward rectifier potassium channels,1
4911,NBD2,Other,1,1,Inward rectifier potassium channels,1
4912,CPPG,Other,1,1,Inward rectifier potassium channels,1
4913,FAT,Other,1,1,Inward rectifier potassium channels,1
4914,DN1,Other,1,1,Inward rectifier potassium channels,1
4915,DN2,Other,1,1,Inward rectifier potassium channels,1
4916,NCDC,Other,1,1,Inward rectifier potassium channels,1
4917,YC2,Other,1,1,Inward rectifier potassium channels,1
4918,ENK,Other,1,1,Inward rectifier potassium channels,1
4919,AFDX,Other,1,1,Inward rectifier potassium channels,1
4920,NST,Other,1,1,Inward rectifier potassium channels,1
4921,CXC,Other,1,1,Inward rectifier potassium channels,1
4922,SCREEN,Other,1,1,Inward rectifier potassium channels,1
4923,WELL,Other,1,1,Inward rectifier potassium channels,1
4924,HFTD,Other,1,1,Inward rectifier potassium channels,1
4925,TPSC,Other,1,1,Inward rectifier potassium channels,1
4926,APQ1,Other,1,1,Inward rectifier potassium channels,1
4927,AGT,Other,1,1,Inward rectifier potassium channels,1
4928,VEZF1,Other,1,1,Inward rectifier potassium channels,1
4929,NYU,Other,1,1,Inward rectifier potassium channels,1
4930,SAP97,Other,1,1,Inward rectifier potassium channels,1
4931,AHAVD,Other,1,1,Inward rectifier potassium channels,1
4932,HRMA,Other,1,1,Inward rectifier potassium channels,1
4933,KCC,Other,1,1,Inward rectifier potassium channels,1
4934,CRFR1,Other,1,1,Inward rectifier potassium channels,1
4935,CRFR2,Other,1,1,Inward rectifier potassium channels,1
4936,FXN,Other,1,1,Inward rectifier potassium channels,1
4937,ATP5B,Other,1,1,Inward rectifier potassium channels,1
4938,AFSC,Other,1,1,Inward rectifier potassium channels,1
4939,TNNP,Other,1,1,Inward rectifier potassium channels,1
4940,CXCR7,Other,1,1,Inward rectifier potassium channels,1
4941,LVN,Other,1,1,Inward rectifier potassium channels,1
4942,CGP,Other,1,1,Inward rectifier potassium channels,1
4943,ABLK,Other,1,1,Inward rectifier potassium channels,1
4944,SELK,Other,1,1,Inward rectifier potassium channels,1
4945,AZIN,Other,1,1,Inward rectifier potassium channels,1
4946,ROMK2,Other,1,1,Inward rectifier potassium channels,1
4947,BB3,Other,1,1,Inward rectifier potassium channels,1
4948,WNK3,Other,1,1,Inward rectifier potassium channels,1
4949,STE20,Other,1,1,Inward rectifier potassium channels,1
4950,SPS1,Other,1,1,Inward rectifier potassium channels,1
4951,HDX,Other,1,1,Inward rectifier potassium channels,1
4952,FCCP,Other,1,1,Inward rectifier potassium channels,1
4953,IRP,Other,1,1,Inward rectifier potassium channels,1
4954,IRE,Other,1,1,Inward rectifier potassium channels,1
4955,TPQ,Other,1,1,Inward rectifier potassium channels,1
4956,EPSP5,Other,1,1,Inward rectifier potassium channels,1
4957,EPSP1,Other,1,1,Inward rectifier potassium channels,1
4958,SNV,Other,1,1,Inward rectifier potassium channels,1
4959,NEFL,Other,1,1,Inward rectifier potassium channels,1
4960,DEET,Other,1,1,Inward rectifier potassium channels,1
4961,KRGE,Other,1,1,Inward rectifier potassium channels,1
4962,KCNMB4,Other,1,1,Inward rectifier potassium channels,1
4963,DHBA,Other,1,1,Inward rectifier potassium channels,1
4964,MADM,Other,1,1,Inward rectifier potassium channels,1
4965,MADM6,Other,1,1,Inward rectifier potassium channels,1
4966,VGLUT,Other,1,1,Inward rectifier potassium channels,1
4967,KCNN2,Other,1,1,Inward rectifier potassium channels,1
4968,SERM,Other,1,1,Inward rectifier potassium channels,1
4969,UCD,Other,1,1,Inward rectifier potassium channels,1
4970,OTC,Other,1,1,Inward rectifier potassium channels,1
4971,NH4,Other,1,1,Inward rectifier potassium channels,1
4972,ROMK1,Other,1,1,Inward rectifier potassium channels,1
4973,SUR2B,Other,1,1,Inward rectifier potassium channels,1
4974,PDS,Other,1,1,Inward rectifier potassium channels,1
4975,CACNA1,Other,1,1,Voltage-gated calcium channels,1
4976,SPTBN2,Other,1,1,Voltage-gated calcium channels,1
4977,AWS,Other,1,1,Voltage-gated calcium channels,1
4978,MRMT1,Other,1,1,Voltage-gated calcium channels,1
4979,GAT3,Other,1,1,Voltage-gated calcium channels,1
4980,TYPE,Other,1,1,Voltage-gated calcium channels,1
4981,NTSR,Other,1,1,Voltage-gated calcium channels,1
4982,STAC,Other,1,1,Voltage-gated calcium channels,1
4983,AID,Other,1,1,Voltage-gated calcium channels,1
4984,IS3,Other,1,1,Voltage-gated calcium channels,1
4985,IKDR,Other,1,1,Voltage-gated calcium channels,1
4986,ISK,Other,1,1,Voltage-gated calcium channels,1
4987,IBK,Other,1,1,Voltage-gated calcium channels,1
4988,VBN,Other,1,1,Voltage-gated calcium channels,1
4989,SSTO,Other,1,1,Voltage-gated calcium channels,1
4990,GABAR,Other,1,1,Voltage-gated calcium channels,1
4991,IAHP,Other,1,1,Voltage-gated calcium channels,1
4992,CFR,Other,1,1,Voltage-gated calcium channels,1
4993,PPTN,Other,1,1,Voltage-gated calcium channels,1
4994,PKIP,Other,1,1,Voltage-gated calcium channels,1
4995,AHPS,Other,1,1,Voltage-gated calcium channels,1
4996,PLWH,Other,1,1,Voltage-gated calcium channels,1
4997,CACHD1,Other,1,1,Voltage-gated calcium channels,1
4998,GPR54,Other,1,1,Voltage-gated calcium channels,1
4999,GBL,Other,1,1,Voltage-gated calcium channels,1
5000,NMUR1,Other,1,1,Voltage-gated calcium channels,1
5001,KV4,Other,1,1,Voltage-gated calcium channels,1
5002,PAV,Other,1,1,Voltage-gated calcium channels,1
5003,ACAN,Other,1,1,Voltage-gated calcium channels,1
5004,WWP1,Other,1,1,Voltage-gated calcium channels,1
5005,BPP2,Other,1,1,Voltage-gated calcium channels,1
5006,DM1,Other,1,1,Voltage-gated calcium channels,1
5007,DM2,Other,1,1,Voltage-gated calcium channels,1
5008,CSNB2,Other,1,1,Voltage-gated calcium channels,1
5009,CVB,Other,1,1,Voltage-gated calcium channels,1
5010,RIMLF,Other,1,1,Voltage-gated calcium channels,1
5011,SCHEMA,Other,1,1,Voltage-gated calcium channels,1
5012,KCTD17,Other,1,1,Voltage-gated calcium channels,1
5013,MSSNG,Other,1,1,Voltage-gated calcium channels,1
5014,EPHA,Other,1,1,Voltage-gated calcium channels,1
5015,BCTC,Other,1,1,Voltage-gated calcium channels,1
5016,ORX,Other,1,1,Voltage-gated calcium channels,1
5017,SOX11,Other,1,1,Voltage-gated calcium channels,1
5018,VINP,Other,1,1,Voltage-gated calcium channels,1
5019,MRSX33,Other,1,1,Voltage-gated calcium channels,1
5020,SP19,Other,1,1,Voltage-gated sodium channels,1
5021,CIPS,Other,1,1,Voltage-gated sodium channels,1
5022,SENP2,Other,1,1,Voltage-gated sodium channels,1
5023,CRIPSR,Other,1,1,Voltage-gated sodium channels,1
5024,NGN1,Other,1,1,Voltage-gated sodium channels,1
5025,PHN,Other,1,1,Voltage-gated sodium channels,1
5026,NLB,Other,1,1,Voltage-gated sodium channels,1
5027,HBBJ,Other,1,1,Voltage-gated sodium channels,1
5028,MPWT,Other,1,1,Voltage-gated sodium channels,1
5029,DHHC3,Other,1,1,Voltage-gated sodium channels,1
5030,LSR,Other,1,1,Voltage-gated sodium channels,1
5031,CNO,Other,1,1,Voltage-gated sodium channels,1
5032,SCDH,Other,1,1,Voltage-gated sodium channels,1
5033,PDTC,Other,1,1,Voltage-gated sodium channels,1
5034,CALM3,Other,1,1,Voltage-gated sodium channels,1
5035,EIPA,Other,1,1,Voltage-gated sodium channels,1
5036,ATXII,Other,1,1,Voltage-gated sodium channels,1
5037,ANCOVA,Other,1,1,Voltage-gated sodium channels,1
5038,ITG,Other,1,1,Voltage-gated sodium channels,1
5039,SMD,Other,1,1,Voltage-gated sodium channels,1
5040,FHF4,Other,1,1,Voltage-gated sodium channels,1
5041,IESS,Other,1,1,Voltage-gated sodium channels,1
5042,CACGTG,Other,1,1,Voltage-gated sodium channels,1
5043,MYOD1,Other,1,1,Voltage-gated sodium channels,1
5044,CAGCTG,Other,1,1,Voltage-gated sodium channels,1
5045,TRM,Other,1,1,Voltage-gated sodium channels,1
5046,XOR,Other,1,1,Voltage-gated sodium channels,1
5047,NDNF,Other,1,1,Voltage-gated sodium channels,1
5048,EPP,Other,1,1,Voltage-gated sodium channels,1
5049,MFAP,Other,1,1,Voltage-gated sodium channels,1
5050,GBM6,Other,1,1,Voltage-gated sodium channels,1
5051,WK1,Other,1,1,Voltage-gated sodium channels,1
5052,FGF11,Other,1,1,Voltage-gated sodium channels,1
5053,FGFR,Other,1,1,Voltage-gated sodium channels,1
5054,IB2,Other,1,1,Voltage-gated sodium channels,1
5055,KLHDC2,Other,1,1,Voltage-gated sodium channels,1
5056,EA6,Other,1,1,Voltage-gated sodium channels,1
5057,GGGGCC,Other,1,1,Voltage-gated sodium channels,1
5058,MFLT,Other,1,1,Voltage-gated sodium channels,1
5059,IFMT,Other,1,1,Voltage-gated sodium channels,1
5060,MFMT,Other,1,1,Voltage-gated sodium channels,1
5061,FGF12A,Other,1,1,Voltage-gated sodium channels,1
5062,OMR,Other,1,1,Voltage-gated sodium channels,1
5063,XIII,Other,1,1,Voltage-gated sodium channels,1
5064,IATA,Other,1,1,Voltage-gated sodium channels,1
5065,KER,Other,1,1,Voltage-gated sodium channels,1
5066,AAV6,Other,1,1,Voltage-gated sodium channels,1
5067,IFM,Other,1,1,Voltage-gated sodium channels,1
5068,LTGO,Other,1,1,Voltage-gated sodium channels,1
5069,GASH,Other,1,1,Voltage-gated sodium channels,1
5070,OD1,Other,1,1,Voltage-gated sodium channels,1
5071,FHF2,Other,1,1,Voltage-gated sodium channels,1
5072,FHF2A,Other,1,1,Voltage-gated sodium channels,1
5073,FHF2B,Other,1,1,Voltage-gated sodium channels,1
5074,FIGQY,Other,1,1,Voltage-gated sodium channels,1
5075,AESD,Other,1,1,Voltage-gated sodium channels,1
5076,RBFOX,Other,1,1,Voltage-gated sodium channels,1
5077,AERRPS,Other,1,1,Voltage-gated sodium channels,1
5078,POLG1,Other,1,1,Voltage-gated sodium channels,1
5079,NRSF,Other,1,1,Voltage-gated sodium channels,1
5080,IVS5N,Other,1,1,Voltage-gated sodium channels,1
5081,IIS4,Other,1,1,Voltage-gated sodium channels,1
5082,PN1,Other,1,1,Voltage-gated sodium channels,1
5083,FLUO,Other,1,1,Voltage-gated sodium channels,1
5084,HEVD,Other,1,1,Voltage-gated sodium channels,1
5085,RISCIS,Other,1,1,Voltage-gated sodium channels,1
5086,PROTECT,Other,1,1,Voltage-gated sodium channels,1
5087,SSSE,Other,1,1,Voltage-gated sodium channels,1
5088,CLB,Other,1,1,Voltage-gated sodium channels,1
5089,LEV,Other,1,1,Voltage-gated sodium channels,1
5090,MOA,Other,1,1,Voltage-gated sodium channels,1
5091,STK,Other,1,1,Voltage-gated sodium channels,1
5092,FGA,Other,1,1,Voltage-gated sodium channels,1
5093,MTH,Other,1,1,Voltage-gated sodium channels,1
5094,LD95,Other,1,1,Voltage-gated sodium channels,1
5095,DMSC,Other,1,1,Voltage-gated sodium channels,1
5096,HCVR,Other,1,1,Voltage-gated sodium channels,1
5097,CSAS,Other,1,1,Voltage-gated sodium channels,1
5098,NRI,Other,1,1,Voltage-gated sodium channels,1
5099,VCRU,Other,1,1,Voltage-gated sodium channels,1
5100,RR50,Other,1,1,Voltage-gated sodium channels,1
5101,TTG,Other,1,1,Voltage-gated sodium channels,1
5102,TGC,Other,1,1,Voltage-gated sodium channels,1
5103,TGT,Other,1,1,Voltage-gated sodium channels,1
5104,GGG,Other,1,1,Voltage-gated sodium channels,1
5105,GGA,Other,1,1,Voltage-gated sodium channels,1
5106,CASE,Other,1,1,Voltage-gated sodium channels,1
5107,REPORT,Other,1,1,Voltage-gated sodium channels,1
5108,ENO2,Other,1,1,Voltage-gated sodium channels,1
5109,NES,Other,1,1,Voltage-gated sodium channels,1
5110,ACHE,Other,1,1,Voltage-gated sodium channels,1
5111,BRN3A,Other,1,1,Voltage-gated sodium channels,1
5112,MNX1,Other,1,1,Voltage-gated sodium channels,1
5113,GB30,Other,1,1,Voltage-gated sodium channels,1
5114,SNC5A,Other,1,1,Voltage-gated sodium channels,1
5115,WST,Other,1,1,Voltage-gated sodium channels,1
5116,SVT,Other,1,1,Voltage-gated sodium channels,1
5117,VSVG,Other,1,1,Voltage-gated sodium channels,1
5118,EB1,Other,1,1,Voltage-gated sodium channels,1
5119,EB3,Other,1,1,Voltage-gated sodium channels,1
5120,CIPA,Other,1,1,Voltage-gated sodium channels,1
5121,NFAT1,Other,1,1,Acid-sensing ion channels,1
5122,LIC,Other,1,1,Acid-sensing ion channels,1
5123,CAMK1,Other,1,1,Acid-sensing ion channels,1
5124,MEIS1,Other,1,1,Acid-sensing ion channels,1
5125,NK2R,Other,1,1,Acid-sensing ion channels,1
5126,NKR,Other,1,1,Acid-sensing ion channels,1
5127,GNDF,Other,1,1,Acid-sensing ion channels,1
5128,LPC16,Other,1,1,Acid-sensing ion channels,1
5129,CASP,Other,1,1,Acid-sensing ion channels,1
5130,ASC06,Other,1,1,Acid-sensing ion channels,1
5131,UPS,Other,1,1,Acid-sensing ion channels,1
5132,FENT,Other,1,1,Acid-sensing ion channels,1
5133,PWMT,Other,1,1,Acid-sensing ion channels,1
5134,PWTL,Other,1,1,Acid-sensing ion channels,1
5135,ZCR,Other,1,1,Acid-sensing ion channels,1
5136,ISRUC,Other,1,1,Acid-sensing ion channels,1
5137,GPR65,Other,1,1,Acid-sensing ion channels,1
5138,QRE,Other,1,1,Acid-sensing ion channels,1
5139,TRIOZAN,Other,1,1,Acid-sensing ion channels,1
5140,UMC,Other,1,1,Acid-sensing ion channels,1
5141,RAM,Other,1,1,Acid-sensing ion channels,1
5142,SNE,Other,1,1,Acid-sensing ion channels,1
5143,NEO,Other,1,1,Acid-sensing ion channels,1
5144,FSDE,Other,1,1,Acid-sensing ion channels,1
5145,FFD,Other,1,1,Acid-sensing ion channels,1
5146,TRAPM,Other,1,1,Acid-sensing ion channels,1
5147,TACR1,Other,1,1,Acid-sensing ion channels,1
5148,VDSC,Other,1,1,Acid-sensing ion channels,1
5149,CGRPR,Other,1,1,Acid-sensing ion channels,1
5150,PBFCL,Other,1,1,Acid-sensing ion channels,1
5151,PCB,Other,1,1,Acid-sensing ion channels,1
5152,EIS,Other,1,1,Acid-sensing ion channels,1
5153,MAU,Other,1,1,Acid-sensing ion channels,1
5154,SSKF,Other,1,1,Acid-sensing ion channels,1
5155,CFIC,Other,1,1,Acid-sensing ion channels,1
5156,DCNN,Other,1,1,Acid-sensing ion channels,1
5157,AIFC,Other,1,1,Acid-sensing ion channels,1
5158,SIFC,Other,1,1,Acid-sensing ion channels,1
5159,ASIFC,Other,1,1,Acid-sensing ion channels,1
5160,WOG,Other,1,1,Acid-sensing ion channels,1
5161,BIH,Other,1,1,Acid-sensing ion channels,1
5162,SNN,Other,1,1,Acid-sensing ion channels,1
5163,SPICE,Other,1,1,Acid-sensing ion channels,1
5164,FALSE,Other,1,1,Acid-sensing ion channels,1
5165,NAND,Other,1,1,Acid-sensing ion channels,1
5166,DVTE,Other,1,1,Acid-sensing ion channels,1
5167,TITAN,Other,1,1,Acid-sensing ion channels,1
5168,BCD,Other,1,1,Acid-sensing ion channels,1
5169,NSAID,Other,1,1,Acid-sensing ion channels,1
5170,BMB,Other,1,1,Acid-sensing ion channels,1
5171,ACA,Other,1,1,Acid-sensing ion channels,1
5172,LCRRG,Other,1,1,Acid-sensing ion channels,1
5173,FSC,Other,1,1,Acid-sensing ion channels,1
5174,ACCN1,Other,1,1,Acid-sensing ion channels,1
5175,HSB,Other,1,1,Acid-sensing ion channels,1
5176,NHBE,Other,1,1,Acid-sensing ion channels,1
5177,SAEC,Other,1,1,Acid-sensing ion channels,1
5178,ASICS,Other,1,1,Acid-sensing ion channels,1
5179,CORD8,Other,1,1,Acid-sensing ion channels,1
5180,CORD9,Other,1,1,Acid-sensing ion channels,1
5181,SPASIC,Other,1,1,Acid-sensing ion channels,1
5182,SPL,Other,1,1,TRP channels,1
5183,WMT,Other,1,1,TRP channels,1
5184,GTL,Other,1,1,TRP channels,1
5185,HODE,Other,1,1,TRP channels,1
5186,NSAIDS,Other,1,1,TRP channels,1
5187,TRMP8,Other,1,1,TRP channels,1
5188,TFOS,Other,1,1,TRP channels,1
5189,DEWS,Other,1,1,TRP channels,1
5190,PAPC,Other,1,1,TRP channels,1
5191,AMG,Other,1,1,TRP channels,1
5192,TRPVI,Other,1,1,TRP channels,1
5193,KNRK,Other,1,1,TRP channels,1
5194,GRK6,Other,1,1,TRP channels,1
5195,AP18,Other,1,1,TRP channels,1
5196,INAD,Other,1,1,TRP channels,1
5197,TRPC7,TRP,1,1,TRP channels,1
5198,ANKTM1,Other,1,1,TRP channels,1
5199,CXCL8,Other,1,1,TRP channels,1
5200,CCL5,Other,1,1,TRP channels,1
5201,PBQ,Other,1,1,TRP channels,1
5202,PRKCB,Other,1,1,TRP channels,1
5203,CAMK2G,Other,1,1,TRP channels,1
5204,ADCY5,Other,1,1,TRP channels,1
5205,MAPK13,Other,1,1,TRP channels,1
5206,BDKRB1,Other,1,1,TRP channels,1
5207,PGJ,Other,1,1,TRP channels,1
5208,SI1,Other,1,1,TRP channels,1
5209,PARP1,Other,1,1,TRP channels,1
5210,PNE,Other,1,1,TRP channels,1
5211,CALCA,Other,1,1,TRP channels,1
5212,GPX,Other,1,1,TRP channels,1
5213,IVL,Other,1,1,TRP channels,1
5214,SEBES,Other,1,1,TRP channels,1
5215,RBL,Other,1,1,TRP channels,1
5216,PAD4,Other,1,1,TRP channels,1
5217,OBD,Other,1,1,TRP channels,1
5218,PCO,Other,1,1,TRP channels,1
5219,EDN1,Other,1,1,TRP channels,1
5220,PAEC,Other,1,1,TRP channels,1
5221,DHLF,Other,1,1,TRP channels,1
5222,NHLF,Other,1,1,TRP channels,1
5223,BLASTP,Other,1,1,TRP channels,1
5224,TRPML2,Other,1,1,TRP channels,1
5225,TPPML,Other,1,1,TRP channels,1
5226,HDF,Other,1,1,TRP channels,1
5227,MDF,Other,1,1,TRP channels,1
5228,TPH1,Other,1,1,TRP channels,1
5229,GPR91,Other,1,1,TRP channels,1
5230,TVS,Other,1,1,TRP channels,1
5231,PTT,Other,1,1,TRP channels,1
5232,ZSP,Other,1,1,TRP channels,1
5233,CMGS,Other,1,1,TRP channels,1
5234,GCC,Other,1,1,TRP channels,1
5235,LKL,Other,1,1,TRP channels,1
5236,TPRV1,Other,1,1,TRP channels,1
5237,MCOLN,Other,1,1,TRP channels,1
5238,IL17A,Other,1,1,TRP channels,1
5239,NPSI,Other,1,1,TRP channels,1
5240,CRHR1,Other,1,1,TRP channels,1
5241,TRPV1R,TRP,1,1,TRP channels,1
5242,RMSF,Other,1,1,TRP channels,1
5243,RAMEB,Other,1,1,TRP channels,1
5244,HPBCD,Other,1,1,TRP channels,1
5245,SBECD,Other,1,1,TRP channels,1
5246,BPA,Other,1,1,TRP channels,1
5247,DGBI,Other,1,1,TRP channels,1
5248,ROME,Other,1,1,TRP channels,1
5249,PISE,Other,1,1,TRP channels,1
5250,NFAT2,Other,1,1,TRP channels,1
5251,SABMP,Other,1,1,TRP channels,1
5252,JDD,Other,1,1,TRP channels,1
5253,LRFN3,Other,1,1,TRP channels,1
5254,PYGB,Other,1,1,TRP channels,1
5255,BICC1,Other,1,1,TRP channels,1
5256,CSFV,Other,1,1,TRP channels,1
5257,MYND,Other,1,1,TRP channels,1
5258,TTC17,Other,1,1,TRP channels,1
5259,CPLANE,Other,1,1,TRP channels,1
5260,RING1A,Other,1,1,TRP channels,1
5261,INK4A,Other,1,1,TRP channels,1
5262,ABE9,Other,1,1,TRP channels,1
5263,AVF,Other,1,1,TRP channels,1
5264,HGMD,Other,1,1,TRP channels,1
5265,LOVD,Other,1,1,TRP channels,1
5266,OSER,Other,1,1,TRP channels,1
5267,MAP4,Other,1,1,TRP channels,1
5268,INK,Other,1,1,TRP channels,1
5269,ATTAC,Other,1,1,TRP channels,1
5270,LTA,Other,1,1,TRP channels,1
5271,TCF2,Other,1,1,TRP channels,1
5272,LRS,Other,1,1,TRP channels,1
5273,ACAT,Other,1,1,TRP channels,1
5274,ICD10,Other,1,1,TRP channels,1
5275,PROPKD,Other,1,1,TRP channels,1
5276,TKV,Other,1,1,TRP channels,1
5277,TDMSC,Other,1,1,TRP channels,1
5278,AQP11,Other,1,1,TRP channels,1
5279,TCTN1,Other,1,1,TRP channels,1
5280,MIRI,Other,1,1,TRP channels,1
5281,PM1,Other,1,1,TRP channels,1
5282,MGH,Other,1,1,TRP channels,1
5283,CD59,Other,1,1,TRP channels,1
5284,SREBP,Other,1,1,TRP channels,1
5285,HCRT,Other,1,1,TRP channels,1
5286,HCRTR1,Other,1,1,TRP channels,1
5287,HCRTR2,Other,1,1,TRP channels,1
5288,MOE,Other,1,1,TRP channels,1
5289,SWISS,Other,1,1,TRP channels,1
5290,MODEL,Other,1,1,TRP channels,1
5291,II7,Other,1,1,TRP channels,1
5292,LH2,Other,1,1,TRP channels,1
5293,CHM13,Other,1,1,TRP channels,1
5294,DCT2,Other,1,1,TRP channels,1
5295,DCT1,Other,1,1,TRP channels,1
5296,ANKS6,Other,1,1,TRP channels,1
5297,FAS,Other,1,1,TRP channels,1
5298,ADPDK,Other,1,1,TRP channels,1
5299,REJ,Other,1,1,TRP channels,1
5300,FFAR,Other,1,1,TRP channels,1
5301,PTEC,Other,1,1,TRP channels,1
5302,TMEM67,Other,1,1,TRP channels,1
5303,TOP,Other,1,1,TRP channels,1
5304,TTLL5,Other,1,1,TRP channels,1
5305,TTLL6,Other,1,1,TRP channels,1
5306,CCP5,Other,1,1,TRP channels,1
5307,VPS45,Other,1,1,TRP channels,1
5308,ADPLD,Other,1,1,TRP channels,1
5309,PCLD,Other,1,1,TRP channels,1
5310,PRKCSH,Other,1,1,TRP channels,1
5311,SEC63,Other,1,1,TRP channels,1
5312,ICP34,Other,1,1,TRP channels,1
5313,AKAP,Other,1,1,TRP channels,1
5314,MALS,Other,1,1,TRP channels,1
5315,TOR,Other,1,1,TRP channels,1
5316,BBS3,Other,1,1,TRP channels,1
5317,NPHP2,Other,1,1,TRP channels,1
5318,NPHP4,Other,1,1,TRP channels,1
5319,HTP,Other,1,1,TRP channels,1
5320,WHERE,Other,1,1,TRP channels,1
5321,HOA,Other,1,1,TRP channels,1
5322,TRPML3,Other,1,1,TRP channels,1
5323,NAT,Other,1,1,TRP channels,1
5324,MAPK3,Other,1,1,TRP channels,1
5325,MAPK1,Other,1,1,TRP channels,1
5326,TPRPC1,Other,1,1,TRP channels,1
5327,AMPH,Other,1,1,TRP channels,1
5328,TCMSP,Other,1,1,TRP channels,1
5329,ALOX5,Other,1,1,TRP channels,1
5330,EP2,Other,1,1,TRP channels,1
5331,PTGER2,Other,1,1,TRP channels,1
5332,ABAT,Other,1,1,TRP channels,1
5333,DNFB,Other,1,1,TRP channels,1
5334,OPLS,Other,1,1,TRP channels,1
5335,DCFDA,Other,1,1,TRP channels,1
5336,GIPR,Other,1,1,TRP channels,1
5337,CRV,Other,1,1,TRP channels,1
5338,IRAG,Other,1,1,TRP channels,1
5339,COV,Other,1,1,TRP channels,1
5340,NKB,Other,1,1,TRP channels,1
5341,ADRA2A,Other,1,1,TRP channels,1
5342,SMILES,Other,1,1,TRP channels,1
5343,MEM,Other,1,1,TRP channels,1
5344,NMDA2,Other,1,1,TRP channels,1
5345,GPBAR1,Other,1,1,TRP channels,1
5346,AIVP,Other,1,1,TRP channels,1
5347,EGM,Other,1,1,TRP channels,1
5348,THCV,Other,1,1,TRP channels,1
5349,HMGIC,Other,1,1,Integrin mechanotransduction,1
5350,DFNB48,Other,1,1,Integrin mechanotransduction,1
5351,PSIM,Other,1,1,Integrin mechanotransduction,1
5352,STARS,Other,1,1,Integrin mechanotransduction,1
5353,DGEA,Other,1,1,Integrin mechanotransduction,1
5354,LC20,Other,1,1,Integrin mechanotransduction,1
5355,IL13R,Other,1,1,Integrin mechanotransduction,1
5356,ILF2,Other,1,1,Integrin mechanotransduction,1
5357,NEX,Other,1,1,Integrin mechanotransduction,1
5358,XPS,Other,1,1,Integrin mechanotransduction,1
5359,GPRC6A,Other,1,1,Integrin mechanotransduction,1
5360,GLUT8,Other,1,1,Integrin mechanotransduction,1
5361,DSB,Other,1,1,Integrin mechanotransduction,1
5362,NICD3,Other,1,1,Integrin mechanotransduction,1
5363,NICD4,Other,1,1,Integrin mechanotransduction,1
5364,SNAI1,Other,1,1,Integrin mechanotransduction,1
5365,MRC2,Other,1,1,Integrin mechanotransduction,1
5366,GRAFS,Other,1,1,Integrin mechanotransduction,1
5367,GAIN,Other,1,1,Integrin mechanotransduction,1
5368,TSR,Other,1,1,Integrin mechanotransduction,1
5369,TIRF,Other,1,1,Integrin mechanotransduction,1
5370,SWATH,Other,1,1,Integrin mechanotransduction,1
5371,ESAM,Other,1,1,Integrin mechanotransduction,1
5372,CADM2,Other,1,1,Integrin mechanotransduction,1
5373,CADM3,Other,1,1,Integrin mechanotransduction,1
5374,CADM4,Other,1,1,Integrin mechanotransduction,1
5375,CXADR,Other,1,1,Integrin mechanotransduction,1
5376,ANXA,Other,1,1,Integrin mechanotransduction,1
5377,LCKLSL,Other,1,1,Integrin mechanotransduction,1
5378,ITGB,Other,1,1,Integrin mechanotransduction,1
5379,ULA,Other,1,1,Integrin mechanotransduction,1
5380,SHPS,Other,1,1,Integrin mechanotransduction,1
5381,MAT,Other,1,1,Integrin mechanotransduction,1
5382,SIGN,Other,1,1,Integrin mechanotransduction,1
5383,BST,Other,1,1,Integrin mechanotransduction,1
5384,SYSH5Y,Other,1,1,Integrin mechanotransduction,1
5385,OMIN,Other,1,1,Integrin mechanotransduction,1
5386,RADA16,Other,1,1,Integrin mechanotransduction,1
5387,EIIIA,Other,1,1,Integrin mechanotransduction,1
5388,SPG8,Other,1,1,Integrin mechanotransduction,1
5389,EVA,Other,1,1,Integrin mechanotransduction,1
5390,PAN,Other,1,1,Integrin mechanotransduction,1
5391,ADGRG1,Other,1,1,Integrin mechanotransduction,1
5392,GPR56,Other,1,1,Integrin mechanotransduction,1
5393,ADGRG6,Other,1,1,Integrin mechanotransduction,1
5394,ADGRE5,Other,1,1,Integrin mechanotransduction,1
5395,CD97,Other,1,1,Integrin mechanotransduction,1
5396,ADGRC3,Other,1,1,Integrin mechanotransduction,1
5397,CELSR3,Other,1,1,Integrin mechanotransduction,1
5398,LLAKLSI,Other,1,1,Integrin mechanotransduction,1
5399,AG82,Other,1,1,Integrin mechanotransduction,1
5400,MFC,Other,1,1,Integrin mechanotransduction,1
5401,PDE8A,Other,1,1,Integrin mechanotransduction,1
5402,TFS,Other,1,1,Integrin mechanotransduction,1
5403,GRIN3A,Other,1,1,Integrin mechanotransduction,1
5404,SPRED1,Other,1,1,Integrin mechanotransduction,1
5405,RAB3A,Other,1,1,Integrin mechanotransduction,1
5406,MXRA8,Other,1,1,Integrin mechanotransduction,1
5407,CLEC4A,Other,1,1,Integrin mechanotransduction,1
5408,CLEC4M,Other,1,1,Integrin mechanotransduction,1
5409,ADGRG2,Other,1,1,Integrin mechanotransduction,1
5410,INHBC,Other,1,1,Integrin mechanotransduction,1
5411,CLMP,Other,1,1,Integrin mechanotransduction,1
5412,PTGDS,Other,1,1,Integrin mechanotransduction,1
5413,OGN,Other,1,1,Integrin mechanotransduction,1
5414,CA14,Other,1,1,Integrin mechanotransduction,1
5415,CA6,Other,1,1,Integrin mechanotransduction,1
5416,ANGPT2,Other,1,1,Integrin mechanotransduction,1
5417,ITGA11,Integrin,1,1,Integrin mechanotransduction,1
5418,HPGDS,Other,1,1,Integrin mechanotransduction,1
5419,AHNAK,Other,1,1,Integrin mechanotransduction,1
5420,GHK,Other,1,1,Integrin mechanotransduction,1
5421,CJC,Other,1,1,Integrin mechanotransduction,1
5422,AOD,Other,1,1,Integrin mechanotransduction,1
5423,SCVI,Other,1,1,Integrin mechanotransduction,1
5424,IGF1R,Other,1,1,Integrin mechanotransduction,1
5425,GLII,Other,1,1,Integrin mechanotransduction,1
5426,CZS,Other,1,1,Integrin mechanotransduction,1
5427,AKT3,Other,1,1,Integrin mechanotransduction,1
5428,RAC2,Other,1,1,Integrin mechanotransduction,1
5429,MVP,Other,1,1,Integrin mechanotransduction,1
5430,ERBB2,Other,1,1,Integrin mechanotransduction,1
5431,ERBB3,Other,1,1,Integrin mechanotransduction,1
5432,CD28,Other,1,1,Integrin mechanotransduction,1
5433,CD70,Other,1,1,Integrin mechanotransduction,1
5434,CTLA,Other,1,1,Integrin mechanotransduction,1
5435,ATRX,Other,1,1,Integrin mechanotransduction,1
5436,DHE,Other,1,1,Integrin mechanotransduction,1
5437,KPC,Other,1,1,Integrin mechanotransduction,1
5438,LSL,Other,1,1,Integrin mechanotransduction,1
5439,ILQTS,Other,1,1,Integrin mechanotransduction,1
5440,LAMININ,Other,1,1,Integrin mechanotransduction,1
5441,TANK,Other,1,1,Integrin mechanotransduction,1
5442,FYCO1,Other,1,1,Integrin mechanotransduction,1
5443,IL33,Other,1,1,Integrin mechanotransduction,1
5444,AREG,Other,1,1,Integrin mechanotransduction,1
5445,CITE,Other,1,1,Integrin mechanotransduction,1
5446,DNAJB1,Other,1,1,Integrin mechanotransduction,1
5447,BSG,Other,1,1,Integrin mechanotransduction,1
5448,CD74,Other,1,1,Integrin mechanotransduction,1
5449,HSP47,Other,1,1,Integrin mechanotransduction,1
5450,TANGO1,Other,1,1,Integrin mechanotransduction,1
5451,MTPN,Other,1,1,Integrin mechanotransduction,1
5452,TAGLN2,Other,1,1,Integrin mechanotransduction,1
5453,PDLIM1,Other,1,1,Integrin mechanotransduction,1
5454,CNN2,Other,1,1,Integrin mechanotransduction,1
5455,LGALSL,Other,1,1,Integrin mechanotransduction,1
5456,TXN,Other,1,1,Integrin mechanotransduction,1
5457,TUBA4A,Other,1,1,Integrin mechanotransduction,1
5458,TREML1,Other,1,1,Integrin mechanotransduction,1
5459,SUMMARY,Other,1,1,Integrin mechanotransduction,1
5460,PD1,Other,1,1,Integrin mechanotransduction,1
5461,YENPTY,Other,1,1,Integrin mechanotransduction,1
5462,DITNC1,Other,1,1,Integrin mechanotransduction,1
5463,GBM5K,Other,1,1,Integrin mechanotransduction,1
5464,CCND1,Other,1,1,Integrin mechanotransduction,1
5465,CCND2,Other,1,1,Integrin mechanotransduction,1
5466,GAS6,Other,1,1,Integrin mechanotransduction,1
5467,AHR,Other,1,1,Integrin mechanotransduction,1
5468,ZDHHC2,Other,1,1,Integrin mechanotransduction,1
5469,ZDHHC9,Other,1,1,Integrin mechanotransduction,1
5470,VBM,Other,1,1,Integrin mechanotransduction,1
5471,EIF,Other,1,1,Integrin mechanotransduction,1
5472,CFB,Other,1,1,Integrin mechanotransduction,1
5473,CEBPB,Other,1,1,Integrin mechanotransduction,1
5474,GEO2R,Other,1,1,Integrin mechanotransduction,1
5475,TIM,Other,1,1,Integrin mechanotransduction,1
5476,SC79,Other,1,1,Integrin mechanotransduction,1
5477,PLIN2,Other,1,1,Integrin mechanotransduction,1
5478,PLIN3,Other,1,1,Integrin mechanotransduction,1
5479,SIGLEC,Other,1,1,Integrin mechanotransduction,1
5480,HMMR,Other,1,1,Integrin mechanotransduction,1
5481,MKI,Other,1,1,Integrin mechanotransduction,1
5482,MC38,Other,1,1,Integrin mechanotransduction,1
5483,TC1,Other,1,1,Integrin mechanotransduction,1
5484,ADAMTS2,Other,1,1,Integrin mechanotransduction,1
5485,EHD4,Other,1,1,Integrin mechanotransduction,1
5486,PACS1,Other,1,1,Integrin mechanotransduction,1
5487,NAV2,Other,1,1,Integrin mechanotransduction,1
5488,LAMA4,Other,1,1,Integrin mechanotransduction,1
5489,LAMC1,Other,1,1,Integrin mechanotransduction,1
5490,WNT9B,Other,1,1,Integrin mechanotransduction,1
5491,COL22,Other,1,1,Integrin mechanotransduction,1
5492,STEMCCA,Other,1,1,Integrin mechanotransduction,1
5493,MCAM1,Other,1,1,Integrin mechanotransduction,1
5494,MPIO,Other,1,1,Integrin mechanotransduction,1
5495,BLI,Other,1,1,Integrin mechanotransduction,1
5496,NMZ,Other,1,1,Integrin mechanotransduction,1
5497,CAMK2A,Other,1,1,Integrin mechanotransduction,1
5498,CCCTC,Other,1,1,Integrin mechanotransduction,1
5499,MYCN,Other,1,1,Integrin mechanotransduction,1
5500,BTIC,Other,1,1,Integrin mechanotransduction,1
5501,NODAGA,Other,1,1,Integrin mechanotransduction,1
5502,ACTB,Other,1,1,Integrin mechanotransduction,1
5503,FOXO3,Other,1,1,Integrin mechanotransduction,1
5504,TIMM23,Other,1,1,Integrin mechanotransduction,1
5505,DDIT3,Other,1,1,Integrin mechanotransduction,1
5506,PAX7,Other,1,1,Integrin mechanotransduction,1
5507,EGFL7,Other,1,1,Integrin mechanotransduction,1
5508,AML12,Other,1,1,Integrin mechanotransduction,1
5509,RAW,Other,1,1,Integrin mechanotransduction,1
5510,ACAP1,Other,1,1,Integrin mechanotransduction,1
5511,CABT,Other,1,1,Integrin mechanotransduction,1
5512,RAGA,Other,1,1,Integrin mechanotransduction,1
5513,KPTN,Other,1,1,Integrin mechanotransduction,1
5514,ITFG2,Other,1,1,Integrin mechanotransduction,1
5515,UPA,Other,1,1,Integrin mechanotransduction,1
5516,CS1,Other,1,1,Integrin mechanotransduction,1
5517,ELMO,Other,1,1,Integrin mechanotransduction,1
5518,VP1,Other,1,1,Integrin mechanotransduction,1
5519,VP2,Other,1,1,Integrin mechanotransduction,1
5520,CFL2,Other,1,1,Integrin mechanotransduction,1
5521,PGRMC2,Other,1,1,Integrin mechanotransduction,1
5522,ADCY9,Other,1,1,Integrin mechanotransduction,1
5523,PS2,Other,1,1,Integrin mechanotransduction,1
5524,PS3,Other,1,1,Integrin mechanotransduction,1
5525,SELP,Other,1,1,Integrin mechanotransduction,1
5526,ICAM2,Other,1,1,Integrin mechanotransduction,1
5527,CD80,Other,1,1,Integrin mechanotransduction,1
5528,FLT3,Other,1,1,Integrin mechanotransduction,1
5529,OHSC,Other,1,1,Integrin mechanotransduction,1
5530,OSSC,Other,1,1,Integrin mechanotransduction,1
5531,HES5,Other,1,1,Integrin mechanotransduction,1
5532,HEY2,Other,1,1,Integrin mechanotransduction,1
5533,ASCL1,Other,1,1,Integrin mechanotransduction,1
5534,SNAI2,Other,1,1,Integrin mechanotransduction,1
5535,PLGF,Other,1,1,Integrin mechanotransduction,1
5536,GL26,Other,1,1,Integrin mechanotransduction,1
5537,TRP2,Other,1,1,Integrin mechanotransduction,1
5538,PMEL17,Other,1,1,Integrin mechanotransduction,1
5539,ICAM3,Other,1,1,Integrin mechanotransduction,1
5540,DTR,Other,1,1,Integrin mechanotransduction,1
5541,CD1,Other,1,1,Integrin mechanotransduction,1
5542,PLAU,Other,1,1,Integrin mechanotransduction,1
5543,FZD2,Other,1,1,Integrin mechanotransduction,1
5544,FZD7,Other,1,1,Integrin mechanotransduction,1
5545,MCK,Other,1,1,Integrin mechanotransduction,1
5546,LSKL,Other,1,1,Integrin mechanotransduction,1
5547,BAI1,Other,1,1,Integrin mechanotransduction,1
5548,ADAM12,Other,1,1,Integrin mechanotransduction,1
5549,MSME,Other,1,1,Integrin mechanotransduction,1
5550,LTQ,Other,1,1,Integrin mechanotransduction,1
5551,CTNNB1,Other,1,1,Integrin mechanotransduction,1
5552,TCF,Other,1,1,Integrin mechanotransduction,1
5553,TNFSF9,Other,1,1,Integrin mechanotransduction,1
5554,THBS1,Other,1,1,Integrin mechanotransduction,1
5555,AKAP12,Other,1,1,Integrin mechanotransduction,1
5556,VEGR2,Other,1,1,Integrin mechanotransduction,1
5557,AHRR,Other,1,1,Integrin mechanotransduction,1
5558,MYO1G,Other,1,1,Integrin mechanotransduction,1
5559,GFI1,Other,1,1,Integrin mechanotransduction,1
5560,PIM1,Other,1,1,Integrin mechanotransduction,1
5561,IEE,Other,1,1,Integrin mechanotransduction,1
5562,LNE,Other,1,1,Integrin mechanotransduction,1
5563,ENG,Other,1,1,Integrin mechanotransduction,1
5564,MD11,Other,1,1,Integrin mechanotransduction,1
5565,ELAVL4,Other,1,1,Integrin mechanotransduction,1
5566,RGDS,Other,1,1,Integrin mechanotransduction,1
5567,PDV,Other,1,1,Integrin mechanotransduction,1
5568,PGBKT7,Other,1,1,Integrin mechanotransduction,1
5569,DDB1,Other,1,1,Integrin mechanotransduction,1
5570,TPST2,Other,1,1,Integrin mechanotransduction,1
5571,OCIA,Other,1,1,Integrin mechanotransduction,1
5572,OCIAD1,Other,1,1,Integrin mechanotransduction,1
5573,DERL2,Other,1,1,Integrin mechanotransduction,1
5574,ATF6,Other,1,1,Integrin mechanotransduction,1
5575,LRRN1,Other,1,1,Integrin mechanotransduction,1
5576,BMP8A,Other,1,1,Integrin mechanotransduction,1
5577,PDE1A,Other,1,1,Integrin mechanotransduction,1
5578,CKMT2,Other,1,1,Integrin mechanotransduction,1
5579,PTPN4,Other,1,1,Integrin mechanotransduction,1
5580,TSH,Other,1,1,Integrin mechanotransduction,1
5581,UNC5B,Other,1,1,Integrin mechanotransduction,1
5582,AP1,Other,1,1,Integrin mechanotransduction,1
5583,GSSG,Other,1,1,Integrin mechanotransduction,1
5584,DBA2,Other,1,1,Integrin mechanotransduction,1
5585,SWAP70,Other,1,1,Integrin mechanotransduction,1
5586,CD25,Other,1,1,Integrin mechanotransduction,1
5587,MT14,Other,1,1,Integrin mechanotransduction,1
5588,EHS,Other,1,1,Integrin mechanotransduction,1
5589,NPXY,Other,1,1,Integrin mechanotransduction,1
5590,RGE,Other,1,1,Integrin mechanotransduction,1
5591,MOG35,Other,1,1,Integrin mechanotransduction,1
5592,LLMII,Other,1,1,Integrin mechanotransduction,1
5593,COL,Other,1,1,Integrin mechanotransduction,1
5594,JCK,Other,1,1,Integrin mechanotransduction,1
5595,CSAT,Other,1,1,Integrin mechanotransduction,1
5596,MTJ,Other,1,1,Integrin mechanotransduction,1
5597,OCT4,Other,1,1,Integrin mechanotransduction,1
5598,ATAC,Other,1,1,Integrin mechanotransduction,1
5599,PDA,Other,1,1,Integrin mechanotransduction,1
5600,GFAT,Other,1,1,Integrin mechanotransduction,1
5601,MTFR1L,Other,1,1,Integrin mechanotransduction,1
5602,MYL2,Other,1,1,Integrin mechanotransduction,1
5603,HRR,Other,1,1,Integrin mechanotransduction,1
5604,SCDM,Other,1,1,Integrin mechanotransduction,1
5605,HBP,Other,1,1,Integrin mechanotransduction,1
5606,FLN,Other,1,1,Integrin mechanotransduction,1
5607,GRHL2,Other,1,1,Integrin mechanotransduction,1
5608,KMT2A,Other,1,1,Integrin mechanotransduction,1
5609,ADCY8,Other,1,1,Integrin mechanotransduction,1
5610,MTRFA,Other,1,1,Integrin mechanotransduction,1
5611,PAM,Other,1,1,Integrin mechanotransduction,1
5612,SDC4,Other,1,1,Integrin mechanotransduction,1
5613,CELL,Other,1,1,Integrin mechanotransduction,1
5614,TECTA,Other,1,1,Integrin mechanotransduction,1
5615,CPI,Other,1,1,Integrin mechanotransduction,1
5616,SPION,Other,1,1,Integrin mechanotransduction,1
5617,HLS,Other,1,1,Gap junction mechanosensitivity,1
5618,SOST,Other,1,1,Gap junction mechanosensitivity,1
5619,CEF,Other,1,1,Gap junction mechanosensitivity,1
5620,LMC,Other,1,1,Gap junction mechanosensitivity,1
5621,FEX,Other,1,1,Gap junction mechanosensitivity,1
5622,CHN,Other,1,1,Gap junction mechanosensitivity,1
5623,FASEB,Other,1,1,Gap junction mechanosensitivity,1
5624,JNK2,Other,1,1,Gap junction mechanosensitivity,1
5625,HBSS,Other,1,1,Gap junction mechanosensitivity,1
5626,GJ1,Other,1,1,Gap junction mechanosensitivity,1
5627,CXCR2,Other,1,1,Gap junction mechanosensitivity,1
5628,GP8,Other,1,1,Gap junction mechanosensitivity,1
5629,ARNT,Other,1,1,Gap junction mechanosensitivity,1
5630,GRZ,Other,1,1,Gap junction mechanosensitivity,1
5631,OSMR,Other,1,1,Gap junction mechanosensitivity,1
5632,CXCL16,Other,1,1,Gap junction mechanosensitivity,1
5633,CXCR6,Other,1,1,Gap junction mechanosensitivity,1
5634,IL1A,Other,1,1,Gap junction mechanosensitivity,1
5635,IL1R,Other,1,1,Gap junction mechanosensitivity,1
5636,PMD,Other,1,1,Gap junction mechanosensitivity,1
5637,TUBB4A,Other,1,1,Gap junction mechanosensitivity,1
5638,POLR3A,Other,1,1,Gap junction mechanosensitivity,1
5639,WHY,Other,1,1,Gap junction mechanosensitivity,1
5640,SHOULD,Other,1,1,Gap junction mechanosensitivity,1
5641,AWARE,Other,1,1,Gap junction mechanosensitivity,1
5642,EPA,Other,1,1,Gap junction mechanosensitivity,1
5643,AMC,Other,1,1,Gap junction mechanosensitivity,1
5644,ACTN1,Other,1,1,Gap junction mechanosensitivity,1
5645,VAV3,Other,1,1,Gap junction mechanosensitivity,1
5646,PC11,Other,1,1,Gap junction mechanosensitivity,1
5647,AKH,Other,1,1,Gap junction mechanosensitivity,1
5648,ACSS1B,Other,1,1,Gap junction mechanosensitivity,1
5649,CLCN2,Chloride,1,1,Gap junction mechanosensitivity,1
5650,LDHB,Other,1,1,Gap junction mechanosensitivity,1
5651,LFQ,Other,1,1,Gap junction mechanosensitivity,1
5652,GJA4,Connexin,1,1,Gap junction mechanosensitivity,1
5653,EGLN3,Other,1,1,Gap junction mechanosensitivity,1
5654,MFA,Other,1,1,Gap junction mechanosensitivity,1
5655,TFB,Other,1,1,Gap junction mechanosensitivity,1
5656,SPMS,Other,1,1,Gap junction mechanosensitivity,1
5657,SEPTIN8,Other,1,1,Gap junction mechanosensitivity,1
5658,TSPAN2,Other,1,1,Gap junction mechanosensitivity,1
5659,CX29,Connexin,1,1,Gap junction mechanosensitivity,1
5660,NTA,Other,1,1,Gap junction mechanosensitivity,1
5661,CC1,Other,1,1,Gap junction mechanosensitivity,1
5662,EL2,Other,1,1,Gap junction mechanosensitivity,1
5663,ODDD,Other,1,1,Gap junction mechanosensitivity,1
5664,SOCS1,Other,1,1,Gap junction mechanosensitivity,1
5665,NBDG,Other,1,1,Gap junction mechanosensitivity,1
5666,IMS,Other,1,1,Gap junction mechanosensitivity,1
5667,BODY,Other,1,1,Gap junction mechanosensitivity,1
5668,PSQI,Other,1,1,Gap junction mechanosensitivity,1
5669,BVAT,Other,1,1,Gap junction mechanosensitivity,1
5670,NOT,Other,1,1,Gap junction mechanosensitivity,1
5671,IBP,Other,1,1,Gap junction mechanosensitivity,1
5672,ISCUS,Other,1,1,Gap junction mechanosensitivity,1
5673,GRO,Other,1,1,Gap junction mechanosensitivity,1
5674,BBB13,Other,1,1,Gap junction mechanosensitivity,1
5675,GLY0,Other,1,1,Gap junction mechanosensitivity,1
5676,GLY1,Other,1,1,Gap junction mechanosensitivity,1
5677,GLY2,Other,1,1,Gap junction mechanosensitivity,1
5678,DLFC,Other,1,1,Gap junction mechanosensitivity,1
5679,DFLC,Other,1,1,Gap junction mechanosensitivity,1
5680,FNCB4,Other,1,1,Gap junction mechanosensitivity,1
5681,RISK,Other,1,1,Gap junction mechanosensitivity,1
5682,SAFE,Other,1,1,Gap junction mechanosensitivity,1
5683,SNORD97,Other,1,1,Gap junction mechanosensitivity,1
5684,NMSOD,Other,1,1,Gap junction mechanosensitivity,1
5685,SLDT,Other,1,1,Gap junction mechanosensitivity,1
5686,ATG14,Other,1,1,Gap junction mechanosensitivity,1
5687,ABMSCT,Other,1,1,Gap junction mechanosensitivity,1
5688,EDMS,Other,1,1,Gap junction mechanosensitivity,1
5689,ABMSC,Other,1,1,Gap junction mechanosensitivity,1
5690,IDM,Other,1,1,Gap junction mechanosensitivity,1
5691,HSVTK,Other,1,1,Gap junction mechanosensitivity,1
5692,PIK3CB,Other,1,1,Gap junction mechanosensitivity,1
5693,TGX,Other,1,1,Gap junction mechanosensitivity,1
5694,SOPC,Other,1,1,Lipid-mediated mechanotransduction,1
5695,QTRAP,Other,1,1,Lipid-mediated mechanotransduction,1
5696,AVPR2,Other,1,1,Lipid-mediated mechanotransduction,1
5697,CDK6,Other,1,1,Lipid-mediated mechanotransduction,1
5698,RIG,Other,1,1,Lipid-mediated mechanotransduction,1
5699,PND34,Other,1,1,Lipid-mediated mechanotransduction,1
5700,PND30,Other,1,1,Lipid-mediated mechanotransduction,1
5701,PUMA,Other,1,1,Lipid-mediated mechanotransduction,1
5702,CBR1,Other,1,1,Lipid-mediated mechanotransduction,1
5703,AURKA,Other,1,1,Lipid-mediated mechanotransduction,1
5704,TATTTC,Other,1,1,Lipid-mediated mechanotransduction,1
5705,FBD,Other,1,1,Lipid-mediated mechanotransduction,1
5706,SREBF2,Other,1,1,Lipid-mediated mechanotransduction,1
5707,QTOFMS,Other,1,1,Lipid-mediated mechanotransduction,1
5708,DAVID,Other,1,1,Lipid-mediated mechanotransduction,1
5709,GDPD5,Other,1,1,Lipid-mediated mechanotransduction,1
5710,ABHD12,Other,1,1,Lipid-mediated mechanotransduction,1
5711,CP40,Other,1,1,Lipid-mediated mechanotransduction,1
5712,RAC,Other,1,1,Lipid-mediated mechanotransduction,1
5713,SNCB,Other,1,1,Lipid-mediated mechanotransduction,1
5714,FID,Other,1,1,Lipid-mediated mechanotransduction,1
5715,LLOQ,Other,1,1,Lipid-mediated mechanotransduction,1
5716,PKB,Other,1,1,Lipid-mediated mechanotransduction,1
5717,PNT1A,Other,1,1,Lipid-mediated mechanotransduction,1
5718,FAT2,Other,1,1,Lipid-mediated mechanotransduction,1
5719,KIF26B,Other,1,1,Lipid-mediated mechanotransduction,1
5720,FAT1,Other,1,1,Lipid-mediated mechanotransduction,1
5721,DISCO,Other,1,1,Lipid-mediated mechanotransduction,1
5722,MARCM,Other,1,1,Lipid-mediated mechanotransduction,1
5723,DMA,Other,1,1,Lipid-mediated mechanotransduction,1
5724,MGL,Other,1,1,Lipid-mediated mechanotransduction,1
5725,UFS,Other,1,1,Lipid-mediated mechanotransduction,1
5726,UNP,Other,1,1,Lipid-mediated mechanotransduction,1
5727,MIGA1,Other,1,1,Lipid-mediated mechanotransduction,1
5728,MIGA2,Other,1,1,Lipid-mediated mechanotransduction,1
5729,PEA15,Other,1,1,Lipid-mediated mechanotransduction,1
5730,ILT,Other,1,1,Lipid-mediated mechanotransduction,1
5731,IXS,Other,1,1,Lipid-mediated mechanotransduction,1
5732,ODP,Other,1,1,Lipid-mediated mechanotransduction,1
5733,ERGIC,Other,1,1,Lipid-mediated mechanotransduction,1
5734,SRGAP2,Other,1,1,Lipid-mediated mechanotransduction,1
5735,RP1,Other,1,1,Lipid-mediated mechanotransduction,1
5736,PI4P,Other,1,1,Lipid-mediated mechanotransduction,1
5737,MUNC13,Other,1,1,Lipid-mediated mechanotransduction,1
5738,MUNC18,Other,1,1,Lipid-mediated mechanotransduction,1
5739,DOC2,Other,1,1,Lipid-mediated mechanotransduction,1
5740,POPE,Other,1,1,Lipid-mediated mechanotransduction,1
5741,BIN,Other,1,1,Lipid-mediated mechanotransduction,1
5742,RVS,Other,1,1,Lipid-mediated mechanotransduction,1
5743,TIP,Other,1,1,Lipid-mediated mechanotransduction,1
5744,SIMS,Other,1,1,Lipid-mediated mechanotransduction,1
5745,LPAAT,Other,1,1,Lipid-mediated mechanotransduction,1
5746,GLK,Other,1,1,Lipid-mediated mechanotransduction,1
5747,RNASE1,Other,1,1,Lipid-mediated mechanotransduction,1
5748,LUM,Other,1,1,Lipid-mediated mechanotransduction,1
5749,MASP1,Other,1,1,Lipid-mediated mechanotransduction,1
5750,FCN3,Other,1,1,Lipid-mediated mechanotransduction,1
5751,AZU1,Other,1,1,Lipid-mediated mechanotransduction,1
5752,KRM,Other,1,1,Lipid-mediated mechanotransduction,1
5753,DLB,Other,1,1,Lipid-mediated mechanotransduction,1
5754,APH,Other,1,1,Lipid-mediated mechanotransduction,1
5755,PEN,Other,1,1,Lipid-mediated mechanotransduction,1
5756,SHIP1,Other,1,1,Lipid-mediated mechanotransduction,1
5757,MEHFPGP,Other,1,1,Lipid-mediated mechanotransduction,1
5758,DGL,Other,1,1,Lipid-mediated mechanotransduction,1
5759,HXKX,Other,1,1,Lipid-mediated mechanotransduction,1
5760,CRBL,Other,1,1,Lipid-mediated mechanotransduction,1
5761,FEBS,Other,1,1,Lipid-mediated mechanotransduction,1
5762,BHK,Other,1,1,Lipid-mediated mechanotransduction,1
5763,AIDA,Other,1,1,Lipid-mediated mechanotransduction,1
5764,HARL1,Other,1,1,Lipid-mediated mechanotransduction,1
5765,SAC1,Other,1,1,Lipid-mediated mechanotransduction,1
5766,ESBRA,Other,1,1,Lipid-mediated mechanotransduction,1
5767,ARF5,Other,1,1,Lipid-mediated mechanotransduction,1
5768,CCL39,Other,1,1,Lipid-mediated mechanotransduction,1
5769,CCL,Other,1,1,Lipid-mediated mechanotransduction,1
5770,NSS,Other,1,1,Lipid-mediated mechanotransduction,1
5771,IVIS,Other,1,1,Lipid-mediated mechanotransduction,1
5772,CCP,Other,1,1,Lipid-mediated mechanotransduction,1
5773,NQO,Other,1,1,Lipid-mediated mechanotransduction,1
5774,ORT,Other,1,1,Lipid-mediated mechanotransduction,1
5775,PAC1R,Other,1,1,Lipid-mediated mechanotransduction,1
5776,NHOEC,Other,1,1,Lipid-mediated mechanotransduction,1
5777,DCHR24,Other,1,1,Lipid-mediated mechanotransduction,1
5778,RRP,Other,1,1,Lipid-mediated mechanotransduction,1
5779,CTSB,Other,1,1,Lipid-mediated mechanotransduction,1
5780,MA10,Other,1,1,Lipid-mediated mechanotransduction,1
5781,LIP,Other,1,1,Lipid-mediated mechanotransduction,1
5782,DSPE,Other,1,1,Lipid-mediated mechanotransduction,1
5783,ULK1,Other,1,1,Lipid-mediated mechanotransduction,1
5784,ULKI,Other,1,1,Lipid-mediated mechanotransduction,1
5785,PBACR,Other,1,1,Lipid-mediated mechanotransduction,1
5786,WGBS,Other,1,1,Lipid-mediated mechanotransduction,1
5787,AOC,Other,1,1,Lipid-mediated mechanotransduction,1
5788,DAF2,Other,1,1,Lipid-mediated mechanotransduction,1
5789,PICALM,Other,1,1,Lipid-mediated mechanotransduction,1
5790,HRPII,Other,1,1,Lipid-mediated mechanotransduction,1
5791,LGMD1C,Other,1,1,Lipid-mediated mechanotransduction,1
5792,PCPT,Other,1,1,Lipid-mediated mechanotransduction,1
5793,NHE,Other,1,1,Lipid-mediated mechanotransduction,1
5794,PRRAR,Other,1,1,Lipid-mediated mechanotransduction,1
5795,GM3,Other,1,1,Lipid-mediated mechanotransduction,1
5796,OTULIN,Other,1,1,Lipid-mediated mechanotransduction,1
5797,CAVIN4,Caveolin,1,1,Lipid-mediated mechanotransduction,1
5798,CAVIN3,Caveolin,1,1,Lipid-mediated mechanotransduction,1
5799,CAVIN2,Caveolin,1,1,Lipid-mediated mechanotransduction,1
5800,MINFLUX,Other,1,1,Lipid-mediated mechanotransduction,1
5801,LINC,Other,1,1,Lipid-mediated mechanotransduction,1
5802,KAI1,Other,1,1,Lipid-mediated mechanotransduction,1
5803,KAI,Other,1,1,Lipid-mediated mechanotransduction,1
5804,ROR1,Other,1,1,Lipid-mediated mechanotransduction,1
5805,TGFBRI,Other,1,1,Lipid-mediated mechanotransduction,1
5806,SWELL,Other,1,1,Lipid-mediated mechanotransduction,1
5807,AKT2,Other,1,1,Lipid-mediated mechanotransduction,1
5808,RHO,Other,1,1,Lipid-mediated mechanotransduction,1
5809,YWHAH,Other,1,1,Lipid-mediated mechanotransduction,1
5810,VCP,Other,1,1,Lipid-mediated mechanotransduction,1
5811,PMDP,Other,1,1,Lipid-mediated mechanotransduction,1
5812,SMPD3,Other,1,1,Lipid-mediated mechanotransduction,1
5813,IL10,Other,1,1,Lipid-mediated mechanotransduction,1
5814,LRG1,Other,1,1,Lipid-mediated mechanotransduction,1
5815,DRV1,Other,1,1,Lipid-mediated mechanotransduction,1
5816,GPR32,Other,1,1,Lipid-mediated mechanotransduction,1
5817,JPH1,Other,1,1,Lipid-mediated mechanotransduction,1
5818,CYP51,Other,1,1,Lipid-mediated mechanotransduction,1
5819,DHHC,Other,1,1,Lipid-mediated mechanotransduction,1
5820,ADAM11,Other,1,1,Lipid-mediated mechanotransduction,1
5821,LGI,Other,1,1,Lipid-mediated mechanotransduction,1
5822,LGI1,Other,1,1,Lipid-mediated mechanotransduction,1
5823,SIGMAR1,Other,1,1,Lipid-mediated mechanotransduction,1
5824,ZIP,Other,1,1,Lipid-mediated mechanotransduction,1
5825,ACTION,Other,1,1,Lipid-mediated mechanotransduction,1
5826,SIGNAL,Other,1,1,Lipid-mediated mechanotransduction,1
5827,NERVOUS,Other,1,1,Lipid-mediated mechanotransduction,1
5828,SYSTEM,Other,1,1,Lipid-mediated mechanotransduction,1
5829,CARRIED,Other,1,1,Lipid-mediated mechanotransduction,1
5830,TWO,Other,1,1,Lipid-mediated mechanotransduction,1
5831,TYPES,Other,1,1,Lipid-mediated mechanotransduction,1
5832,AXONS,Other,1,1,Lipid-mediated mechanotransduction,1
5833,KCNE,Other,1,1,Lipid-mediated mechanotransduction,1
5834,NAP,Other,1,1,Lipid-mediated mechanotransduction,1
5835,OLDA,Other,1,1,Lipid-mediated mechanotransduction,1
5836,FKBP25,Other,1,1,Lipid-mediated mechanotransduction,1
5837,GOPC,Other,1,1,Lipid-mediated mechanotransduction,1
5838,AIRE,Other,1,1,Lipid-mediated mechanotransduction,1
5839,CHRNA3,Other,1,1,Lipid-mediated mechanotransduction,1
5840,SYMD1,Other,1,1,Lipid-mediated mechanotransduction,1
5841,THRA,Other,1,1,Lipid-mediated mechanotransduction,1
5842,ST1,Other,1,1,Lipid-mediated mechanotransduction,1
5843,MCF7,Other,1,1,Lipid-mediated mechanotransduction,1
5844,VO2,Other,1,1,Lipid-mediated mechanotransduction,1
5845,VCO2,Other,1,1,Lipid-mediated mechanotransduction,1
5846,SESTD1,Other,1,1,Lipid-mediated mechanotransduction,1
5847,FHL2,Other,1,1,Lipid-mediated mechanotransduction,1
5848,PTPN12,Other,1,1,Lipid-mediated mechanotransduction,1
5849,LQT2,Other,1,1,Lipid-mediated mechanotransduction,1
5850,LQTS9,Other,1,1,Lipid-mediated mechanotransduction,1
5851,PAQR6,Other,1,1,Lipid-mediated mechanotransduction,1
5852,PAQR7,Other,1,1,Lipid-mediated mechanotransduction,1
5853,PAQRB8,Other,1,1,Lipid-mediated mechanotransduction,1
5854,PLLA,Other,1,1,Lipid-mediated mechanotransduction,1
5855,ANK2,Other,1,1,Lipid-mediated mechanotransduction,1
5856,AKAP9,Other,1,1,Lipid-mediated mechanotransduction,1
5857,GPD1L,Other,1,1,Lipid-mediated mechanotransduction,1
5858,DHPR,Other,1,1,Lipid-mediated mechanotransduction,1
5859,FCM,Other,1,1,Chloride and anion channels,1
5860,GDM,Other,1,1,Chloride and anion channels,1
5861,DOG1,Other,1,1,Chloride and anion channels,1
5862,LOD,Other,1,1,Chloride and anion channels,1
5863,DFBTA,Other,1,1,Chloride and anion channels,1
5864,FEDER,Other,1,1,Chloride and anion channels,1
5865,IVIRMA,Other,1,1,Chloride and anion channels,1
5866,EFSD,Other,1,1,Chloride and anion channels,1
5867,ZINC,Other,1,1,Chloride and anion channels,1
5868,IICC,Other,1,1,Chloride and anion channels,1
5869,MQAE,Other,1,1,Chloride and anion channels,1
5870,TPPO,Other,1,1,Chloride and anion channels,1
5871,ANO4,Chloride,1,1,Chloride and anion channels,1
5872,FTR,Other,1,1,Chloride and anion channels,1
5873,CLCA3,Other,1,1,Chloride and anion channels,1
5874,PSON,Other,1,1,Chloride and anion channels,1
5875,HT1B,Other,1,1,Chloride and anion channels,1
5876,HIT,Other,1,1,Chloride and anion channels,1
5877,RP50,Other,1,1,Chloride and anion channels,1
5878,CIV,Other,1,1,Chloride and anion channels,1
5879,SSA,Other,1,1,Chloride and anion channels,1
5880,VARIANT,Other,1,1,Chloride and anion channels,1
5881,RETINAL,Other,1,1,Chloride and anion channels,1
5882,AAVS1,Other,1,1,Chloride and anion channels,1
5883,IZHV,Other,1,1,Chloride and anion channels,1
5884,HRA,Other,1,1,Chloride and anion channels,1
5885,CFT,Other,1,1,Chloride and anion channels,1
5886,TMV,Other,1,1,Chloride and anion channels,1
5887,USH2A,Other,1,1,Chloride and anion channels,1
5888,IRF,Other,1,1,Chloride and anion channels,1
5889,NEVUS,Other,1,1,Chloride and anion channels,1
5890,PATIENT,Other,1,1,Chloride and anion channels,1
5891,POC1B,Other,1,1,Chloride and anion channels,1
5892,PROM1,Other,1,1,Chloride and anion channels,1
5893,RVO,Other,1,1,Chloride and anion channels,1
5894,PNA,Other,1,1,Chloride and anion channels,1
5895,RLBP1,Other,1,1,Chloride and anion channels,1
5896,IVB,Other,1,1,Chloride and anion channels,1
5897,BRB,Other,1,1,Chloride and anion channels,1
5898,DAO,Other,1,1,Chloride and anion channels,1
5899,AIF,Other,1,1,Chloride and anion channels,1
5900,LCA3,Other,1,1,Chloride and anion channels,1
5901,LRP2,Other,1,1,Chloride and anion channels,1
5902,CHINESE,Other,1,1,Chloride and anion channels,1
5903,RIM1,Other,1,1,Chloride and anion channels,1
5904,NORMAL,Other,1,1,Chloride and anion channels,1
5905,FUNDUS,Other,1,1,Chloride and anion channels,1
5906,IPM,Other,1,1,Chloride and anion channels,1
5907,CTRP5,Other,1,1,Chloride and anion channels,1
5908,ELOV4,Other,1,1,Chloride and anion channels,1
5909,CRB1,Other,1,1,Chloride and anion channels,1
5910,TIMP3,Other,1,1,Chloride and anion channels,1
5911,LRAT,Other,1,1,Chloride and anion channels,1
5912,GENE,Other,1,1,Chloride and anion channels,1
5913,HIGH,Other,1,1,Chloride and anion channels,1
5914,SSEA4,Other,1,1,Chloride and anion channels,1
5915,TRA,Other,1,1,Chloride and anion channels,1
5916,CGC,Other,1,1,Chloride and anion channels,1
5917,MACS,Other,1,1,Chloride and anion channels,1
5918,CY5,Other,1,1,Chloride and anion channels,1
5919,CLIC6,Other,1,1,Chloride and anion channels,1
5920,RBM39,Other,1,1,Chloride and anion channels,1
5921,SOD3,Other,1,1,Chloride and anion channels,1
5922,VDAC3,Other,1,1,Chloride and anion channels,1
5923,CD55,Other,1,1,Chloride and anion channels,1
5924,GRB2,Other,1,1,Chloride and anion channels,1
5925,SO42,Other,1,1,Chloride and anion channels,1
5926,SO4,Other,1,1,Chloride and anion channels,1
5927,HIF1A,Other,1,1,Natriuretic peptide signaling,1
5928,SOCS2,Other,1,1,Natriuretic peptide signaling,1
5929,NSG,Other,1,1,Natriuretic peptide signaling,1
5930,NPPC,Other,1,1,Natriuretic peptide signaling,1
5931,ANP1,Other,1,1,Natriuretic peptide signaling,1
5932,BNP3,Other,1,1,Natriuretic peptide signaling,1
5933,BEI,Other,1,1,Natriuretic peptide signaling,1
5934,CD33,Other,1,1,Natriuretic peptide signaling,1
5935,GDAY,Other,1,1,Natriuretic peptide signaling,1
5936,GNRH,Other,1,1,Natriuretic peptide signaling,1
5937,NRPA,Other,1,1,Natriuretic peptide signaling,1
5938,CT11,Other,1,1,Natriuretic peptide signaling,1
5939,CT10,Other,1,1,Natriuretic peptide signaling,1
5940,CT6,Other,1,1,Natriuretic peptide signaling,1
5941,LMVEC,Other,1,1,Natriuretic peptide signaling,1
5942,SHSY5Y,Other,1,1,Natriuretic peptide signaling,1
5943,RNP,Other,1,1,Natriuretic peptide signaling,1
5944,CNPP,Other,1,1,Natriuretic peptide signaling,1
5945,PKGI,Other,1,1,Natriuretic peptide signaling,1
5946,BATPA,Other,1,1,Natriuretic peptide signaling,1
5947,SSTR,Other,1,1,Natriuretic peptide signaling,1
5948,CYCLASE,Other,1,1,Natriuretic peptide signaling,1
5949,FAMILY,Other,1,1,Natriuretic peptide signaling,1
5950,THREE,Other,1,1,Natriuretic peptide signaling,1
5951,QKI6,Other,1,1,Natriuretic peptide signaling,1
5952,SLW,Other,1,1,Natriuretic peptide signaling,1
5953,ETB,Other,1,1,Natriuretic peptide signaling,1
5954,CNS4,Other,1,1,Natriuretic peptide signaling,1
5955,IVS1,Other,1,1,Natriuretic peptide signaling,1
5956,IVS2,Other,1,1,Natriuretic peptide signaling,1
5957,AFN,Other,1,1,Natriuretic peptide signaling,1
5958,HPII,Other,1,1,Natriuretic peptide signaling,1
5959,PDE10,Other,1,1,Natriuretic peptide signaling,1
5960,GABAC,Other,1,1,Natriuretic peptide signaling,1
5961,LOS,Other,1,1,Natriuretic peptide signaling,1
5962,ORN,Other,1,1,Natriuretic peptide signaling,1
5963,CRM1,Other,1,1,Natriuretic peptide signaling,1
5964,CRM3,Other,1,1,Natriuretic peptide signaling,1
5965,CRM4,Other,1,1,Natriuretic peptide signaling,1
5966,LHRH,Other,1,1,Natriuretic peptide signaling,1
5967,TPR,Other,1,1,Natriuretic peptide signaling,1
5968,PIV,Other,1,1,Natriuretic peptide signaling,1
5969,OGTT,Other,1,1,Natriuretic peptide signaling,1
5970,GSI,Other,1,1,Natriuretic peptide signaling,1
5971,RARRES1,Other,1,1,Natriuretic peptide signaling,1
5972,MVB12B,Other,1,1,Natriuretic peptide signaling,1
5973,GSK3A,Other,1,1,Natriuretic peptide signaling,1
5974,IIB,Other,1,1,Natriuretic peptide signaling,1
5975,ACTRIIB,Other,1,1,Natriuretic peptide signaling,1
5976,FWS,Other,1,1,Natriuretic peptide signaling,1
5977,SUPPORT,Other,1,1,Natriuretic peptide signaling,1
5978,OTUD5,Other,1,1,Natriuretic peptide signaling,1
5979,MTORC1,Other,1,1,Natriuretic peptide signaling,1
5980,NTRK,Other,1,1,Natriuretic peptide signaling,1
5981,RRM2,Other,1,1,Natriuretic peptide signaling,1
5982,COMP,Other,1,1,Natriuretic peptide signaling,1
5983,BRCA1,Other,1,1,Natriuretic peptide signaling,1
5984,THBS2,Other,1,1,Natriuretic peptide signaling,1
5985,BUB1,Other,1,1,Natriuretic peptide signaling,1
5986,GADD45,Other,1,1,Natriuretic peptide signaling,1
5987,AAS,Other,1,1,Natriuretic peptide signaling,1
5988,GSR,Other,1,1,Natriuretic peptide signaling,1
5989,CPK,Other,1,1,Natriuretic peptide signaling,1
5990,NHYA,Other,1,1,Natriuretic peptide signaling,1
5991,TOPCAT,Other,1,1,Natriuretic peptide signaling,1
5992,STELLAR,Other,1,1,Natriuretic peptide signaling,1
5993,UACR,Other,1,1,Natriuretic peptide signaling,1
5994,EDA2R,Other,1,1,Natriuretic peptide signaling,1
5995,WHF,Other,1,1,Natriuretic peptide signaling,1
5996,AG1,Other,1,1,Natriuretic peptide signaling,1
5997,TATE,Other,1,1,Natriuretic peptide signaling,1
5998,MAGGIC,Other,1,1,Natriuretic peptide signaling,1
5999,FBG,Other,1,1,Natriuretic peptide signaling,1
6000,TAN,Other,1,1,Natriuretic peptide signaling,1
6001,HATCH,Other,1,1,Natriuretic peptide signaling,1
6002,ABTS,Other,1,1,Natriuretic peptide signaling,1
6003,MCAD,Other,1,1,Natriuretic peptide signaling,1
6004,HCY,Other,1,1,Natriuretic peptide signaling,1
6005,IVSD,Other,1,1,Natriuretic peptide signaling,1
6006,SST2,Other,1,1,Natriuretic peptide signaling,1
6007,FAILURE,Other,1,1,Natriuretic peptide signaling,1
6008,CKMB,Other,1,1,Natriuretic peptide signaling,1
6009,FABP3,Other,1,1,Natriuretic peptide signaling,1
6010,GWTG,Other,1,1,Natriuretic peptide signaling,1
6011,HIJ,Other,1,1,Natriuretic peptide signaling,1
6012,DAPA,Other,1,1,Natriuretic peptide signaling,1
6013,VCM,Other,1,1,Natriuretic peptide signaling,1
6014,DESTINY,Other,1,1,Natriuretic peptide signaling,1
6015,AIIMS,Other,1,1,Natriuretic peptide signaling,1
6016,WFNS,Other,1,1,Natriuretic peptide signaling,1
6017,ECLIA,Other,1,1,Natriuretic peptide signaling,1
6018,PGIS,Other,1,1,Natriuretic peptide signaling,1
6019,SCGF,Other,1,1,Natriuretic peptide signaling,1
6020,TNFSF10,Other,1,1,Natriuretic peptide signaling,1
6021,CCL11,Other,1,1,Natriuretic peptide signaling,1
6022,APPLE,Other,1,1,Natriuretic peptide signaling,1
6023,CAAP,Other,1,1,Natriuretic peptide signaling,1
6024,LATER,Other,1,1,Natriuretic peptide signaling,1
6025,PREMIER,Other,1,1,Natriuretic peptide signaling,1
6026,PHFS,Other,1,1,Natriuretic peptide signaling,1
6027,AUPR,Other,1,1,Natriuretic peptide signaling,1
6028,DAS,Other,1,1,Natriuretic peptide signaling,1
6029,DAN,Other,1,1,Natriuretic peptide signaling,1
6030,SOX6,Other,1,1,Natriuretic peptide signaling,1
6031,AGTR1,Other,1,1,Natriuretic peptide signaling,1
6032,NDUFS2,Other,1,1,Natriuretic peptide signaling,1
6033,NDUFB10,Other,1,1,Natriuretic peptide signaling,1
6034,NPTX2,Other,1,1,Natriuretic peptide signaling,1
6035,AVKL,Other,1,1,Natriuretic peptide signaling,1
6036,DMSR,Other,1,1,Natriuretic peptide signaling,1
6037,SAPK,Other,1,1,Natriuretic peptide signaling,1
6038,MLK,Other,1,1,Natriuretic peptide signaling,1
6039,KGB,Other,1,1,Natriuretic peptide signaling,1
6040,GTR,Other,1,1,Natriuretic peptide signaling,1
6041,GLB,Other,1,1,Natriuretic peptide signaling,1
6042,FRPR,Other,1,1,Natriuretic peptide signaling,1
6043,PITX1,Other,1,1,Natriuretic peptide signaling,1
6044,ELT,Other,1,1,Natriuretic peptide signaling,1
6045,MXD,Other,1,1,Natriuretic peptide signaling,1
6046,MDL,Other,1,1,Natriuretic peptide signaling,1
6047,PQM,Other,1,1,Natriuretic peptide signaling,1
6048,ASG,Other,1,1,Natriuretic peptide signaling,1
6049,SLC6,Other,1,1,Natriuretic peptide signaling,1
6050,NHR,Other,1,1,Natriuretic peptide signaling,1
6051,EAT,Other,1,1,Natriuretic peptide signaling,1
6052,SARM,Other,1,1,Natriuretic peptide signaling,1
6053,RGBA,Other,1,1,Natriuretic peptide signaling,1
6054,SIR,Other,1,1,Natriuretic peptide signaling,1
6055,ATGL,Other,1,1,Natriuretic peptide signaling,1
6056,ATWLPPR,Other,1,1,Natriuretic peptide signaling,1
6057,CK3,Other,1,1,Natriuretic peptide signaling,1
6058,OP50,Other,1,1,Natriuretic peptide signaling,1
6059,SET,Other,1,1,Natriuretic peptide signaling,1
6060,YGGXX,Other,1,1,Natriuretic peptide signaling,1
6061,AIY,Other,1,1,Natriuretic peptide signaling,1
6062,AIZ,Other,1,1,Natriuretic peptide signaling,1
6063,HRE,Other,1,1,Natriuretic peptide signaling,1
6064,SIK,Other,1,1,Natriuretic peptide signaling,1
6065,MEF2,Other,1,1,Natriuretic peptide signaling,1
6066,DEVD,Other,1,1,Natriuretic peptide signaling,1
6067,TAPI,Other,1,1,Natriuretic peptide signaling,1
6068,PDFR,Other,1,1,Natriuretic peptide signaling,1
6069,AQR,Other,1,1,Natriuretic peptide signaling,1
6070,PQR,Other,1,1,Natriuretic peptide signaling,1
6071,HECT,Other,1,1,Natriuretic peptide signaling,1
6072,ADM22,Other,1,1,Natriuretic peptide signaling,1
6073,NPLA,Other,1,1,Natriuretic peptide signaling,1
6074,PDE1,Other,1,1,Natriuretic peptide signaling,1
6075,ADH5,Other,1,1,Natriuretic peptide signaling,1
6076,AM1,Other,1,1,Natriuretic peptide signaling,1
6077,CGRP1,Other,1,1,Natriuretic peptide signaling,1
6078,RXXS,Other,1,1,Natriuretic peptide signaling,1
6079,RRXS,Other,1,1,Natriuretic peptide signaling,1
6080,NOGC2,Other,1,1,Natriuretic peptide signaling,1
6081,PT1,Other,1,1,Natriuretic peptide signaling,1
6082,LGE,Other,1,1,Natriuretic peptide signaling,1
6083,NP3,Other,1,1,Natriuretic peptide signaling,1
6084,OLGC,Other,1,1,Natriuretic peptide signaling,1
6085,AUF1,Other,1,1,Natriuretic peptide signaling,1
6086,PAPA,Other,1,1,Natriuretic peptide signaling,1
6087,VIAGRA,Other,1,1,Natriuretic peptide signaling,1
6088,LEVITRA,Other,1,1,Natriuretic peptide signaling,1
6089,CIALIS,Other,1,1,Natriuretic peptide signaling,1
6090,NMMA,Other,1,1,Natriuretic peptide signaling,1
6091,ROSC,Other,1,1,Natriuretic peptide signaling,1
6092,GCH1,Other,1,1,Natriuretic peptide signaling,1
6093,ARG2,Other,1,1,Natriuretic peptide signaling,1
6094,NOSTRIN,Other,1,1,Natriuretic peptide signaling,1
6095,NOSIP,Other,1,1,Natriuretic peptide signaling,1
6096,RASD1,Other,1,1,Natriuretic peptide signaling,1
6097,DYNLL1,Other,1,1,Natriuretic peptide signaling,1
6098,DDAH2,Other,1,1,Natriuretic peptide signaling,1
6099,CYGB,Other,1,1,Natriuretic peptide signaling,1
6100,SYBR,Other,1,1,Natriuretic peptide signaling,1
6101,EBP,Other,1,1,Natriuretic peptide signaling,1
6102,IVST,Other,1,1,Natriuretic peptide signaling,1
6103,MACCE,Other,1,1,Natriuretic peptide signaling,1
6104,AWT,Other,1,1,Natriuretic peptide signaling,1
6105,REHAB,Other,1,1,Natriuretic peptide signaling,1
6106,SHOCK,Other,1,1,Natriuretic peptide signaling,1
6107,EFFECT,Other,1,1,Natriuretic peptide signaling,1
6108,LOW,Other,1,1,Natriuretic peptide signaling,1
6109,WEIGHT,Other,1,1,Natriuretic peptide signaling,1
6110,HEPARIN,Other,1,1,Natriuretic peptide signaling,1
6111,SODIUM,Other,1,1,Natriuretic peptide signaling,1
6112,ACUTE,Other,1,1,Natriuretic peptide signaling,1
6113,CHRONIC,Other,1,1,Natriuretic peptide signaling,1
6114,BALANCE,Other,1,1,Natriuretic peptide signaling,1
6115,BLOOD,Other,1,1,Natriuretic peptide signaling,1
6116,VESSELS,Other,1,1,Natriuretic peptide signaling,1
6117,OCEAN,Other,1,1,Natriuretic peptide signaling,1
6118,SAS9,Other,1,1,Natriuretic peptide signaling,1
6119,LVEDV,Other,1,1,Natriuretic peptide signaling,1
6120,LVESV,Other,1,1,Natriuretic peptide signaling,1
6121,LVESVI,Other,1,1,Natriuretic peptide signaling,1
6122,PFT,Other,1,1,Natriuretic peptide signaling,1
6123,FEV1,Other,1,1,Natriuretic peptide signaling,1
6124,MEF50,Other,1,1,Natriuretic peptide signaling,1
6125,MEF25,Other,1,1,Natriuretic peptide signaling,1
6126,MMEF75,Other,1,1,Natriuretic peptide signaling,1
6127,CRP0,Other,1,1,Natriuretic peptide signaling,1
6128,CHICTR,Other,1,1,Natriuretic peptide signaling,1
6129,MWD,Other,1,1,Natriuretic peptide signaling,1
6130,FHR,Other,1,1,Natriuretic peptide signaling,1
6131,BCS,Other,1,1,Natriuretic peptide signaling,1
6132,PGDM,Other,1,1,Natriuretic peptide signaling,1
6133,CSE,Other,1,1,Natriuretic peptide signaling,1
6134,HSP27,Other,1,1,Natriuretic peptide signaling,1
6135,HSP10,Other,1,1,Natriuretic peptide signaling,1
6136,NKCC2,Other,1,1,Natriuretic peptide signaling,1
6137,MAVA,Other,1,1,Natriuretic peptide signaling,1
6138,LTE,Other,1,1,Natriuretic peptide signaling,1
6139,LAA,Other,1,1,Natriuretic peptide signaling,1
6140,ND5,Other,1,1,Natriuretic peptide signaling,1
6141,ESD,Other,1,1,Natriuretic peptide signaling,1
6142,PRDM16,Other,1,1,Natriuretic peptide signaling,1
6143,OMT,Other,1,1,Natriuretic peptide signaling,1
6144,NHS,Other,1,1,Natriuretic peptide signaling,1
6145,FAC,Other,1,1,Natriuretic peptide signaling,1
6146,EDP,Other,1,1,Natriuretic peptide signaling,1
6147,NRF,Other,1,1,Natriuretic peptide signaling,1
6148,SDNN,Other,1,1,Natriuretic peptide signaling,1
6149,RMSSD,Other,1,1,Natriuretic peptide signaling,1
6150,TEMPO,Other,1,1,Natriuretic peptide signaling,1
6151,ARE,Other,1,1,Natriuretic peptide signaling,1
6152,ACE1,Other,1,1,Natriuretic peptide signaling,1
6153,LVPWT,Other,1,1,Natriuretic peptide signaling,1
6154,HRD,Other,1,1,Natriuretic peptide signaling,1
6155,HPCAL1,Other,1,1,Ultrasound neuromodulation mechanisms,1
6156,PPP3,Other,1,1,Ultrasound neuromodulation mechanisms,1
6157,DEAD,Other,1,1,Ultrasound neuromodulation mechanisms,1
6158,DDX3X,Other,1,1,Ultrasound neuromodulation mechanisms,1
6159,CAAX,Other,1,1,Ultrasound neuromodulation mechanisms,1
6160,RIT1,Other,1,1,Ultrasound neuromodulation mechanisms,1
6161,ANKRD11,Other,1,1,Ultrasound neuromodulation mechanisms,1
6162,ASXL,Other,1,1,Ultrasound neuromodulation mechanisms,1
6163,ASXL1,Other,1,1,Ultrasound neuromodulation mechanisms,1
6164,CCDC22,Other,1,1,Ultrasound neuromodulation mechanisms,1
6165,PDX1,Other,1,1,Ultrasound neuromodulation mechanisms,1
6166,CT26,Other,1,1,Ultrasound neuromodulation mechanisms,1
6167,VSCC,Other,1,1,Ultrasound neuromodulation mechanisms,1
6168,DXA,Other,1,1,Ultrasound neuromodulation mechanisms,1
6169,HFF,Other,1,1,Ultrasound neuromodulation mechanisms,1
6170,FNDC,Other,1,1,Ultrasound neuromodulation mechanisms,1
6171,GSIS,Other,1,1,Ultrasound neuromodulation mechanisms,1
6172,HFUMS,Other,1,1,Ultrasound neuromodulation mechanisms,1
6173,TOI,Other,1,1,Ultrasound neuromodulation mechanisms,1
6174,PDLSC,Other,1,1,Ultrasound neuromodulation mechanisms,1
6175,IMA,Other,1,1,Ultrasound neuromodulation mechanisms,1
6176,ISPPA,Other,1,1,Ultrasound neuromodulation mechanisms,1
6177,LITT,Other,1,1,Ultrasound neuromodulation mechanisms,1
6178,SEPIO,Other,1,1,Ultrasound neuromodulation mechanisms,1
6179,CDKN2A,Other,1,1,Ultrasound neuromodulation mechanisms,1
6180,PPC,Other,1,1,Ultrasound neuromodulation mechanisms,1
6181,PWH,Other,1,1,Ultrasound neuromodulation mechanisms,1
6182,CVL,Other,1,1,Ultrasound neuromodulation mechanisms,1
6183,LAG3,Other,1,1,Ultrasound neuromodulation mechanisms,1
6184,TNFSF13,Other,1,1,Ultrasound neuromodulation mechanisms,1
6185,PLPP2,Other,1,1,Ultrasound neuromodulation mechanisms,1
6186,KLF5,Other,1,1,Ultrasound neuromodulation mechanisms,1
6187,ISCAD,Other,1,1,Ultrasound neuromodulation mechanisms,1
6188,CATCH,Other,1,1,Ultrasound neuromodulation mechanisms,1
6189,TFAP2B,Other,1,1,Ultrasound neuromodulation mechanisms,1
6190,TUG,Other,1,1,Ultrasound neuromodulation mechanisms,1
6191,CRIS,Other,1,1,Ultrasound neuromodulation mechanisms,1
6192,DRKS,Other,1,1,Ultrasound neuromodulation mechanisms,1
6193,ABCD,Other,1,1,Ultrasound neuromodulation mechanisms,1
6194,CSEA,Other,1,1,Ultrasound neuromodulation mechanisms,1
6195,FWHM,Other,1,1,Ultrasound neuromodulation mechanisms,1
6196,APA,Other,1,1,Ultrasound neuromodulation mechanisms,1
6197,BRAEN,Other,1,1,Ultrasound neuromodulation mechanisms,1
6198,SPC,Other,1,1,Ultrasound neuromodulation mechanisms,1
6199,THINC,Other,1,1,Ultrasound neuromodulation mechanisms,1
6200,GRF,Other,1,1,Ultrasound neuromodulation mechanisms,1
6201,PRESS,Other,1,1,Ultrasound neuromodulation mechanisms,1
6202,YTH,Other,1,1,Ultrasound neuromodulation mechanisms,1
6203,ASL,Other,1,1,Ultrasound neuromodulation mechanisms,1
6204,LEVEL,Other,1,1,Ultrasound neuromodulation mechanisms,1
6205,IPG,Other,1,1,Ultrasound neuromodulation mechanisms,1
6206,PCN,Other,1,1,Ultrasound neuromodulation mechanisms,1
6207,PUT,Other,1,1,Ultrasound neuromodulation mechanisms,1
6208,SOG,Other,1,1,Ultrasound neuromodulation mechanisms,1
6209,SLS,Other,1,1,Ultrasound neuromodulation mechanisms,1
6210,BPRS,Other,1,1,Ultrasound neuromodulation mechanisms,1
6211,IC22,Other,1,1,Ultrasound neuromodulation mechanisms,1
6212,IC25,Other,1,1,Ultrasound neuromodulation mechanisms,1
6213,IC1,Other,1,1,Ultrasound neuromodulation mechanisms,1
6214,NHANES,Other,1,1,Ultrasound neuromodulation mechanisms,1
6215,GAZ,Other,1,1,Ultrasound neuromodulation mechanisms,1
6216,ITO,Other,1,1,Ultrasound neuromodulation mechanisms,1
6217,LBF,Other,1,1,Ultrasound neuromodulation mechanisms,1
6218,USB,Other,1,1,Ultrasound neuromodulation mechanisms,1
6219,MOSFETS,Other,1,1,Ultrasound neuromodulation mechanisms,1
6220,MPR,Other,1,1,Ultrasound neuromodulation mechanisms,1
6221,SR1,Other,1,1,Ultrasound neuromodulation mechanisms,1
6222,RGS16,Other,1,1,Ultrasound neuromodulation mechanisms,1
6223,EUA,Other,1,1,Ultrasound neuromodulation mechanisms,1
6224,IWP2,Other,1,1,Ultrasound neuromodulation mechanisms,1
6225,TAF15,Other,1,1,Ultrasound neuromodulation mechanisms,1
6226,IGDCC3,Other,1,1,Ultrasound neuromodulation mechanisms,1
6227,MDM2,Other,1,1,Ultrasound neuromodulation mechanisms,1
6228,TOMA1,Other,1,1,Ultrasound neuromodulation mechanisms,1
6229,TAR,Other,1,1,Ultrasound neuromodulation mechanisms,1
6230,PLINK,Other,1,1,Ultrasound neuromodulation mechanisms,1
6231,CRABP1,Other,1,1,Ultrasound neuromodulation mechanisms,1
6232,CRAPBP1,Other,1,1,Ultrasound neuromodulation mechanisms,1
6233,OEF,Other,1,1,Ultrasound neuromodulation mechanisms,1
6234,OIF,Other,1,1,Ultrasound neuromodulation mechanisms,1
6235,BBS,Other,1,1,Ultrasound neuromodulation mechanisms,1
6236,CCR,Other,1,1,Ultrasound neuromodulation mechanisms,1
6237,IGL,Other,1,1,Ultrasound neuromodulation mechanisms,1
6238,PUR,Other,1,1,Ultrasound neuromodulation mechanisms,1
6239,PP1A,Other,1,1,Ultrasound neuromodulation mechanisms,1
6240,LATS1,Other,1,1,Ultrasound neuromodulation mechanisms,1
6241,PMSF,Other,1,1,Ultrasound neuromodulation mechanisms,1
6242,INSIG1,Other,1,1,Ultrasound neuromodulation mechanisms,1
6243,GBA,Other,1,1,Ultrasound neuromodulation mechanisms,1
6244,SFRP1,Other,1,1,Ultrasound neuromodulation mechanisms,1
6245,ELN,Other,1,1,Ultrasound neuromodulation mechanisms,1
6246,ACSL3,Other,1,1,Ultrasound neuromodulation mechanisms,1
6247,ACADM,Other,1,1,Ultrasound neuromodulation mechanisms,1
6248,VDAC2,Other,1,1,Ultrasound neuromodulation mechanisms,1
6249,KNG1,Other,1,1,Ultrasound neuromodulation mechanisms,1
6250,KCASH1,Other,1,1,Ultrasound neuromodulation mechanisms,1
6251,GV24,Other,1,1,Ultrasound neuromodulation mechanisms,1
6252,GV14,Other,1,1,Ultrasound neuromodulation mechanisms,1
6253,HPI1,Other,1,1,Ultrasound neuromodulation mechanisms,1
6254,EHD1,Other,1,1,Ultrasound neuromodulation mechanisms,1
6255,FGF15,Other,1,1,Ultrasound neuromodulation mechanisms,1
6256,CSTC,Other,1,1,Ultrasound neuromodulation mechanisms,1
6257,GATA2,Other,1,1,Ultrasound neuromodulation mechanisms,1
6258,GATA3,Other,1,1,Ultrasound neuromodulation mechanisms,1
6259,RPC,Other,1,1,Ultrasound neuromodulation mechanisms,1
6260,TON,Other,1,1,Ultrasound neuromodulation mechanisms,1
6261,IOT,Other,1,1,Ultrasound neuromodulation mechanisms,1
6262,EAG,Other,1,1,Ultrasound neuromodulation mechanisms,1
6263,ZLS1,Other,1,1,Ultrasound neuromodulation mechanisms,1
6264,TMBTS,Other,1,1,Ultrasound neuromodulation mechanisms,1
6265,ORP2,Other,1,1,Ultrasound neuromodulation mechanisms,1
6266,DFNA67,Other,1,1,Ultrasound neuromodulation mechanisms,1
6267,INPP5E,Other,1,1,Ultrasound neuromodulation mechanisms,1
6268,GL13,Other,1,1,Ultrasound neuromodulation mechanisms,1
6269,NFI,Other,1,1,Ultrasound neuromodulation mechanisms,1
6270,CYC,Other,1,1,Ultrasound neuromodulation mechanisms,1
6271,PVA,Other,1,1,Ultrasound neuromodulation mechanisms,1
6272,FOP,Other,1,1,Ultrasound neuromodulation mechanisms,1
6273,HLH,Other,1,1,Ultrasound neuromodulation mechanisms,1
6274,HB9,Other,1,1,Ultrasound neuromodulation mechanisms,1
6275,MRP,Other,1,1,Ultrasound neuromodulation mechanisms,1
6276,POZ,Other,1,1,Ultrasound neuromodulation mechanisms,1
6277,SIS3,Other,1,1,Ultrasound neuromodulation mechanisms,1
6278,STIL,Other,1,1,Ultrasound neuromodulation mechanisms,1
6279,SCL,Other,1,1,Ultrasound neuromodulation mechanisms,1
6280,TALPID3,Other,1,1,Ultrasound neuromodulation mechanisms,1
6281,ICR,Other,1,1,Ultrasound neuromodulation mechanisms,1
6282,CRNDE,Other,1,1,Ultrasound neuromodulation mechanisms,1
6283,CPV,Other,1,1,Ultrasound neuromodulation mechanisms,1
6284,HYDRA,Other,1,1,Ultrasound neuromodulation mechanisms,1
6285,PSF,Other,1,1,Ultrasound neuromodulation mechanisms,1
6286,NODDI,Other,1,1,Ultrasound neuromodulation mechanisms,1
6287,ABIDE,Other,1,1,Ultrasound neuromodulation mechanisms,1
6288,ACSA,Other,1,1,Ultrasound neuromodulation mechanisms,1
6289,RSA,Other,1,1,Ultrasound neuromodulation mechanisms,1
6290,CONTROL,Other,1,1,Ultrasound neuromodulation mechanisms,1
6291,MWI,Other,1,1,Ultrasound neuromodulation mechanisms,1
6292,MWF,Other,1,1,Ultrasound neuromodulation mechanisms,1
6293,AARG,Other,1,1,Ultrasound neuromodulation mechanisms,1
6294,PI19,Other,1,1,Ultrasound neuromodulation mechanisms,1
6295,LCF,Other,1,1,Ultrasound neuromodulation mechanisms,1
6296,GN17,Other,1,1,Ultrasound neuromodulation mechanisms,1
6297,MDG,Other,1,1,Ultrasound neuromodulation mechanisms,1
6298,ECTRIMS,Other,1,1,Ultrasound neuromodulation mechanisms,1
6299,LECL,Other,1,1,Ultrasound neuromodulation mechanisms,1
6300,NQO1,Other,1,1,Ultrasound neuromodulation mechanisms,1
6301,CD99,Other,1,1,Ultrasound neuromodulation mechanisms,1
6302,FCDII,Other,1,1,Ultrasound neuromodulation mechanisms,1
6303,FSD2,Other,1,1,Ultrasound neuromodulation mechanisms,1
6304,SHG,Other,1,1,Ultrasound neuromodulation mechanisms,1
6305,AT8,Other,1,1,Ultrasound neuromodulation mechanisms,1
6306,VGF,Other,1,1,Ultrasound neuromodulation mechanisms,1
6307,PVRL,Other,1,1,Ultrasound neuromodulation mechanisms,1
6308,IPI,Other,1,1,Ultrasound neuromodulation mechanisms,1
6309,MYD88,Other,1,1,Ultrasound neuromodulation mechanisms,1
6310,CD79B,Other,1,1,Ultrasound neuromodulation mechanisms,1
6311,CD19,Other,1,1,Ultrasound neuromodulation mechanisms,1
6312,NCCN,Other,1,1,Ultrasound neuromodulation mechanisms,1
6313,ESMO,Other,1,1,Ultrasound neuromodulation mechanisms,1
6314,FEPPA,Other,1,1,Ultrasound neuromodulation mechanisms,1
6315,NMDAR2A,Other,1,1,Ultrasound neuromodulation mechanisms,1
6316,GSDME,Other,1,1,Ultrasound neuromodulation mechanisms,1
6317,CRYAB,Other,1,1,Ultrasound neuromodulation mechanisms,1
6318,OGA,Other,1,1,Ultrasound neuromodulation mechanisms,1
6319,DPE,Other,1,1,Ultrasound neuromodulation mechanisms,1
6320,VLIUS,Other,1,1,Ultrasound neuromodulation mechanisms,1
6321,RNFL,Other,1,1,Ultrasound neuromodulation mechanisms,1
6322,EDSS,Other,1,1,Ultrasound neuromodulation mechanisms,1
6323,PMOD,Other,1,1,Ultrasound neuromodulation mechanisms,1
6324,NMTS,Other,1,1,Ultrasound neuromodulation mechanisms,1
6325,CALR,Other,1,1,Ultrasound neuromodulation mechanisms,1
6326,STC1,Other,1,1,Ultrasound neuromodulation mechanisms,1
6327,INPP4B,Other,1,1,Ultrasound neuromodulation mechanisms,1
6328,PIRA,Other,1,1,Ultrasound neuromodulation mechanisms,1
6329,DMV,Other,1,1,Ultrasound neuromodulation mechanisms,1
6330,PBB3,Other,1,1,Ultrasound neuromodulation mechanisms,1
6331,MYV,Other,1,1,Ultrasound neuromodulation mechanisms,1
6332,SMART,Other,1,1,Ultrasound neuromodulation mechanisms,1
6333,BCNI,Other,1,1,Ultrasound neuromodulation mechanisms,1
